 [ID0] VXQ25_FUT_CFE[M]  1 Min  #4			Formula Source Sheet #4.  Enter and modify formulas for this sheet on Sheet4
Date Time	[ID0.SG1] Open	[ID0.SG2] High	[ID0.SG3] Low	[ID0.SG4] Last	[ID0.SG5] Volume	[ID0.SG6] # of Trades				K	L	M	N	O	P	Q	R	S	T	U	V	W	X	Y	Z
2025-08-19  16:00:00	15.55	15.60	15.52	15.55	243	59
2025-08-19  15:59:00	15.60	15.65	15.55	15.56	2364	536
2025-08-19  15:58:00	15.55	15.61	15.55	15.60	628	167
2025-08-19  15:57:00	15.57	15.60	15.55	15.55	437	125
2025-08-19  15:56:00	15.60	15.60	15.55	15.55	224	69
2025-08-19  15:55:00	15.63	15.65	15.55	15.55	262	72
2025-08-19  15:54:00	15.63	15.65	15.60	15.60	115	52
2025-08-19  15:53:00	15.60	15.65	15.58	15.60	203	47
2025-08-19  15:52:00	15.60	15.65	15.60	15.60	276	79
2025-08-19  15:51:00	15.60	15.65	15.60	15.60	205	82		Bid (read-only):	0
2025-08-19  15:50:00	15.60	15.64	15.55	15.61	311	125		Bid Size (read-only):	0
2025-08-19  15:49:00	15.60	15.65	15.55	15.55	351	222		Ask (read-only):	0
2025-08-19  15:48:00	15.60	15.65	15.60	15.61	63	25		Ask Size (read-only):	0
2025-08-19  15:47:00	15.59	15.65	15.55	15.60	258	61		Daily Open (read-only):	0
2025-08-19  15:46:00	15.55	15.60	15.55	15.59	48	15		Daily High (read-only):	0
2025-08-19  15:45:00	15.60	15.60	15.55	15.59	43	14		Daily Low (read-only):	0
2025-08-19  15:44:00	15.59	15.60	15.55	15.58	215	67		Daily Price Change (read-only):	0
2025-08-19  15:43:00	15.60	15.65	15.58	15.58	151	49		Daily Volume (read-only):	0
2025-08-19  15:42:00	15.60	15.65	15.60	15.65	60	25		Tick Size (read-only):	0.05000000074505806
2025-08-19  15:41:00	15.60	15.62	15.60	15.62	66	23
2025-08-19  15:40:00	15.65	15.65	15.55	15.55	97	33
2025-08-19  15:39:00	15.62	15.65	15.62	15.62	49	18
2025-08-19  15:38:00	15.65	15.65	15.61	15.62	59	34
2025-08-19  15:37:00	15.61	15.65	15.60	15.60	44	24
2025-08-19  15:36:00	15.60	15.65	15.55	15.61	62	28
2025-08-19  15:35:00	15.56	15.60	15.55	15.55	17	6
2025-08-19  15:34:00	15.59	15.60	15.55	15.55	103	30
2025-08-19  15:33:00	15.61	15.61	15.55	15.60	257	89		Number of Rows (read-only):	1000
2025-08-19  15:32:00	15.65	15.65	15.60	15.60	127	30
2025-08-19  15:31:00	15.60	15.65	15.60	15.61	55	17
2025-08-19  15:30:00	15.63	15.66	15.61	15.65	159	57
2025-08-19  15:29:00	15.65	15.65	15.60	15.64	147	37
2025-08-19  15:28:00	15.65	15.66	15.63	15.63	57	30
2025-08-19  15:27:00	15.65	15.70	15.63	15.65	118	57		Seconds Per Bar - Intraday (read-only):	60
2025-08-19  15:26:00	15.66	15.70	15.65	15.66	163	63		Number of Trades Per Bar - Intraday (read-only):	0
2025-08-19  15:25:00	15.60	15.68	15.60	15.66	298	119		Volume Per Bar - Intraday (read-only):	0
2025-08-19  15:24:00	15.63	15.65	15.60	15.63	208	60		Range in Ticks - Intraday (read-only):	0
2025-08-19  15:23:00	15.64	15.65	15.60	15.60	223	50		Symbol (read-only):	VXQ25_FUT_CFE
2025-08-19  15:22:00	15.61	15.65	15.60	15.60	66	18		Last Bar End DateTime (read-only):	2025-08-19  16:00:00
2025-08-19  15:21:00	15.68	15.68	15.60	15.60	132	42
2025-08-19  15:20:00	15.68	15.73	15.65	15.67	110	52
2025-08-19  15:19:00	15.70	15.73	15.65	15.65	236	50
2025-08-19  15:18:00	15.70	15.75	15.70	15.73	133	56
2025-08-19  15:17:00	15.69	15.72	15.65	15.72	108	37
2025-08-19  15:16:00	15.66	15.70	15.65	15.69	41	27
2025-08-19  15:15:00	15.69	15.70	15.65	15.70	11	8
2025-08-19  15:14:00	15.68	15.70	15.65	15.65	85	32
2025-08-19  15:13:00	15.65	15.69	15.65	15.65	118	31
2025-08-19  15:12:00	15.66	15.70	15.65	15.65	41	21
2025-08-19  15:11:00	15.65	15.67	15.60	15.65	64	40
2025-08-19  15:10:00	15.70	15.70	15.65	15.67	38	21
2025-08-19  15:09:00	15.65	15.66	15.60	15.65	107	33
2025-08-19  15:08:00	15.70	15.70	15.65	15.65	91	37
2025-08-19  15:07:00	15.70	15.70	15.65	15.69	44	24		Currency Value Per Tick (read-only):	50
2025-08-19  15:06:00	15.65	15.70	15.65	15.69	68	38		Connected to Data Feed (read-only):	1
2025-08-19  15:05:00	15.67	15.70	15.65	15.66	74	29
2025-08-19  15:04:00	15.70	15.70	15.65	15.65	42	30
2025-08-19  15:03:00	15.67	15.68	15.65	15.67	56	40
2025-08-19  15:02:00	15.68	15.70	15.65	15.67	46	31
2025-08-19  15:01:00	15.60	15.70	15.60	15.67	108	50
2025-08-19  15:00:00	15.60	15.70	15.60	15.65	98	51
2025-08-19  14:59:00	15.58	15.65	15.58	15.61	91	27
2025-08-19  14:58:00	15.61	15.65	15.58	15.59	97	36
2025-08-19  14:57:00	15.61	15.65	15.60	15.65	106	40
2025-08-19  14:56:00	15.61	15.65	15.61	15.65	23	16
2025-08-19  14:55:00	15.61	15.65	15.61	15.63	61	21
2025-08-19  14:54:00	15.60	15.60	15.60	15.60	94	15
2025-08-19  14:53:00	15.61	15.61	15.60	15.61	199	57
2025-08-19  14:52:00	15.64	15.65	15.61	15.61	36	19
2025-08-19  14:51:00	15.65	15.65	15.60	15.60	27	19
2025-08-19  14:50:00	15.60	15.65	15.60	15.64	74	24
2025-08-19  14:49:00	15.64	15.65	15.60	15.63	17	10
2025-08-19  14:48:00	15.62	15.65	15.60	15.64	95	32		Chart Start Time (read-only):	09:30:00
2025-08-19  14:47:00	15.61	15.65	15.61	15.65	34	9		Chart End Time (read-only):	16:00:00
2025-08-19  14:46:00	15.61	15.61	15.60	15.60	8	4		Number of Bars (read-only):	8128
2025-08-19  14:45:00	15.61	15.65	15.58	15.61	225	85
2025-08-19  14:44:00	15.70	15.70	15.61	15.61	32	14
2025-08-19  14:43:00	15.59	15.65	15.58	15.65	166	40
2025-08-19  14:42:00	15.60	15.61	15.58	15.58	41	16
2025-08-19  14:41:00	15.59	15.60	15.59	15.60	11	7
2025-08-19  14:40:00	15.65	15.65	15.60	15.60	70	27
2025-08-19  14:39:00	15.65	15.70	15.65	15.66	8	7
2025-08-19  14:38:00	15.65	15.68	15.64	15.66	237	41
2025-08-19  14:37:00	15.64	15.68	15.64	15.67	77	42
2025-08-19  14:36:00	15.65	15.65	15.61	15.63	40	16
2025-08-19  14:35:00	15.60	15.65	15.59	15.65	39	18
2025-08-19  14:34:00	15.59	15.65	15.59	15.61	46	22
2025-08-19  14:33:00	15.57	15.60	15.57	15.59	20	16
2025-08-19  14:32:00	15.55	15.62	15.55	15.55	63	29		Chart Number (read-only):	4
2025-08-19  14:31:00	15.60	15.60	15.57	15.60	6	4		Trade Account (read-only):	NewTestAccount1234
2025-08-19  14:30:00	15.60	15.60	15.56	15.60	63	26		Last Working Entry Order Date-Time (read-only):
2025-08-19  14:29:00	15.57	15.60	15.55	15.60	40	17		Last Working Entry Order Price (read-only):
2025-08-19  14:28:00	15.60	15.60	15.58	15.60	11	7		Last Working Exit Order Date-Time (read-only):
2025-08-19  14:27:00	15.57	15.62	15.57	15.62	22	10		Last Working Exit Order Price (read-only):
2025-08-19  14:26:00	15.55	15.60	15.55	15.57	16	11		Bar Period Type (read-only):	0
2025-08-19  14:25:00	15.60	15.60	15.55	15.55	25	18		Bar Parameter 1 (read-only):	60
2025-08-19  14:24:00	15.63	15.63	15.57	15.60	174	69		Bar Parameter 2 (read-only):	0
2025-08-19  14:23:00	15.61	15.65	15.61	15.65	6	4		Bar Parameter 3 (read-only):	0
2025-08-19  14:22:00	15.60	15.62	15.60	15.62	132	35		Bar Parameter 4 (read-only):	0
2025-08-19  14:21:00	15.60	15.61	15.59	15.59	112	43		Order Text Tag (write-only):
2025-08-19  14:20:00	15.56	15.60	15.56	15.60	19	14		All Symbols Daily Net Profit/Loss (read-only):
2025-08-19  14:19:00	15.56	15.56	15.56	15.56	6	5		All Symbols Cumulative Net Profit/Loss (read-only):
2025-08-19  14:18:00	15.56	15.56	15.55	15.56	59	20		All Symbols Cumulative Profit/Loss (read-only):
2025-08-19  14:17:00	15.54	15.60	15.53	15.60	26	18		Use Order Fill Calculated Position (read-only):	0
2025-08-19  14:16:00	15.51	15.55	15.51	15.54	11	8
2025-08-19  14:15:00	15.54	15.55	15.54	15.54	12	11
2025-08-19  14:14:00	15.54	15.56	15.52	15.55	25	11
2025-08-19  14:13:00	15.50	15.55	15.50	15.50	7	5
2025-08-19  14:12:00	15.49	15.50	15.45	15.49	112	51
2025-08-19  14:11:00	15.49	15.49	15.46	15.49	7	4
2025-08-19  14:10:00	15.43	15.46	15.40	15.46	244	54
2025-08-19  14:09:00	15.44	15.45	15.43	15.43	58	22
2025-08-19  14:08:00	15.50	15.50	15.43	15.43	80	45
2025-08-19  14:07:00	15.45	15.48	15.44	15.48	87	43
2025-08-19  14:06:00	15.45	15.50	15.45	15.49	42	24
2025-08-19  14:05:00	15.50	15.50	15.45	15.48	18	11
2025-08-19  14:04:00	15.50	15.55	15.45	15.45	200	80
2025-08-19  14:03:00	15.45	15.50	15.43	15.50	247	86
2025-08-19  14:02:00	15.40	15.47	15.40	15.47	138	49
2025-08-19  14:01:00	15.40	15.45	15.40	15.45	292	84
2025-08-19  14:00:00	15.40	15.40	15.35	15.36	156	35
2025-08-19  13:59:00	15.35	15.40	15.35	15.40	20	11
2025-08-19  13:58:00	15.45	15.45	15.35	15.35	131	37
2025-08-19  13:57:00	15.42	15.42	15.40	15.42	4	3
2025-08-19  13:56:00	15.45	15.45	15.40	15.45	13	9
2025-08-19  13:55:00	15.43	15.43	15.40	15.42	5	3
2025-08-19  13:54:00	15.45	15.45	15.40	15.40	61	22
2025-08-19  13:53:00	15.42	15.45	15.42	15.45	17	12
2025-08-19  13:52:00	15.42	15.45	15.42	15.45	110	40
2025-08-19  13:51:00	15.43	15.43	15.40	15.42	10	7
2025-08-19  13:50:00	15.45	15.45	15.42	15.42	6	4
2025-08-19  13:49:00	15.43	15.45	15.42	15.42	72	34
2025-08-19  13:48:00	15.42	15.45	15.40	15.40	11	6
2025-08-19  13:47:00	15.45	15.48	15.42	15.45	113	42
2025-08-19  13:46:00	15.45	15.50	15.40	15.50	274	89
2025-08-19  13:45:00	15.45	15.45	15.40	15.43	14	11
2025-08-19  13:44:00	15.42	15.43	15.40	15.42	9	6
2025-08-19  13:43:00	15.45	15.45	15.42	15.45	39	6
2025-08-19  13:42:00	15.45	15.45	15.42	15.42	63	30
2025-08-19  13:41:00	15.43	15.45	15.43	15.45	2	2
2025-08-19  13:40:00	15.43	15.43	15.42	15.42	80	23
2025-08-19  13:39:00	15.40	15.43	15.39	15.43	99	29
2025-08-19  13:38:00	15.45	15.46	15.35	15.40	384	102
2025-08-19  13:37:00	15.48	15.50	15.45	15.50	14	11
2025-08-19  13:36:00	15.48	15.50	15.45	15.50	7	7
2025-08-19  13:35:00	15.45	15.50	15.45	15.45	39	18
2025-08-19  13:34:00	15.45	15.50	15.45	15.48	46	13
2025-08-19  13:33:00	15.48	15.49	15.48	15.48	11	9
2025-08-19  13:32:00	15.49	15.49	15.48	15.49	8	5
2025-08-19  13:31:00	15.50	15.51	15.48	15.48	117	27
2025-08-19  13:30:00	15.51	15.51	15.50	15.51	74	24
2025-08-19  13:29:00	15.49	15.51	15.45	15.51	42	26
2025-08-19  13:28:00	15.50	15.50	15.45	15.49	80	25
2025-08-19  13:27:00	15.51	15.55	15.50	15.51	70	26
2025-08-19  13:26:00	15.54	15.55	15.54	15.54	9	6
2025-08-19  13:25:00	15.55	15.56	15.54	15.54	33	13
2025-08-19  13:24:00	15.51	15.58	15.51	15.56	216	90
2025-08-19  13:23:00	15.50	15.52	15.48	15.51	430	71
2025-08-19  13:22:00	15.59	15.59	15.48	15.49	903	201
2025-08-19  13:21:00	15.60	15.60	15.59	15.59	43	16
2025-08-19  13:20:00	15.64	15.64	15.58	15.61	234	51
2025-08-19  13:19:00	15.68	15.70	15.60	15.60	83	41
2025-08-19  13:18:00	15.64	15.67	15.60	15.67	146	58
2025-08-19  13:17:00	15.64	15.65	15.60	15.60	7	6
2025-08-19  13:16:00	15.62	15.62	15.59	15.62	69	34
2025-08-19  13:15:00	15.59	15.65	15.55	15.61	67	35
2025-08-19  13:14:00	15.62	15.62	15.55	15.58	251	66
2025-08-19  13:13:00	15.68	15.68	15.60	15.65	54	30
2025-08-19  13:12:00	15.74	15.75	15.68	15.68	206	79
2025-08-19  13:11:00	15.74	15.75	15.70	15.70	93	41
2025-08-19  13:10:00	15.73	15.74	15.65	15.74	133	57
2025-08-19  13:09:00	15.75	15.80	15.73	15.73	118	37
2025-08-19  13:08:00	15.73	15.73	15.65	15.73	443	174
2025-08-19  13:07:00	15.73	15.80	15.73	15.75	325	106
2025-08-19  13:06:00	15.70	15.75	15.70	15.73	38	23
2025-08-19  13:05:00	15.70	15.75	15.65	15.73	385	140
2025-08-19  13:04:00	15.69	15.72	15.65	15.70	360	122
2025-08-19  13:03:00	15.64	15.66	15.64	15.65	28	18
2025-08-19  13:02:00	15.65	15.67	15.64	15.65	125	62
2025-08-19  13:01:00	15.63	15.70	15.60	15.66	60	38
2025-08-19  13:00:00	15.60	15.65	15.57	15.63	128	45
2025-08-19  12:59:00	15.60	15.65	15.58	15.58	175	64
2025-08-19  12:58:00	15.60	15.60	15.56	15.58	163	51
2025-08-19  12:57:00	15.64	15.65	15.56	15.60	545	144
2025-08-19  12:56:00	15.64	15.66	15.63	15.64	240	65
2025-08-19  12:55:00	15.60	15.65	15.60	15.65	334	69
2025-08-19  12:54:00	15.63	15.65	15.63	15.65	258	82
2025-08-19  12:53:00	15.60	15.60	15.55	15.60	91	45
2025-08-19  12:52:00	15.63	15.64	15.63	15.63	43	19
2025-08-19  12:51:00	15.65	15.66	15.63	15.65	228	73
2025-08-19  12:50:00	15.68	15.70	15.63	15.65	202	91
2025-08-19  12:49:00	15.65	15.68	15.62	15.65	243	93
2025-08-19  12:48:00	15.69	15.70	15.63	15.65	154	40
2025-08-19  12:47:00	15.68	15.69	15.60	15.67	215	66
2025-08-19  12:46:00	15.73	15.75	15.68	15.68	197	65
2025-08-19  12:45:00	15.65	15.73	15.65	15.73	115	41
2025-08-19  12:44:00	15.63	15.68	15.63	15.65	207	108
2025-08-19  12:43:00	15.60	15.65	15.60	15.65	130	45
2025-08-19  12:42:00	15.63	15.65	15.60	15.60	156	64
2025-08-19  12:41:00	15.62	15.63	15.60	15.60	205	61
2025-08-19  12:40:00	15.53	15.62	15.53	15.62	305	122
2025-08-19  12:39:00	15.48	15.54	15.47	15.54	49	28
2025-08-19  12:38:00	15.47	15.47	15.44	15.47	159	30
2025-08-19  12:37:00	15.44	15.46	15.40	15.45	102	37
2025-08-19  12:36:00	15.44	15.46	15.44	15.45	32	12
2025-08-19  12:35:00	15.46	15.46	15.42	15.42	63	30
2025-08-19  12:34:00	15.50	15.53	15.47	15.50	102	46
2025-08-19  12:33:00	15.53	15.53	15.50	15.50	70	21
2025-08-19  12:32:00	15.53	15.53	15.50	15.50	82	36
2025-08-19  12:31:00	15.50	15.52	15.50	15.52	49	27
2025-08-19  12:30:00	15.50	15.50	15.45	15.48	41	19
2025-08-19  12:29:00	15.47	15.55	15.45	15.50	87	38
2025-08-19  12:28:00	15.50	15.50	15.45	15.47	10	7
2025-08-19  12:27:00	15.44	15.50	15.43	15.50	271	58
2025-08-19  12:26:00	15.39	15.46	15.39	15.45	38	22
2025-08-19  12:25:00	15.40	15.45	15.38	15.40	34	24
2025-08-19  12:24:00	15.40	15.45	15.40	15.45	24	14
2025-08-19  12:23:00	15.43	15.43	15.35	15.40	152	52
2025-08-19  12:22:00	15.44	15.44	15.40	15.43	34	18
2025-08-19  12:21:00	15.43	15.44	15.43	15.44	5	4
2025-08-19  12:20:00	15.44	15.45	15.43	15.43	105	68
2025-08-19  12:19:00	15.45	15.45	15.44	15.45	126	84
2025-08-19  12:18:00	15.48	15.50	15.40	15.40	161	42
2025-08-19  12:17:00	15.47	15.50	15.45	15.50	66	23
2025-08-19  12:16:00	15.50	15.52	15.45	15.45	123	56
2025-08-19  12:15:00	15.58	15.58	15.48	15.49	90	50
2025-08-19  12:14:00	15.58	15.58	15.55	15.57	49	23
2025-08-19  12:13:00	15.50	15.57	15.50	15.56	129	70
2025-08-19  12:12:00	15.52	15.55	15.50	15.55	21	20
2025-08-19  12:11:00	15.49	15.52	15.49	15.52	29	20
2025-08-19  12:10:00	15.45	15.52	15.45	15.49	227	95
2025-08-19  12:09:00	15.48	15.50	15.45	15.47	51	15
2025-08-19  12:08:00	15.48	15.48	15.45	15.47	51	28
2025-08-19  12:07:00	15.39	15.50	15.38	15.50	73	40
2025-08-19  12:06:00	15.40	15.42	15.39	15.39	117	70
2025-08-19  12:05:00	15.39	15.42	15.35	15.42	13	12
2025-08-19  12:04:00	15.38	15.40	15.35	15.40	60	50
2025-08-19  12:03:00	15.38	15.40	15.35	15.35	10	10
2025-08-19  12:02:00	15.35	15.39	15.33	15.38	39	30
2025-08-19  12:01:00	15.35	15.39	15.34	15.39	108	51
2025-08-19  12:00:00	15.39	15.40	15.35	15.35	36	20
2025-08-19  11:59:00	15.43	15.43	15.38	15.40	96	70
2025-08-19  11:58:00	15.37	15.45	15.37	15.45	83	35
2025-08-19  11:57:00	15.35	15.37	15.35	15.37	7	6
2025-08-19  11:56:00	15.44	15.45	15.34	15.35	612	213
2025-08-19  11:55:00	15.44	15.45	15.40	15.44	30	24
2025-08-19  11:54:00	15.40	15.45	15.38	15.44	87	34
2025-08-19  11:53:00	15.39	15.44	15.35	15.44	133	38
2025-08-19  11:52:00	15.41	15.42	15.38	15.39	133	57
2025-08-19  11:51:00	15.39	15.41	15.37	15.40	60	33
2025-08-19  11:50:00	15.34	15.40	15.34	15.35	71	38
2025-08-19  11:49:00	15.30	15.34	15.30	15.34	28	12
2025-08-19  11:48:00	15.34	15.34	15.28	15.30	117	51
2025-08-19  11:47:00	15.29	15.35	15.28	15.35	69	41
2025-08-19  11:46:00	15.28	15.31	15.25	15.30	151	54
2025-08-19  11:45:00	15.28	15.30	15.28	15.30	9	6
2025-08-19  11:44:00	15.28	15.28	15.27	15.27	13	10
2025-08-19  11:43:00	15.27	15.28	15.25	15.28	7	6
2025-08-19  11:42:00	15.33	15.33	15.27	15.27	48	29
2025-08-19  11:41:00	15.25	15.33	15.25	15.33	42	23
2025-08-19  11:40:00	15.25	15.26	15.24	15.25	418	101
2025-08-19  11:39:00	15.21	15.25	15.21	15.24	46	27
2025-08-19  11:38:00	15.25	15.25	15.21	15.21	9	8
2025-08-19  11:37:00	15.21	15.25	15.21	15.21	13	9
2025-08-19  11:36:00	15.20	15.24	15.19	15.24	85	39
2025-08-19  11:35:00	15.19	15.20	15.15	15.19	14	10
2025-08-19  11:34:00	15.21	15.21	15.16	15.16	33	24
2025-08-19  11:33:00	15.21	15.21	15.20	15.21	110	42
2025-08-19  11:32:00	15.20	15.21	15.18	15.21	116	45
2025-08-19  11:31:00	15.20	15.25	15.20	15.20	114	43
2025-08-19  11:30:00	15.23	15.25	15.20	15.23	100	44
2025-08-19  11:29:00	15.26	15.26	15.23	15.23	104	45
2025-08-19  11:28:00	15.29	15.30	15.25	15.29	178	87
2025-08-19  11:27:00	15.32	15.32	15.25	15.25	33	16
2025-08-19  11:26:00	15.35	15.35	15.30	15.32	45	30
2025-08-19  11:25:00	15.35	15.37	15.35	15.37	40	27
2025-08-19  11:24:00	15.35	15.40	15.32	15.37	99	33
2025-08-19  11:23:00	15.35	15.35	15.31	15.35	14	11
2025-08-19  11:22:00	15.30	15.35	15.30	15.31	28	17
2025-08-19  11:21:00	15.30	15.30	15.25	15.30	183	83
2025-08-19  11:20:00	15.28	15.28	15.28	15.28	38	17
2025-08-19  11:19:00	15.28	15.30	15.25	15.27	17	9
2025-08-19  11:18:00	15.25	15.28	15.24	15.28	364	107
2025-08-19  11:17:00	15.30	15.30	15.28	15.28	12	9
2025-08-19  11:16:00	15.30	15.34	15.28	15.28	84	43
2025-08-19  11:15:00	15.27	15.30	15.25	15.30	80	35
2025-08-19  11:14:00	15.30	15.30	15.25	15.28	233	62
2025-08-19  11:13:00	15.40	15.40	15.30	15.30	174	61
2025-08-19  11:12:00	15.35	15.37	15.35	15.37	57	24
2025-08-19  11:11:00	15.37	15.37	15.31	15.31	81	51
2025-08-19  11:10:00	15.31	15.40	15.31	15.38	78	17
2025-08-19  11:09:00	15.38	15.38	15.30	15.31	164	68
2025-08-19  11:08:00	15.36	15.38	15.31	15.38	233	71
2025-08-19  11:07:00	15.36	15.39	15.33	15.36	102	50
2025-08-19  11:06:00	15.35	15.40	15.35	15.39	99	43
2025-08-19  11:05:00	15.36	15.36	15.30	15.35	430	148
2025-08-19  11:04:00	15.38	15.38	15.35	15.36	98	39
2025-08-19  11:03:00	15.40	15.45	15.35	15.35	78	42
2025-08-19  11:02:00	15.40	15.45	15.35	15.40	347	84
2025-08-19  11:01:00	15.37	15.45	15.35	15.40	612	120
2025-08-19  11:00:00	15.29	15.40	15.29	15.37	813	151
2025-08-19  10:59:00	15.21	15.30	15.21	15.30	113	42
2025-08-19  10:58:00	15.20	15.25	15.18	15.21	245	90
2025-08-19  10:57:00	15.15	15.20	15.13	15.19	73	49
2025-08-19  10:56:00	15.15	15.15	15.10	15.14	189	61
2025-08-19  10:55:00	15.20	15.20	15.15	15.18	84	20
2025-08-19  10:54:00	15.18	15.20	15.15	15.17	247	48
2025-08-19  10:53:00	15.25	15.25	15.15	15.18	161	48
2025-08-19  10:52:00	15.20	15.25	15.20	15.23	110	48
2025-08-19  10:51:00	15.20	15.23	15.17	15.22	281	80
2025-08-19  10:50:00	15.18	15.25	15.17	15.23	66	29
2025-08-19  10:49:00	15.23	15.25	15.17	15.20	513	138
2025-08-19  10:48:00	15.15	15.23	15.14	15.23	536	166
2025-08-19  10:47:00	15.20	15.20	15.14	15.15	107	70
2025-08-19  10:46:00	15.15	15.18	15.14	15.18	376	90
2025-08-19  10:45:00	15.15	15.18	15.14	15.17	552	122
2025-08-19  10:44:00	15.12	15.20	15.10	15.15	602	176
2025-08-19  10:43:00	15.10	15.15	15.09	15.12	373	79
2025-08-19  10:42:00	15.07	15.15	15.07	15.12	842	133
2025-08-19  10:41:00	15.10	15.10	15.05	15.07	18	12
2025-08-19  10:40:00	15.05	15.10	15.05	15.05	381	70
2025-08-19  10:39:00	15.08	15.10	15.05	15.08	38	20
2025-08-19  10:38:00	15.08	15.10	15.05	15.08	14	12
2025-08-19  10:37:00	15.08	15.10	15.05	15.08	28	19
2025-08-19  10:36:00	15.08	15.10	15.05	15.08	18	13
2025-08-19  10:35:00	15.00	15.08	15.00	15.07	114	47
2025-08-19  10:34:00	15.00	15.05	15.00	15.01	49	18
2025-08-19  10:33:00	15.02	15.05	15.00	15.01	59	33
2025-08-19  10:32:00	15.02	15.05	15.02	15.02	104	47
2025-08-19  10:31:00	15.05	15.10	15.00	15.00	370	83
2025-08-19  10:30:00	15.07	15.07	15.00	15.05	709	224
2025-08-19  10:29:00	15.10	15.10	15.05	15.05	46	16
2025-08-19  10:28:00	15.05	15.10	15.05	15.05	97	25
2025-08-19  10:27:00	15.00	15.07	15.00	15.07	497	122
2025-08-19  10:26:00	15.02	15.05	15.00	15.02	20	15
2025-08-19  10:25:00	15.00	15.05	15.00	15.02	44	22
2025-08-19  10:24:00	15.05	15.05	15.00	15.02	24	18
2025-08-19  10:23:00	15.05	15.05	15.00	15.02	22	15
2025-08-19  10:22:00	15.00	15.05	15.00	15.00	14	13
2025-08-19  10:21:00	15.00	15.05	15.00	15.02	31	23
2025-08-19  10:20:00	15.02	15.05	15.00	15.02	19	15
2025-08-19  10:19:00	15.02	15.05	15.00	15.05	18	14
2025-08-19  10:18:00	15.02	15.05	15.00	15.02	14	13
2025-08-19  10:17:00	15.05	15.05	15.00	15.04	75	31
2025-08-19  10:16:00	15.00	15.05	15.00	15.00	67	30
2025-08-19  10:15:00	15.05	15.05	15.00	15.05	117	51
2025-08-19  10:14:00	15.05	15.08	15.00	15.05	109	45
2025-08-19  10:13:00	15.05	15.10	15.00	15.05	357	69
2025-08-19  10:12:00	15.02	15.05	15.00	15.00	82	29
2025-08-19  10:11:00	15.00	15.05	15.00	15.02	22	17
2025-08-19  10:10:00	15.05	15.05	15.00	15.00	10	8
2025-08-19  10:09:00	15.05	15.10	15.00	15.00	304	57
2025-08-19  10:08:00	15.05	15.10	15.05	15.10	31	19
2025-08-19  10:07:00	15.00	15.10	15.00	15.06	124	53
2025-08-19  10:06:00	15.00	15.05	15.00	15.04	69	48
2025-08-19  10:05:00	15.00	15.05	15.00	15.03	37	30
2025-08-19  10:04:00	15.05	15.08	15.00	15.00	150	48
2025-08-19  10:03:00	15.10	15.10	15.05	15.10	40	29
2025-08-19  10:02:00	15.10	15.15	15.05	15.08	123	57
2025-08-19  10:01:00	15.05	15.10	15.05	15.08	105	46
2025-08-19  10:00:00	15.10	15.10	15.05	15.08	33	21
2025-08-19  09:59:00	15.10	15.15	15.05	15.15	85	36
2025-08-19  09:58:00	15.08	15.10	15.05	15.08	39	21
2025-08-19  09:57:00	15.15	15.15	15.05	15.05	105	53
2025-08-19  09:56:00	15.15	15.15	15.10	15.10	18	15
2025-08-19  09:55:00	15.15	15.15	15.10	15.13	15	14
2025-08-19  09:54:00	15.11	15.15	15.10	15.12	27	18
2025-08-19  09:53:00	15.17	15.20	15.11	15.11	158	36
2025-08-19  09:52:00	15.15	15.20	15.15	15.18	75	33
2025-08-19  09:51:00	15.17	15.20	15.14	15.15	222	36
2025-08-19  09:50:00	15.15	15.20	15.10	15.17	91	33
2025-08-19  09:49:00	15.18	15.20	15.10	15.10	608	115
2025-08-19  09:48:00	15.20	15.20	15.15	15.18	17	12
2025-08-19  09:47:00	15.18	15.20	15.15	15.19	24	16
2025-08-19  09:46:00	15.12	15.20	15.10	15.18	81	31
2025-08-19  09:45:00	15.12	15.15	15.11	15.15	269	55
2025-08-19  09:44:00	15.06	15.11	15.06	15.11	255	45
2025-08-19  09:43:00	15.10	15.10	15.00	15.05	172	43
2025-08-19  09:42:00	15.07	15.10	15.05	15.06	118	62
2025-08-19  09:41:00	15.10	15.15	15.06	15.07	442	91
2025-08-19  09:40:00	15.13	15.15	15.10	15.10	53	17
2025-08-19  09:39:00	15.10	15.15	15.10	15.15	125	40
2025-08-19  09:38:00	15.10	15.15	15.10	15.10	101	49
2025-08-19  09:37:00	15.16	15.20	15.13	15.13	292	56
2025-08-19  09:36:00	15.15	15.20	15.15	15.20	93	42
2025-08-19  09:35:00	15.17	15.20	15.15	15.19	39	23
2025-08-19  09:34:00	15.25	15.25	15.18	15.20	166	77
2025-08-19  09:33:00	15.25	15.30	15.18	15.25	438	141
2025-08-19  09:32:00	15.20	15.30	15.17	15.24	184	102
2025-08-19  09:31:00	15.10	15.20	15.08	15.20	318	111
2025-08-19  09:30:00	15.10	15.10	15.05	15.10	158	79
2025-08-18  16:00:00	15.30	15.36	15.30	15.35	1080	83
2025-08-18  15:59:00	15.30	15.40	15.30	15.30	4649	739
2025-08-18  15:58:00	15.35	15.35	15.30	15.30	610	105
2025-08-18  15:57:00	15.35	15.35	15.30	15.31	313	61
2025-08-18  15:56:00	15.30	15.35	15.30	15.35	93	30
2025-08-18  15:55:00	15.30	15.35	15.30	15.30	109	27
2025-08-18  15:54:00	15.35	15.35	15.30	15.30	309	136
2025-08-18  15:53:00	15.40	15.40	15.33	15.33	536	92
2025-08-18  15:52:00	15.36	15.40	15.35	15.35	243	95
2025-08-18  15:51:00	15.35	15.40	15.35	15.35	795	172
2025-08-18  15:50:00	15.37	15.40	15.35	15.35	102	28
2025-08-18  15:49:00	15.31	15.38	15.30	15.38	1947	142
2025-08-18  15:48:00	15.35	15.35	15.30	15.30	56	11
2025-08-18  15:47:00	15.30	15.35	15.30	15.35	79	10
2025-08-18  15:46:00	15.34	15.35	15.30	15.31	190	45
2025-08-18  15:45:00	15.38	15.40	15.34	15.34	890	63
2025-08-18  15:44:00	15.36	15.40	15.35	15.36	160	120
2025-08-18  15:43:00	15.35	15.40	15.35	15.40	80	42
2025-08-18  15:42:00	15.36	15.40	15.35	15.40	73	22
2025-08-18  15:41:00	15.36	15.37	15.35	15.36	29	11
2025-08-18  15:40:00	15.35	15.40	15.35	15.35	55	13
2025-08-18  15:39:00	15.35	15.37	15.35	15.36	39	14
2025-08-18  15:38:00	15.36	15.40	15.35	15.36	64	15
2025-08-18  15:37:00	15.35	15.40	15.35	15.40	124	27
2025-08-18  15:36:00	15.35	15.40	15.35	15.40	90	31
2025-08-18  15:35:00	15.40	15.45	15.35	15.35	215	55
2025-08-18  15:34:00	15.40	15.45	15.40	15.45	57	19
2025-08-18  15:33:00	15.40	15.45	15.40	15.45	709	106
2025-08-18  15:32:00	15.40	15.45	15.40	15.45	42	17
2025-08-18  15:31:00	15.43	15.45	15.40	15.45	46	14
2025-08-18  15:30:00	15.41	15.45	15.40	15.43	67	16
2025-08-18  15:29:00	15.42	15.45	15.40	15.42	30	21
2025-08-18  15:28:00	15.42	15.45	15.40	15.45	18	7
2025-08-18  15:27:00	15.43	15.43	15.40	15.42	15	12
2025-08-18  15:26:00	15.42	15.43	15.40	15.40	9	6
2025-08-18  15:25:00	15.45	15.45	15.40	15.43	61	28
2025-08-18  15:24:00	15.45	15.45	15.40	15.42	44	26
2025-08-18  15:23:00	15.45	15.45	15.40	15.43	15	10
2025-08-18  15:22:00	15.40	15.43	15.40	15.40	5	4
2025-08-18  15:21:00	15.40	15.45	15.40	15.45	15	8
2025-08-18  15:20:00	15.45	15.45	15.40	15.43	14	6
2025-08-18  15:19:00	15.43	15.44	15.40	15.40	10	8
2025-08-18  15:18:00	15.43	15.43	15.40	15.40	5	4
2025-08-18  15:17:00	15.43	15.45	15.40	15.43	9	7
2025-08-18  15:16:00	15.43	15.43	15.40	15.43	4	3
2025-08-18  15:15:00	15.45	15.45	15.40	15.43	15	7
2025-08-18  15:14:00	15.40	15.43	15.40	15.40	25	15
2025-08-18  15:13:00	15.40	15.43	15.40	15.40	10	6
2025-08-18  15:12:00	15.43	15.43	15.40	15.40	15	10
2025-08-18  15:11:00	15.42	15.45	15.40	15.40	15	10
2025-08-18  15:10:00	15.43	15.45	15.40	15.45	53	10
2025-08-18  15:09:00	15.43	15.45	15.40	15.43	157	49
2025-08-18  15:08:00	15.43	15.43	15.40	15.40	8	5
2025-08-18  15:07:00	15.41	15.43	15.40	15.40	43	17
2025-08-18  15:06:00	15.40	15.45	15.40	15.41	44	19
2025-08-18  15:05:00	15.40	15.40	15.37	15.40	259	43
2025-08-18  15:04:00	15.35	15.40	15.35	15.40	1142	222
2025-08-18  15:03:00	15.35	15.36	15.35	15.36	126	32
2025-08-18  15:02:00	15.35	15.40	15.35	15.35	77	21
2025-08-18  15:01:00	15.37	15.40	15.35	15.35	24	16
2025-08-18  15:00:00	15.35	15.40	15.35	15.40	20	7
2025-08-18  14:59:00	15.40	15.40	15.36	15.40	86	18
2025-08-18  14:58:00	15.40	15.40	15.36	15.36	62	28
2025-08-18  14:57:00	15.36	15.40	15.35	15.36	22	9
2025-08-18  14:56:00	15.36	15.40	15.36	15.37	23	13
2025-08-18  14:55:00	15.36	15.36	15.35	15.36	30	15
2025-08-18  14:54:00	15.36	15.40	15.35	15.36	44	23
2025-08-18  14:53:00	15.36	15.40	15.36	15.40	12	8
2025-08-18  14:52:00	15.40	15.40	15.36	15.36	9	7
2025-08-18  14:51:00	15.36	15.37	15.35	15.35	16	12
2025-08-18  14:50:00	15.40	15.40	15.36	15.40	527	110
2025-08-18  14:49:00	15.40	15.45	15.40	15.40	5	4
2025-08-18  14:48:00	15.40	15.41	15.40	15.40	85	31
2025-08-18  14:47:00	15.41	15.45	15.40	15.40	66	33
2025-08-18  14:46:00	15.42	15.42	15.42	15.42	3	2
2025-08-18  14:45:00	15.45	15.45	15.45	15.45	2	2
2025-08-18  14:44:00	15.42	15.42	15.42	15.42	11	5
2025-08-18  14:43:00	15.50	15.50	15.42	15.42	247	36
2025-08-18  14:42:00	15.50	15.50	15.48	15.48	4	3
2025-08-18  14:41:00	15.45	15.50	15.45	15.45	9	4
2025-08-18  14:40:00	15.45	15.48	15.45	15.48	23	11
2025-08-18  14:39:00	15.48	15.50	15.48	15.50	11	9
2025-08-18  14:38:00	15.48	15.48	15.48	15.48	2	2
2025-08-18  14:37:00	15.45	15.50	15.45	15.50	155	35
2025-08-18  14:36:00	15.50	15.50	15.50	15.50	1	1
2025-08-18  14:35:00	15.47	15.50	15.47	15.47	23	12
2025-08-18  14:34:00	15.47	15.50	15.47	15.48	97	17
2025-08-18  14:33:00	15.46	15.47	15.46	15.47	28	14
2025-08-18  14:32:00	15.50	15.50	15.46	15.46	13	4
2025-08-18  14:31:00	15.46	15.50	15.46	15.46	8	5
2025-08-18  14:30:00	15.45	15.46	15.45	15.46	23	4
2025-08-18  14:29:00	15.50	15.50	15.45	15.45	28	15
2025-08-18  14:28:00	15.46	15.46	15.45	15.45	21	13
2025-08-18  14:27:00	15.50	15.50	15.45	15.47	56	23
2025-08-18  14:26:00	15.48	15.48	15.45	15.48	15	13
2025-08-18  14:25:00	15.48	15.48	15.45	15.45	22	8
2025-08-18  14:24:00	15.48	15.48	15.45	15.45	32	14
2025-08-18  14:23:00	15.48	15.48	15.45	15.48	9	7
2025-08-18  14:22:00	15.50	15.50	15.45	15.45	24	16
2025-08-18  14:21:00	15.51	15.51	15.50	15.50	5	5
2025-08-18  14:20:00	15.45	15.50	15.45	15.50	64	30
2025-08-18  14:19:00	15.50	15.51	15.45	15.45	119	46
2025-08-18  14:18:00	15.48	15.55	15.45	15.55	172	68
2025-08-18  14:17:00	15.48	15.48	15.45	15.45	6	6
2025-08-18  14:16:00	15.45	15.48	15.45	15.45	17	16
2025-08-18  14:15:00	15.48	15.50	15.45	15.45	32	23
2025-08-18  14:14:00	15.48	15.48	15.45	15.48	9	9
2025-08-18  14:13:00	15.50	15.50	15.45	15.45	12	8
2025-08-18  14:12:00	15.45	15.48	15.43	15.45	129	32
2025-08-18  14:11:00	15.46	15.46	15.43	15.45	235	51
2025-08-18  14:10:00	15.46	15.46	15.45	15.46	7	7
2025-08-18  14:09:00	15.45	15.46	15.45	15.46	5	4
2025-08-18  14:08:00	15.50	15.50	15.45	15.45	21	16
2025-08-18  14:07:00	15.48	15.48	15.45	15.45	4	3
2025-08-18  14:06:00	15.45	15.49	15.45	15.47	16	15
2025-08-18  14:05:00	15.45	15.45	15.45	15.45	7	7
2025-08-18  14:04:00	15.45	15.49	15.45	15.45	21	16
2025-08-18  14:03:00	15.50	15.50	15.45	15.49	57	25
2025-08-18  14:02:00	15.50	15.51	15.50	15.50	16	15
2025-08-18  14:01:00	15.51	15.55	15.50	15.50	31	17
2025-08-18  14:00:00	15.49	15.51	15.49	15.51	28	16
2025-08-18  13:59:00	15.49	15.49	15.45	15.45	7	5
2025-08-18  13:58:00	15.50	15.51	15.49	15.49	30	12
2025-08-18  13:57:00	15.49	15.50	15.48	15.50	92	28
2025-08-18  13:56:00	15.49	15.51	15.49	15.50	17	11
2025-08-18  13:55:00	15.50	15.51	15.50	15.51	13	2
2025-08-18  13:54:00	15.50	15.51	15.50	15.50	20	8
2025-08-18  13:53:00	15.51	15.55	15.49	15.50	42	19
2025-08-18  13:52:00	15.50	15.50	15.50	15.50	3	3
2025-08-18  13:51:00	15.51	15.51	15.50	15.50	13	11
2025-08-18  13:50:00	15.50	15.51	15.50	15.51	17	13
2025-08-18  13:49:00	15.49	15.50	15.45	15.50	15	8
2025-08-18  13:48:00	15.51	15.55	15.49	15.49	20	12
2025-08-18  13:47:00	15.50	15.51	15.50	15.51	85	32
2025-08-18  13:46:00	15.48	15.50	15.48	15.49	36	16
2025-08-18  13:45:00	15.48	15.48	15.48	15.48	6	6
2025-08-18  13:44:00	15.50	15.50	15.45	15.45	16	10
2025-08-18  13:43:00	15.45	15.48	15.45	15.45	10	9
2025-08-18  13:42:00	15.48	15.50	15.45	15.45	10	9
2025-08-18  13:41:00	15.48	15.48	15.45	15.45	4	3
2025-08-18  13:40:00	15.45	15.45	15.45	15.45	2	2
2025-08-18  13:39:00	15.50	15.50	15.45	15.48	16	13
2025-08-18  13:38:00	15.45	15.45	15.45	15.45	6	5
2025-08-18  13:37:00	15.45	15.45	15.45	15.45	20	15
2025-08-18  13:36:00	15.45	15.45	15.43	15.45	42	17
2025-08-18  13:35:00	15.42	15.45	15.40	15.45	74	23
2025-08-18  13:34:00	15.43	15.45	15.43	15.45	4	3
2025-08-18  13:33:00	15.43	15.43	15.43	15.43	3	2
2025-08-18  13:32:00	15.41	15.42	15.40	15.42	44	23
2025-08-18  13:31:00	15.43	15.43	15.40	15.40	47	26
2025-08-18  13:30:00	15.43	15.43	15.40	15.42	106	24
2025-08-18  13:29:00	15.45	15.45	15.42	15.42	7	7
2025-08-18  13:28:00	15.42	15.42	15.42	15.42	12	5
2025-08-18  13:27:00	15.45	15.45	15.43	15.45	13	8
2025-08-18  13:26:00	15.45	15.45	15.45	15.45	50	15
2025-08-18  13:25:00	15.48	15.48	15.43	15.43	29	15
2025-08-18  13:24:00	15.45	15.50	15.43	15.48	92	36
2025-08-18  13:23:00	15.41	15.45	15.41	15.42	11	7
2025-08-18  13:22:00	15.40	15.40	15.40	15.40	2	1
2025-08-18  13:21:00	15.42	15.42	15.40	15.40	8	7
2025-08-18  13:20:00	15.40	15.45	15.40	15.42	8	7
2025-08-18  13:19:00	15.45	15.45	15.40	15.40	26	16
2025-08-18  13:18:00	15.42	15.42	15.40	15.41	6	5
2025-08-18  13:17:00	15.42	15.42	15.42	15.42	1	1
2025-08-18  13:16:00	15.45	15.45	15.42	15.42	9	7
2025-08-18  13:15:00	15.41	15.43	15.41	15.43	19	10
2025-08-18  13:14:00	15.43	15.45	15.40	15.40	46	23
2025-08-18  13:13:00	15.43	15.43	15.43	15.43	2	2
2025-08-18  13:11:00	15.45	15.45	15.43	15.43	30	10
2025-08-18  13:10:00	15.50	15.50	15.48	15.48	7	6
2025-08-18  13:09:00	15.48	15.50	15.48	15.50	13	10
2025-08-18  13:08:00	15.45	15.48	15.45	15.48	15	7
2025-08-18  13:07:00	15.46	15.47	15.42	15.45	189	57
2025-08-18  13:06:00	15.45	15.47	15.45	15.47	12	7
2025-08-18  13:05:00	15.45	15.50	15.45	15.46	107	35
2025-08-18  13:04:00	15.51	15.51	15.45	15.45	448	90
2025-08-18  13:03:00	15.50	15.55	15.50	15.50	26	19
2025-08-18  13:02:00	15.50	15.52	15.50	15.50	13	12
2025-08-18  13:01:00	15.55	15.55	15.50	15.50	223	54
2025-08-18  13:00:00	15.60	15.60	15.55	15.58	24	7
2025-08-18  12:59:00	15.58	15.59	15.55	15.58	9	7
2025-08-18  12:58:00	15.60	15.60	15.55	15.58	62	19
2025-08-18  12:57:00	15.63	15.63	15.58	15.60	137	32
2025-08-18  12:56:00	15.55	15.60	15.55	15.60	20	6
2025-08-18  12:55:00	15.60	15.60	15.58	15.58	9	5
2025-08-18  12:54:00	15.60	15.60	15.58	15.60	106	35
2025-08-18  12:53:00	15.58	15.58	15.58	15.58	3	3
2025-08-18  12:51:00	15.58	15.60	15.58	15.60	112	25
2025-08-18  12:50:00	15.57	15.60	15.57	15.57	49	16
2025-08-18  12:49:00	15.64	15.65	15.55	15.58	166	48
2025-08-18  12:48:00	15.61	15.63	15.61	15.63	5	3
2025-08-18  12:47:00	15.60	15.61	15.58	15.60	226	48
2025-08-18  12:46:00	15.56	15.61	15.56	15.61	181	37
2025-08-18  12:45:00	15.56	15.56	15.55	15.55	6	4
2025-08-18  12:44:00	15.56	15.56	15.55	15.55	30	7
2025-08-18  12:43:00	15.56	15.60	15.55	15.55	5	4
2025-08-18  12:42:00	15.53	15.55	15.53	15.55	60	27
2025-08-18  12:41:00	15.50	15.50	15.50	15.50	1	1
2025-08-18  12:40:00	15.60	15.60	15.53	15.53	197	19
2025-08-18  12:39:00	15.55	15.55	15.55	15.55	9	6
2025-08-18  12:38:00	15.55	15.55	15.55	15.55	10	3
2025-08-18  12:37:00	15.53	15.60	15.53	15.56	229	43
2025-08-18  12:36:00	15.51	15.55	15.50	15.53	9	6
2025-08-18  12:35:00	15.48	15.53	15.48	15.53	25	11
2025-08-18  12:34:00	15.50	15.50	15.45	15.50	83	38
2025-08-18  12:33:00	15.47	15.48	15.45	15.47	21	7
2025-08-18  12:32:00	15.46	15.47	15.46	15.47	10	7
2025-08-18  12:31:00	15.50	15.50	15.45	15.47	9	8
2025-08-18  12:30:00	15.47	15.48	15.45	15.47	189	50
2025-08-18  12:29:00	15.42	15.47	15.42	15.47	91	34
2025-08-18  12:28:00	15.42	15.42	15.40	15.40	8	7
2025-08-18  12:27:00	15.42	15.45	15.41	15.45	10	4
2025-08-18  12:26:00	15.45	15.45	15.40	15.40	10	8
2025-08-18  12:25:00	15.40	15.41	15.40	15.40	15	4
2025-08-18  12:24:00	15.41	15.45	15.40	15.40	9	8
2025-08-18  12:23:00	15.40	15.43	15.40	15.43	14	10
2025-08-18  12:22:00	15.41	15.41	15.40	15.41	3	3
2025-08-18  12:21:00	15.42	15.45	15.40	15.41	90	36
2025-08-18  12:20:00	15.42	15.42	15.40	15.42	4	3
2025-08-18  12:19:00	15.42	15.44	15.42	15.44	13	8
2025-08-18  12:18:00	15.42	15.50	15.42	15.43	91	14
2025-08-18  12:17:00	15.45	15.45	15.45	15.45	5	3
2025-08-18  12:16:00	15.45	15.50	15.45	15.45	9	8
2025-08-18  12:15:00	15.45	15.45	15.45	15.45	48	16
2025-08-18  12:14:00	15.45	15.45	15.45	15.45	5	2
2025-08-18  12:13:00	15.42	15.45	15.42	15.45	33	21
2025-08-18  12:12:00	15.42	15.42	15.42	15.42	1	1
2025-08-18  12:11:00	15.45	15.45	15.42	15.45	112	33
2025-08-18  12:10:00	15.45	15.46	15.45	15.45	5	4
2025-08-18  12:09:00	15.45	15.45	15.42	15.45	222	34
2025-08-18  12:08:00	15.45	15.48	15.45	15.45	46	26
2025-08-18  12:07:00	15.45	15.48	15.45	15.48	4	3
2025-08-18  12:06:00	15.45	15.48	15.45	15.45	6	6
2025-08-18  12:05:00	15.45	15.50	15.45	15.45	37	17
2025-08-18  12:04:00	15.45	15.50	15.45	15.45	11	11
2025-08-18  12:03:00	15.48	15.48	15.45	15.45	9	9
2025-08-18  12:02:00	15.50	15.50	15.45	15.45	10	9
2025-08-18  12:01:00	15.45	15.48	15.45	15.45	23	18
2025-08-18  12:00:00	15.50	15.51	15.45	15.51	29	11
2025-08-18  11:59:00	15.55	15.55	15.50	15.50	44	16
2025-08-18  11:58:00	15.51	15.51	15.50	15.50	22	20
2025-08-18  11:57:00	15.50	15.51	15.45	15.50	24	14
2025-08-18  11:56:00	15.50	15.51	15.45	15.51	137	27
2025-08-18  11:55:00	15.45	15.51	15.45	15.51	252	106
2025-08-18  11:54:00	15.45	15.48	15.45	15.45	6	6
2025-08-18  11:53:00	15.45	15.50	15.45	15.45	17	15
2025-08-18  11:52:00	15.50	15.50	15.45	15.46	7	6
2025-08-18  11:51:00	15.50	15.50	15.45	15.45	39	17
2025-08-18  11:50:00	15.50	15.50	15.45	15.45	26	22
2025-08-18  11:49:00	15.50	15.50	15.45	15.50	127	50
2025-08-18  11:48:00	15.45	15.50	15.45	15.50	35	21
2025-08-18  11:47:00	15.45	15.50	15.45	15.50	46	20
2025-08-18  11:46:00	15.45	15.50	15.45	15.50	133	67
2025-08-18  11:45:00	15.50	15.50	15.45	15.50	111	42
2025-08-18  11:44:00	15.50	15.50	15.45	15.45	33	15
2025-08-18  11:43:00	15.47	15.50	15.45	15.48	66	28
2025-08-18  11:42:00	15.45	15.50	15.45	15.50	23	12
2025-08-18  11:41:00	15.47	15.48	15.45	15.45	6	5
2025-08-18  11:40:00	15.44	15.47	15.44	15.47	89	25
2025-08-18  11:39:00	15.41	15.42	15.40	15.40	27	14
2025-08-18  11:38:00	15.45	15.47	15.42	15.42	163	54
2025-08-18  11:37:00	15.50	15.50	15.43	15.44	176	55
2025-08-18  11:36:00	15.44	15.46	15.40	15.46	154	62
2025-08-18  11:35:00	15.45	15.45	15.40	15.45	18	11
2025-08-18  11:34:00	15.40	15.44	15.40	15.40	63	21
2025-08-18  11:33:00	15.41	15.44	15.40	15.40	15	8
2025-08-18  11:32:00	15.40	15.41	15.40	15.40	5	4
2025-08-18  11:31:00	15.44	15.44	15.40	15.40	5	4
2025-08-18  11:30:00	15.45	15.45	15.40	15.43	39	14
2025-08-18  11:29:00	15.43	15.45	15.40	15.45	46	25
2025-08-18  11:28:00	15.40	15.43	15.38	15.40	193	44
2025-08-18  11:27:00	15.39	15.39	15.35	15.35	11	8
2025-08-18  11:26:00	15.40	15.40	15.35	15.40	221	44
2025-08-18  11:25:00	15.38	15.40	15.35	15.39	305	76
2025-08-18  11:24:00	15.40	15.42	15.35	15.35	718	149
2025-08-18  11:23:00	15.42	15.45	15.40	15.43	82	45
2025-08-18  11:22:00	15.45	15.45	15.42	15.42	123	67
2025-08-18  11:21:00	15.47	15.49	15.40	15.45	373	153
2025-08-18  11:20:00	15.50	15.50	15.45	15.48	165	54
2025-08-18  11:19:00	15.53	15.55	15.50	15.50	541	116
2025-08-18  11:18:00	15.55	15.55	15.50	15.53	42	25
2025-08-18  11:17:00	15.55	15.55	15.52	15.53	98	31
2025-08-18  11:16:00	15.55	15.58	15.53	15.53	411	144
2025-08-18  11:15:00	15.53	15.53	15.50	15.50	6	6
2025-08-18  11:14:00	15.52	15.53	15.50	15.53	52	15
2025-08-18  11:13:00	15.53	15.55	15.50	15.52	97	40
2025-08-18  11:12:00	15.55	15.55	15.50	15.53	42	23
2025-08-18  11:11:00	15.52	15.53	15.50	15.52	55	20
2025-08-18  11:10:00	15.52	15.55	15.50	15.52	86	38
2025-08-18  11:09:00	15.55	15.58	15.50	15.55	320	81
2025-08-18  11:08:00	15.52	15.55	15.50	15.53	184	55
2025-08-18  11:07:00	15.54	15.55	15.50	15.55	37	15
2025-08-18  11:06:00	15.50	15.55	15.50	15.54	83	26
2025-08-18  11:05:00	15.50	15.54	15.50	15.54	49	21
2025-08-18  11:04:00	15.50	15.55	15.50	15.55	79	36
2025-08-18  11:03:00	15.50	15.53	15.45	15.50	524	195
2025-08-18  11:02:00	15.55	15.55	15.48	15.48	436	120
2025-08-18  11:01:00	15.55	15.55	15.50	15.50	94	38
2025-08-18  11:00:00	15.54	15.55	15.50	15.50	96	28
2025-08-18  10:59:00	15.58	15.60	15.50	15.54	178	56
2025-08-18  10:58:00	15.55	15.60	15.53	15.58	108	39
2025-08-18  10:57:00	15.54	15.55	15.53	15.55	133	63
2025-08-18  10:56:00	15.53	15.55	15.50	15.53	212	96
2025-08-18  10:55:00	15.53	15.55	15.50	15.53	102	48
2025-08-18  10:54:00	15.56	15.56	15.50	15.53	338	96
2025-08-18  10:53:00	15.59	15.60	15.55	15.60	76	31
2025-08-18  10:52:00	15.59	15.60	15.55	15.55	61	27
2025-08-18  10:51:00	15.58	15.60	15.55	15.58	89	35
2025-08-18  10:50:00	15.58	15.60	15.55	15.58	141	61
2025-08-18  10:49:00	15.62	15.65	15.55	15.58	219	79
2025-08-18  10:48:00	15.65	15.65	15.57	15.62	302	89
2025-08-18  10:47:00	15.65	15.70	15.63	15.65	452	101
2025-08-18  10:46:00	15.60	15.65	15.58	15.65	378	72
2025-08-18  10:45:00	15.58	15.65	15.55	15.60	415	110
2025-08-18  10:44:00	15.55	15.60	15.55	15.55	75	33
2025-08-18  10:43:00	15.60	15.60	15.55	15.55	108	35
2025-08-18  10:42:00	15.50	15.58	15.50	15.58	135	58
2025-08-18  10:41:00	15.55	15.55	15.50	15.53	90	46
2025-08-18  10:40:00	15.55	15.55	15.50	15.52	106	40
2025-08-18  10:39:00	15.55	15.57	15.50	15.55	163	79
2025-08-18  10:38:00	15.51	15.55	15.50	15.50	115	44
2025-08-18  10:37:00	15.54	15.55	15.54	15.54	92	48
2025-08-18  10:36:00	15.55	15.55	15.54	15.54	279	109
2025-08-18  10:35:00	15.55	15.57	15.50	15.54	206	85
2025-08-18  10:34:00	15.56	15.56	15.50	15.55	211	78
2025-08-18  10:33:00	15.56	15.56	15.55	15.56	358	96
2025-08-18  10:32:00	15.59	15.60	15.55	15.56	289	90
2025-08-18  10:31:00	15.63	15.63	15.55	15.55	298	105
2025-08-18  10:30:00	15.60	15.65	15.60	15.63	547	128
2025-08-18  10:29:00	15.58	15.62	15.55	15.55	328	104
2025-08-18  10:28:00	15.55	15.60	15.50	15.58	340	94
2025-08-18  10:27:00	15.50	15.55	15.50	15.54	156	72
2025-08-18  10:26:00	15.54	15.55	15.50	15.51	89	30
2025-08-18  10:25:00	15.54	15.55	15.50	15.54	351	83
2025-08-18  10:24:00	15.55	15.59	15.50	15.50	473	149
2025-08-18  10:23:00	15.56	15.59	15.55	15.59	106	37
2025-08-18  10:22:00	15.59	15.60	15.55	15.55	207	81
2025-08-18  10:21:00	15.59	15.60	15.55	15.59	102	49
2025-08-18  10:20:00	15.58	15.60	15.55	15.59	87	36
2025-08-18  10:19:00	15.58	15.60	15.55	15.55	150	63
2025-08-18  10:18:00	15.58	15.60	15.55	15.59	390	101
2025-08-18  10:17:00	15.58	15.60	15.55	15.55	116	49
2025-08-18  10:16:00	15.60	15.64	15.55	15.58	385	93
2025-08-18  10:15:00	15.63	15.65	15.60	15.63	127	55
2025-08-18  10:14:00	15.65	15.65	15.60	15.63	160	67
2025-08-18  10:13:00	15.60	15.65	15.60	15.65	157	56
2025-08-18  10:12:00	15.62	15.65	15.60	15.65	135	42
2025-08-18  10:11:00	15.62	15.65	15.60	15.60	77	27
2025-08-18  10:10:00	15.60	15.65	15.60	15.62	107	39
2025-08-18  10:09:00	15.65	15.66	15.60	15.65	279	105
2025-08-18  10:08:00	15.60	15.65	15.60	15.65	105	35
2025-08-18  10:07:00	15.60	15.65	15.60	15.64	79	37
2025-08-18  10:06:00	15.60	15.65	15.60	15.60	160	62
2025-08-18  10:05:00	15.60	15.65	15.60	15.64	100	39
2025-08-18  10:04:00	15.60	15.65	15.60	15.64	59	34
2025-08-18  10:03:00	15.65	15.65	15.60	15.60	104	49
2025-08-18  10:02:00	15.60	15.65	15.60	15.60	35	22
2025-08-18  10:01:00	15.65	15.69	15.60	15.60	138	81
2025-08-18  10:00:00	15.70	15.73	15.65	15.69	318	133
2025-08-18  09:59:00	15.73	15.75	15.70	15.70	148	48
2025-08-18  09:58:00	15.72	15.75	15.72	15.75	74	33
2025-08-18  09:57:00	15.70	15.71	15.65	15.71	204	42
2025-08-18  09:56:00	15.69	15.70	15.65	15.69	40	14
2025-08-18  09:55:00	15.65	15.70	15.65	15.69	21	15
2025-08-18  09:54:00	15.65	15.69	15.65	15.69	28	13
2025-08-18  09:53:00	15.69	15.70	15.68	15.68	29	19
2025-08-18  09:52:00	15.71	15.71	15.65	15.70	183	66
2025-08-18  09:51:00	15.65	15.73	15.65	15.71	1029	211
2025-08-18  09:50:00	15.69	15.70	15.65	15.70	30	21
2025-08-18  09:49:00	15.63	15.69	15.60	15.69	151	65
2025-08-18  09:48:00	15.63	15.65	15.60	15.65	86	30
2025-08-18  09:47:00	15.60	15.63	15.60	15.63	101	41
2025-08-18  09:46:00	15.62	15.65	15.60	15.61	17	16
2025-08-18  09:45:00	15.68	15.70	15.60	15.62	97	27
2025-08-18  09:44:00	15.68	15.68	15.64	15.68	228	56
2025-08-18  09:43:00	15.68	15.70	15.65	15.67	50	18
2025-08-18  09:42:00	15.68	15.68	15.67	15.68	13	8
2025-08-18  09:41:00	15.64	15.68	15.60	15.68	447	54
2025-08-18  09:40:00	15.63	15.65	15.60	15.64	27	18
2025-08-18  09:39:00	15.67	15.70	15.64	15.64	241	39
2025-08-18  09:38:00	15.60	15.67	15.60	15.65	64	47
2025-08-18  09:37:00	15.62	15.65	15.60	15.65	28	17
2025-08-18  09:36:00	15.60	15.62	15.59	15.62	121	36
2025-08-18  09:35:00	15.58	15.61	15.58	15.60	344	114
2025-08-18  09:34:00	15.65	15.70	15.58	15.60	594	73
2025-08-18  09:33:00	15.60	15.68	15.60	15.65	266	100
2025-08-18  09:32:00	15.60	15.62	15.60	15.61	82	24
2025-08-18  09:31:00	15.65	15.65	15.59	15.60	407	77
2025-08-18  09:30:00	15.65	15.67	15.60	15.60	128	51
2025-08-15  16:00:00	15.78	15.78	15.77	15.78	11	7
2025-08-15  15:59:00	15.80	15.81	15.75	15.78	3100	628
2025-08-15  15:58:00	15.75	15.80	15.75	15.75	262	84
2025-08-15  15:57:00	15.77	15.80	15.75	15.75	624	165
2025-08-15  15:56:00	15.76	15.80	15.75	15.75	179	41
2025-08-15  15:55:00	15.77	15.80	15.75	15.75	191	49
2025-08-15  15:54:00	15.75	15.80	15.72	15.75	695	155
2025-08-15  15:53:00	15.75	15.76	15.75	15.75	181	68
2025-08-15  15:52:00	15.80	15.85	15.75	15.80	437	105
2025-08-15  15:51:00	15.75	15.80	15.75	15.80	158	39
2025-08-15  15:50:00	15.75	15.80	15.73	15.78	312	61
2025-08-15  15:49:00	15.73	15.75	15.73	15.75	277	74
2025-08-15  15:48:00	15.70	15.75	15.70	15.75	134	37
2025-08-15  15:47:00	15.75	15.75	15.70	15.70	220	83
2025-08-15  15:46:00	15.78	15.80	15.70	15.70	408	100
2025-08-15  15:45:00	15.75	15.78	15.75	15.75	54	22
2025-08-15  15:44:00	15.80	15.80	15.75	15.79	297	69
2025-08-15  15:43:00	15.80	15.81	15.76	15.80	550	100
2025-08-15  15:42:00	15.75	15.81	15.75	15.76	352	49
2025-08-15  15:41:00	15.80	15.80	15.75	15.76	130	39
2025-08-15  15:40:00	15.80	15.81	15.80	15.81	110	26
2025-08-15  15:39:00	15.76	15.81	15.75	15.80	492	110
2025-08-15  15:38:00	15.75	15.77	15.75	15.75	56	20
2025-08-15  15:37:00	15.75	15.80	15.75	15.77	106	40
2025-08-15  15:36:00	15.80	15.80	15.75	15.77	232	70
2025-08-15  15:35:00	15.85	15.85	15.80	15.80	127	30
2025-08-15  15:34:00	15.82	15.82	15.80	15.80	68	20
2025-08-15  15:33:00	15.80	15.82	15.80	15.82	39	14
2025-08-15  15:32:00	15.81	15.85	15.80	15.81	62	25
2025-08-15  15:31:00	15.82	15.82	15.80	15.80	96	33
2025-08-15  15:30:00	15.75	15.85	15.75	15.82	279	73
2025-08-15  15:29:00	15.85	15.85	15.75	15.75	297	79
2025-08-15  15:28:00	15.80	15.81	15.78	15.80	52	24
2025-08-15  15:27:00	15.80	15.83	15.78	15.79	179	76
2025-08-15  15:26:00	15.83	15.85	15.80	15.83	77	37
2025-08-15  15:25:00	15.80	15.85	15.80	15.82	6	6
2025-08-15  15:24:00	15.80	15.80	15.78	15.80	33	13
2025-08-15  15:23:00	15.80	15.85	15.77	15.78	33	24
2025-08-15  15:22:00	15.80	15.82	15.80	15.82	20	14
2025-08-15  15:21:00	15.80	15.83	15.80	15.81	20	13
2025-08-15  15:20:00	15.80	15.80	15.76	15.80	81	42
2025-08-15  15:19:00	15.77	15.79	15.75	15.77	13	10
2025-08-15  15:18:00	15.71	15.80	15.71	15.80	411	138
2025-08-15  15:17:00	15.75	15.75	15.70	15.71	41	25
2025-08-15  15:16:00	15.71	15.72	15.70	15.72	87	38
2025-08-15  15:15:00	15.71	15.71	15.70	15.71	16	12
2025-08-15  15:14:00	15.75	15.75	15.70	15.70	22	15
2025-08-15  15:13:00	15.70	15.71	15.70	15.70	49	15
2025-08-15  15:12:00	15.73	15.80	15.70	15.71	99	48
2025-08-15  15:11:00	15.80	15.80	15.75	15.75	53	16
2025-08-15  15:10:00	15.75	15.75	15.73	15.75	41	21
2025-08-15  15:09:00	15.76	15.80	15.75	15.75	55	32
2025-08-15  15:08:00	15.76	15.78	15.73	15.76	137	56
2025-08-15  15:07:00	15.76	15.80	15.75	15.79	9	8
2025-08-15  15:06:00	15.75	15.81	15.75	15.76	66	37
2025-08-15  15:05:00	15.75	15.80	15.71	15.75	68	39
2025-08-15  15:04:00	15.76	15.76	15.70	15.75	135	59
2025-08-15  15:03:00	15.70	15.81	15.70	15.75	117	68
2025-08-15  15:02:00	15.72	15.72	15.65	15.70	123	55
2025-08-15  15:01:00	15.70	15.73	15.65	15.73	129	50
2025-08-15  15:00:00	15.65	15.73	15.65	15.70	100	49
2025-08-15  14:59:00	15.70	15.70	15.66	15.67	117	48
2025-08-15  14:58:00	15.74	15.75	15.65	15.70	104	56
2025-08-15  14:57:00	15.66	15.75	15.66	15.72	356	119
2025-08-15  14:56:00	15.65	15.67	15.65	15.66	61	37
2025-08-15  14:55:00	15.65	15.66	15.65	15.66	6	5
2025-08-15  14:54:00	15.65	15.67	15.65	15.66	58	25
2025-08-15  14:53:00	15.65	15.66	15.65	15.66	3	3
2025-08-15  14:52:00	15.70	15.70	15.65	15.66	54	29
2025-08-15  14:51:00	15.70	15.72	15.66	15.66	149	52
2025-08-15  14:50:00	15.76	15.76	15.72	15.72	44	21
2025-08-15  14:49:00	15.75	15.80	15.72	15.75	225	44
2025-08-15  14:48:00	15.70	15.75	15.70	15.75	122	47
2025-08-15  14:47:00	15.70	15.73	15.70	15.72	39	22
2025-08-15  14:46:00	15.70	15.72	15.70	15.71	22	13
2025-08-15  14:45:00	15.75	15.80	15.70	15.72	143	50
2025-08-15  14:44:00	15.75	15.75	15.75	15.75	130	50
2025-08-15  14:43:00	15.80	15.80	15.75	15.75	41	23
2025-08-15  14:42:00	15.75	15.75	15.75	15.75	66	29
2025-08-15  14:41:00	15.77	15.77	15.70	15.75	133	56
2025-08-15  14:40:00	15.75	15.78	15.75	15.77	27	16
2025-08-15  14:39:00	15.80	15.80	15.75	15.76	10	10
2025-08-15  14:38:00	15.80	15.80	15.75	15.75	16	7
2025-08-15  14:37:00	15.80	15.81	15.78	15.80	200	59
2025-08-15  14:36:00	15.81	15.81	15.78	15.80	76	38
2025-08-15  14:35:00	15.78	15.85	15.77	15.80	150	51
2025-08-15  14:34:00	15.78	15.80	15.76	15.78	36	19
2025-08-15  14:33:00	15.80	15.80	15.75	15.75	162	55
2025-08-15  14:32:00	15.81	15.85	15.79	15.80	112	35
2025-08-15  14:31:00	15.80	15.81	15.80	15.80	292	112
2025-08-15  14:30:00	15.85	15.85	15.81	15.82	30	16
2025-08-15  14:29:00	15.85	15.85	15.81	15.81	68	30
2025-08-15  14:28:00	15.90	15.90	15.88	15.88	82	41
2025-08-15  14:27:00	15.90	15.91	15.88	15.88	39	21
2025-08-15  14:26:00	15.91	15.95	15.88	15.95	61	29
2025-08-15  14:25:00	15.88	15.91	15.88	15.91	29	11
2025-08-15  14:24:00	15.90	15.92	15.88	15.89	305	96
2025-08-15  14:23:00	15.90	15.90	15.88	15.88	50	17
2025-08-15  14:22:00	15.90	15.92	15.88	15.90	277	81
2025-08-15  14:21:00	15.88	15.88	15.87	15.87	3	3
2025-08-15  14:20:00	15.89	15.89	15.87	15.87	4	4
2025-08-15  14:19:00	15.88	15.90	15.87	15.88	12	11
2025-08-15  14:18:00	15.88	15.88	15.87	15.87	5	5
2025-08-15  14:17:00	15.88	15.88	15.87	15.87	8	8
2025-08-15  14:16:00	15.87	15.88	15.87	15.88	7	6
2025-08-15  14:15:00	15.82	15.90	15.82	15.87	76	28
2025-08-15  14:14:00	15.83	15.83	15.81	15.82	17	10
2025-08-15  14:13:00	15.81	15.82	15.81	15.82	32	16
2025-08-15  14:12:00	15.81	15.82	15.80	15.82	28	17
2025-08-15  14:11:00	15.81	15.82	15.80	15.80	18	5
2025-08-15  14:10:00	15.81	15.82	15.81	15.81	53	32
2025-08-15  14:09:00	15.81	15.81	15.81	15.81	37	21
2025-08-15  14:08:00	15.85	15.85	15.81	15.81	36	21
2025-08-15  14:07:00	15.86	15.86	15.84	15.84	12	10
2025-08-15  14:06:00	15.85	15.90	15.85	15.86	59	32
2025-08-15  14:05:00	15.84	15.85	15.83	15.85	28	9
2025-08-15  14:04:00	15.85	15.85	15.84	15.85	14	13
2025-08-15  14:03:00	15.85	15.86	15.85	15.85	37	23
2025-08-15  14:02:00	15.80	15.81	15.80	15.81	63	19
2025-08-15  14:01:00	15.77	15.80	15.77	15.80	116	45
2025-08-15  14:00:00	15.85	15.85	15.77	15.78	67	23
2025-08-15  13:59:00	15.80	15.82	15.77	15.80	221	78
2025-08-15  13:58:00	15.80	15.83	15.80	15.83	24	12
2025-08-15  13:57:00	15.80	15.80	15.80	15.80	35	22
2025-08-15  13:56:00	15.83	15.83	15.80	15.80	2	2
2025-08-15  13:55:00	15.85	15.85	15.82	15.83	73	39
2025-08-15  13:54:00	15.86	15.90	15.85	15.86	68	38
2025-08-15  13:53:00	15.87	15.90	15.85	15.85	17	13
2025-08-15  13:52:00	15.81	15.87	15.81	15.87	224	58
2025-08-15  13:51:00	15.81	15.81	15.81	15.81	2	2
2025-08-15  13:50:00	15.81	15.81	15.81	15.81	8	8
2025-08-15  13:49:00	15.84	15.84	15.81	15.81	34	26
2025-08-15  13:48:00	15.86	15.86	15.83	15.84	22	14
2025-08-15  13:47:00	15.85	15.90	15.84	15.85	103	46
2025-08-15  13:46:00	15.81	15.85	15.81	15.84	12	10
2025-08-15  13:45:00	15.84	15.84	15.81	15.84	6	6
2025-08-15  13:44:00	15.84	15.84	15.84	15.84	6	6
2025-08-15  13:43:00	15.84	15.85	15.84	15.84	8	5
2025-08-15  13:42:00	15.86	15.87	15.81	15.81	47	24
2025-08-15  13:41:00	15.85	15.86	15.83	15.86	25	18
2025-08-15  13:40:00	15.90	15.90	15.85	15.85	39	19
2025-08-15  13:39:00	15.86	15.89	15.86	15.86	15	11
2025-08-15  13:38:00	15.86	15.86	15.86	15.86	2	2
2025-08-15  13:37:00	15.86	15.90	15.86	15.88	9	9
2025-08-15  13:36:00	15.87	15.88	15.86	15.86	21	15
2025-08-15  13:35:00	15.85	15.86	15.84	15.86	159	42
2025-08-15  13:34:00	15.84	15.86	15.84	15.85	58	21
2025-08-15  13:33:00	15.83	15.90	15.83	15.85	203	57
2025-08-15  13:32:00	15.82	15.84	15.80	15.84	35	19
2025-08-15  13:31:00	15.85	15.85	15.80	15.81	22	14
2025-08-15  13:30:00	15.85	15.90	15.85	15.85	104	42
2025-08-15  13:29:00	15.84	15.86	15.84	15.86	87	24
2025-08-15  13:28:00	15.85	15.85	15.84	15.84	35	14
2025-08-15  13:27:00	15.82	15.88	15.81	15.84	412	207
2025-08-15  13:26:00	15.85	15.87	15.82	15.82	75	39
2025-08-15  13:25:00	15.87	15.89	15.87	15.88	7	6
2025-08-15  13:24:00	15.88	15.89	15.87	15.89	6	5
2025-08-15  13:23:00	15.89	15.89	15.87	15.87	5	5
2025-08-15  13:22:00	15.87	15.87	15.87	15.87	9	6
2025-08-15  13:21:00	15.89	15.89	15.87	15.88	8	8
2025-08-15  13:20:00	15.87	15.90	15.85	15.87	17	9
2025-08-15  13:19:00	15.85	15.90	15.85	15.85	31	18
2025-08-15  13:18:00	15.82	15.84	15.81	15.84	17	12
2025-08-15  13:17:00	15.85	15.85	15.81	15.81	10	9
2025-08-15  13:16:00	15.81	15.83	15.81	15.83	23	14
2025-08-15  13:15:00	15.81	15.85	15.80	15.80	23	15
2025-08-15  13:14:00	15.81	15.83	15.80	15.83	9	7
2025-08-15  13:13:00	15.81	15.81	15.79	15.81	44	26
2025-08-15  13:12:00	15.81	15.83	15.81	15.83	4	4
2025-08-15  13:11:00	15.83	15.85	15.81	15.85	4	4
2025-08-15  13:10:00	15.80	15.85	15.80	15.85	21	13
2025-08-15  13:09:00	15.79	15.80	15.79	15.80	3	3
2025-08-15  13:08:00	15.80	15.80	15.76	15.76	25	15
2025-08-15  13:07:00	15.76	15.76	15.76	15.76	1	1
2025-08-15  13:06:00	15.80	15.81	15.76	15.76	42	30
2025-08-15  13:05:00	15.75	15.85	15.75	15.80	59	27
2025-08-15  13:04:00	15.75	15.80	15.75	15.80	17	16
2025-08-15  13:03:00	15.75	15.80	15.75	15.75	9	9
2025-08-15  13:02:00	15.75	15.80	15.75	15.76	13	9
2025-08-15  13:01:00	15.80	15.80	15.79	15.79	8	6
2025-08-15  13:00:00	15.78	15.80	15.78	15.79	6	6
2025-08-15  12:59:00	15.80	15.81	15.77	15.77	204	76
2025-08-15  12:58:00	15.76	15.80	15.75	15.80	25	15
2025-08-15  12:57:00	15.85	15.85	15.76	15.76	134	53
2025-08-15  12:56:00	15.81	15.83	15.80	15.81	41	21
2025-08-15  12:55:00	15.76	15.85	15.75	15.80	26	16
2025-08-15  12:54:00	15.80	15.80	15.75	15.75	19	13
2025-08-15  12:53:00	15.80	15.81	15.76	15.76	123	33
2025-08-15  12:52:00	15.75	15.80	15.75	15.80	8	6
2025-08-15  12:51:00	15.76	15.80	15.76	15.80	17	8
2025-08-15  12:50:00	15.76	15.76	15.75	15.76	65	39
2025-08-15  12:49:00	15.77	15.80	15.76	15.76	28	16
2025-08-15  12:48:00	15.80	15.85	15.77	15.77	70	27
2025-08-15  12:47:00	15.80	15.80	15.78	15.80	83	35
2025-08-15  12:46:00	15.79	15.85	15.79	15.82	41	22
2025-08-15  12:45:00	15.77	15.80	15.75	15.80	25	18
2025-08-15  12:44:00	15.76	15.80	15.75	15.75	43	25
2025-08-15  12:43:00	15.80	15.80	15.75	15.77	7	6
2025-08-15  12:42:00	15.80	15.80	15.77	15.77	30	17
2025-08-15  12:41:00	15.81	15.83	15.76	15.77	419	129
2025-08-15  12:40:00	15.85	15.85	15.80	15.80	39	30
2025-08-15  12:39:00	15.85	15.85	15.85	15.85	20	13
2025-08-15  12:38:00	15.89	15.89	15.83	15.83	66	28
2025-08-15  12:37:00	15.85	15.90	15.85	15.86	24	15
2025-08-15  12:36:00	15.85	15.85	15.80	15.84	158	47
2025-08-15  12:34:00	15.80	15.81	15.80	15.80	20	15
2025-08-15  12:33:00	15.83	15.83	15.80	15.83	40	20
2025-08-15  12:32:00	15.85	15.85	15.80	15.83	3	3
2025-08-15  12:30:00	15.85	15.85	15.82	15.82	21	16
2025-08-15  12:29:00	15.80	15.85	15.80	15.83	99	33
2025-08-15  12:28:00	15.80	15.80	15.80	15.80	122	37
2025-08-15  12:27:00	15.76	15.80	15.76	15.80	43	12
2025-08-15  12:26:00	15.75	15.75	15.75	15.75	26	8
2025-08-15  12:25:00	15.79	15.79	15.75	15.75	81	28
2025-08-15  12:24:00	15.80	15.80	15.75	15.79	6	6
2025-08-15  12:23:00	15.80	15.80	15.78	15.78	7	6
2025-08-15  12:22:00	15.80	15.80	15.77	15.80	77	33
2025-08-15  12:21:00	15.80	15.82	15.80	15.80	28	14
2025-08-15  12:20:00	15.80	15.80	15.78	15.78	29	11
2025-08-15  12:19:00	15.78	15.80	15.78	15.80	45	22