 [ID0] SPY[M]  5 Min  #7			Formula Source Sheet #2.  Enter and modify formulas for this sheet on Sheet2																							[ID2] Ask/Bid Volume Difference Bars
Date Time	[ID0.SG1] Open	[ID0.SG2] High	[ID0.SG3] Low	[ID0.SG4] Last	[ID0.SG5] Volume	[ID0.SG6] # of Trades				K	L	M	N	O	P	Q	R	S	T	U	V	W	X	Y	Z	[ID2.SG1] Open	[ID2.SG2] High	[ID2.SG3] Low	[ID2.SG4] Close
2025-08-27  19:50:00	644.78	644.82	644.70	644.70	651	4																				-51	-51	-351	-51
2025-08-27  19:45:00	644.76	644.86	644.70	644.81	3960	24																				0	390	-810	-480
2025-08-27  19:40:00	644.91	644.92	644.79	644.82	6132	33																				-200	-200	-2291	-932
2025-08-27  19:35:00	644.82	644.92	644.79	644.92	5872	20																				0	2848	-500	2848
2025-08-27  19:30:00	644.91	644.92	644.77	644.85	3081	21																				0	287	-597	287
2025-08-27  19:25:00	644.81	644.90	644.80	644.89	5947	25																				-200	-200	-1248	-791
2025-08-27  19:20:00	644.77	644.82	644.75	644.82	618	5																				-45	-45	-308	-308
2025-08-27  19:15:00	644.91	644.91	644.82	644.82	2400	12																				0	200	-1200	-1200
2025-08-27  19:10:00	645.02	645.02	644.95	644.95	510	4																				100	510	100	510
2025-08-27  19:05:00	645.09	645.11	644.91	645.06	7597	21																				-797	-797	-5597	-4597
2025-08-27  19:00:00	644.97	645.00	644.79	645.00	5431	35																				0	2019	-400	1719
2025-08-27  18:55:00	645.02	645.04	644.93	644.98	1302	12																				102	502	102	302
2025-08-27  18:50:00	645.15	645.17	645.15	645.17	1000	6																				-100	-100	-1000	-1000
2025-08-27  18:45:00	645.10	645.14	644.97	644.99	1713	12																				500	1313	500	1313
2025-08-27  18:40:00	645.22	645.28	645.01	645.09	9909	63																				0	400	-5701	-5701
2025-08-27  18:35:00	645.23	645.29	645.20	645.23	4100	10																				0	3300	-400	3300
2025-08-27  18:30:00	646.63	646.63	644.87	645.23	1880	12																				0	501	-206	-206
2025-08-27  18:25:00	644.86	644.86	644.69	644.81	9728	33																				0	303	-3872	-3872
2025-08-27  18:20:00	644.73	644.80	644.72	644.80	4510	5																				0	410	-3590	-3490
2025-08-27  18:15:00	644.90	644.92	644.75	644.75	3080	12																				-150	-150	-1162	-1032
2025-08-27  18:10:00	644.89	645.22	644.89	644.99	9725	32																				0	5075	-490	5075
2025-08-27  18:05:00	645.06	645.18	644.77	644.86	20956	126																				0	494	-7000	-5474
2025-08-27  18:00:00	645.70	645.70	644.65	644.90	54462	246																				-100	-100	-26023	-23676
2025-08-27  17:55:00	645.82	645.82	645.74	645.75	4315	19																				0	800	-664	167
2025-08-27  17:50:00	645.77	645.92	645.75	645.80	9277	31																				-115	-115	-7969	-7469
2025-08-27  17:45:00	645.87	646.19	645.80	645.80	19849	53																				0	11652	-955	9679
2025-08-27  17:40:00	646.02	646.02	645.95	645.95	3792	19																				-300	-300	-2392	-2392
2025-08-27  17:35:00	646.06	646.07	646.00	646.01	4913	18																				-27	-27	-4713	-4713
2025-08-27  17:30:00	646.06	646.13	646.05	646.08	3848	20																				-250	-250	-2848	-2848
2025-08-27  17:25:00	645.99	646.06	645.96	646.03	16058	46																				0	6184	-1730	6184
2025-08-27  17:20:00	645.95	646.00	645.88	645.96	20159	83																				-593	-593	-9729	-9229
2025-08-27  17:15:00	646.05	646.13	646.00	646.00	30759	149																				0	5646	-69	3235
2025-08-27  17:10:00	645.85	646.20	645.76	646.06	20574	87																				0	627	-3673	-3104
2025-08-27  17:05:00	645.59	645.86	645.53	645.85	25252	106																				0	2383	-6117	-4972
2025-08-27  17:00:00	645.46	645.70	645.46	645.52	11349	42																				0	5698	-100	5121
2025-08-27  16:55:00	645.43	645.71	645.39	645.68	112460	373																				0	41460	-7865	-4726
2025-08-27  16:50:00	645.19	645.55	645.04	645.45	367222	1555																				4300	123264	4300	123264
2025-08-27  16:45:00	645.01	645.24	644.81	645.20	300604	1149																				0	146676	-4677	146676
2025-08-27  16:40:00	644.96	645.24	644.89	645.01	121932	478																				0	9200	-15966	-11008
2025-08-27  16:35:00	645.15	645.50	644.67	644.94	44625	250																				0	2630	-3657	131
2025-08-27  16:30:00	645.86	645.96	644.62	645.04	131516	512																				0	10758	-11862	-4268
2025-08-27  16:25:00	644.37	645.96	644.21	645.87	374430	1114																				0	115	-122544	-122544
2025-08-27  16:20:00	646.64	647.64	643.15	644.47	591085	1753																				0	3852	-60005	-52843
2025-08-27  16:15:00	646.54	646.72	646.35	646.53	57619	183																				0	4514	-3034	-1235
2025-08-27  16:10:00	646.63	646.63	646.42	646.53	152975	610																				0	41313	-8670	41213
2025-08-27  16:05:00	646.40	646.72	646.30	646.62	247289	882																				0	46927	-1619	41225
2025-08-27  16:00:00	646.61	646.71	646.38	646.39	1331628	1634																				863358	916158	863358	863358
2025-08-27  15:55:00	647.03	647.37	646.60	646.62	2171790	12108																				0	199838	-672	199838
2025-08-27  15:50:00	647.10	647.36	646.96	647.03	1037495	6525																				0	22388	-40814	-3545
2025-08-27  15:45:00	647.15	647.22	647.01	647.10	540487	3325																				0	3732	-28138	-285
2025-08-27  15:40:00	647.07	647.27	647.04	647.14	544172	3280																				-252	-252	-52763	-38778
2025-08-27  15:35:00	646.79	647.09	646.77	647.06	379960	2350																				0	13411	-12657	11596
2025-08-27  15:30:00	646.65	646.83	646.65	646.79	335708	2150																				0	48760	-1414	47746
2025-08-27  15:25:00	646.56	646.72	646.52	646.66	264901	1785		Currency Value Per Tick (read-only):	0.009999999776482582																	466	23579	466	14099
2025-08-27  15:20:00	646.61	646.66	646.39	646.56	307820	1995		Connected to Data Feed (read-only):	1																	0	11596	-17847	11596
2025-08-27  15:15:00	646.13	646.65	646.10	646.61	767341	4703																				0	100055	-1071	70769
2025-08-27  15:10:00	646.83	646.84	645.82	646.12	1157421	7371																				0	110606	-28012	110421
2025-08-27  15:05:00	646.93	646.95	646.79	646.85	362087	2351																				0	1556	-23709	-1927
2025-08-27  15:00:00	647.03	647.06	646.85	646.93	400322	2643																				4037	74935	4037	72958
2025-08-27  14:55:00	647.10	647.18	647.01	647.04	287469	1848																				0	2253	-37896	-15031
2025-08-27  14:50:00	647.21	647.29	647.09	647.11	270974	1662																				1430	36494	1430	29372
2025-08-27  14:45:00	647.18	647.31	647.17	647.20	267138	1794																				0	26485	-4490	-4490
2025-08-27  14:40:00	647.20	647.24	647.14	647.18	282428	1566																				0	21728	-13535	11870
2025-08-27  14:35:00	647.20	647.28	647.15	647.21	226342	1544																				0	41968	-320	41868
2025-08-27  14:30:00	647.25	647.31	647.15	647.20	176354	1278																				0	12565	-11325	11118
2025-08-27  14:25:00	647.31	647.35	647.21	647.26	201956	1364																				0	10199	-11968	7696
2025-08-27  14:20:00	647.12	647.34	647.06	647.32	303064	1814																				0	16650	-13690	-6030
2025-08-27  14:15:00	647.19	647.35	647.13	647.13	468953	2908																				0	41980	-31715	41555
2025-08-27  14:10:00	646.72	647.30	646.72	647.18	537205	3205																				100	147680	100	119101
2025-08-27  14:05:00	646.64	646.80	646.58	646.72	235974	1499																				700	14614	700	11534
2025-08-27  14:00:00	646.76	646.81	646.61	646.64	386714	2235																				0	9453	-50353	-30370
2025-08-27  13:55:00	646.71	646.82	646.62	646.76	187992	1257																				0	29116	-5538	29116
2025-08-27  13:50:00	646.62	646.76	646.58	646.71	160030	1131		Chart Start Time (read-only):	09:30:00																	0	18010	-6598	17610
2025-08-27  13:45:00	646.63	646.71	646.53	646.63	179666	1208		Chart End Time (read-only):	16:00:00																	0	20244	-309	18670
2025-08-27  13:40:00	646.66	646.71	646.57	646.65	166515	933		Number of Bars (read-only):	4250																	0	15741	-3144	-1547
2025-08-27  13:35:00	646.55	646.68	646.51	646.64	269234	1543																				0	19168	-16149	11866
2025-08-27  13:30:00	646.45	646.64	646.44	646.54	209133	1270																				1147	57342	1147	53279
2025-08-27  13:25:00	646.42	646.51	646.34	646.45	256177	1485																				0	10132	-20831	-20521
2025-08-27  13:20:00	646.36	646.46	646.22	646.42	231950	1572																				0	20444	-14570	19050
2025-08-27  13:15:00	646.48	646.51	646.30	646.36	194259	1401																				0	21418	-2870	19675
2025-08-27  13:10:00	646.42	646.55	646.40	646.49	335464	1738																				0	72089	-189	69466
2025-08-27  13:05:00	646.36	646.45	646.29	646.45	231907	1514																				0	7551	-10149	5749
2025-08-27  13:00:00	646.29	646.39	646.04	646.36	265719	1769																				0	4051	-19848	-15097
2025-08-27  12:55:00	646.47	646.53	646.28	646.30	423246	2711																				0	6211	-30827	-25798
2025-08-27  12:50:00	646.24	646.49	646.22	646.47	419917	2369																				0	24067	-10799	11733
2025-08-27  12:45:00	645.78	646.26	645.74	646.25	324961	2219																				0	5632	-14404	-615
2025-08-27  12:40:00	645.82	645.98	645.75	645.79	199221	1486																				0	20721	-5329	20721
2025-08-27  12:35:00	645.86	645.98	645.38	645.83	274672	1974																				0	14706	-8247	-5146
2025-08-27  12:30:00	645.96	646.05	645.75	645.86	268498	2000																				0	15113	-695	4712
2025-08-27  12:25:00	645.85	645.97	645.48	645.96	779789	5251																				0	2408	-76145	-45823
2025-08-27  12:20:00	646.28	646.29	645.78	645.83	360687	2213																				0	4648	-33188	-32315
2025-08-27  12:15:00	646.44	646.46	646.27	646.27	153980	1008																				0	21283	-500	20066
2025-08-27  12:10:00	646.57	646.57	646.38	646.45	132931	910																				0	1778	-32199	-31699
2025-08-27  12:05:00	646.51	646.60	646.46	646.57	126119	897																				0	12277	-2779	2105
2025-08-27  12:00:00	646.55	646.58	646.47	646.53	118932	873																				0	10008	-3434	5874
2025-08-27  11:55:00	646.53	646.68	646.51	646.54	281063	1707																				100	76227	100	72357
2025-08-27  11:50:00	646.61	646.69	646.50	646.53	193266	1229																				0	27949	-2696	16066
2025-08-27  11:45:00	646.31	646.65	646.28	646.61	290006	1911																				0	44387	-16479	38420
2025-08-27  11:40:00	646.51	646.51	645.91	646.32	507359	3402																				0	326	-76690	-39767
2025-08-27  11:35:00	646.34	646.53	646.30	646.51	185585	1120																				0	23038	-278	7437
2025-08-27  11:30:00	646.30	646.41	646.11	646.36	224431	1583																				0	1617	-24099	-24099
2025-08-27  11:25:00	646.49	646.49	646.25	646.30	259145	1823																				0	14862	-19423	-19123
2025-08-27  11:20:00	646.34	646.54	646.33	646.51	311584	1813																				0	13699	-12948	-9064
2025-08-27  11:15:00	646.38	646.48	646.30	646.34	224031	1457																				0	26222	-2367	23677
2025-08-27  11:10:00	646.39	646.49	646.29	646.39	198589	1408																				0	15231	0	11931
2025-08-27  11:05:00	646.22	646.42	646.18	646.39	335751	2256																				0	8076	-18861	-14649
2025-08-27  11:00:00	646.19	646.40	646.19	646.21	228073	1574																				-1421	-1421	-28697	-27507
2025-08-27  10:55:00	646.27	646.41	646.18	646.18	262875	1820																				-100	-100	-23852	-14251
2025-08-27  10:50:00	646.09	646.30	646.02	646.26	226832	1644																				0	14484	-5278	5670
2025-08-27  10:45:00	646.09	646.13	645.75	646.10	407385	2915																				0	3404	-27081	1289
2025-08-27  10:40:00	646.18	646.25	646.06	646.09	365224	2417																				0	19615	-9974	15180
2025-08-27  10:35:00	646.34	646.38	646.13	646.19	300582	1984																				0	6771	-17342	3324
2025-08-27  10:30:00	646.11	646.41	646.04	646.34	482989	2958																				0	4663	-100271	-98461
2025-08-27  10:25:00	646.22	646.29	646.02	646.12	344617	2070																				0	29327	-6911	17967
2025-08-27  10:20:00	646.23	646.34	645.99	646.22	589179	3898																				0	1612	-35911	-11937
2025-08-27  10:15:00	645.84	646.26	645.83	646.22	641154	4162																				0	13390	-42500	-19574
2025-08-27  10:10:00	645.66	645.87	645.55	645.84	445458	2942																				0	2318	-49762	-35546
2025-08-27  10:05:00	645.38	645.71	645.31	645.66	383238	2702																				0	19332	-6614	5770
2025-08-27  10:00:00	645.35	645.62	645.26	645.39	579721	4010																				0	31198	-1167	25565
2025-08-27  09:55:00	645.39	645.42	645.03	645.35	448182	3347																				0	668	-41681	-34888
2025-08-27  09:50:00	644.94	645.44	644.82	645.40	564163	3980																				0	15486	-16559	-1729
2025-08-27  09:45:00	645.39	645.40	644.81	644.92	841424	5887																				-1190	-1190	-94173	-90484
2025-08-27  09:40:00	645.34	645.53	645.04	645.36	676406	4765																				-1243	-1243	-58914	-54626
2025-08-27  09:35:00	645.06	645.45	644.89	645.35	703475	5101																				0	36440	-1916	22253
2025-08-27  09:30:00	644.57	645.13	644.42	645.06	913182	5709																				-60003	-60003	-132318	-63146
2025-08-27  09:25:00	644.79	644.88	644.57	644.57	24852	122																				23	3110	23	872
2025-08-27  09:20:00	644.85	644.85	644.69	644.82	15408	79																				0	5912	-1386	5092
2025-08-27  09:15:00	645.00	645.02	644.81	644.85	19015	88																				600	7129	600	7029
2025-08-27  09:10:00	644.89	645.04	644.85	645.00	34438	127																				0	2546	-9880	-4620
2025-08-27  09:05:00	644.98	645.08	644.75	644.87	37573	177																				0	437	-11185	-10401
2025-08-27  09:00:00	645.23	645.26	645.00	645.00	11934	59																				0	2698	-318	598
2025-08-27  08:55:00	645.19	645.26	645.11	645.26	7976	41																				0	444	-1787	-88
2025-08-27  08:50:00	645.21	645.23	645.13	645.19	7391	30																				0	915	-1544	-431
2025-08-27  08:45:00	645.06	645.29	645.03	645.25	18696	80																				0	6874	-181	6874
2025-08-27  08:40:00	645.20	645.20	644.95	644.99	28141	124																				-100	-100	-6638	-4537
2025-08-27  08:35:00	645.29	645.31	645.19	645.21	9462	54																				0	2020	-804	1358
2025-08-27  08:30:00	645.58	645.66	645.26	645.28	18039	106																				0	1663	-6011	-5773
2025-08-27  08:25:00	645.79	645.79	645.56	645.58	4618	31																				0	587	-1205	546
2025-08-27  08:20:00	645.91	645.95	645.89	645.92	1419	8																				-760	-760	-1219	-1219
2025-08-27  08:15:00	645.91	646.00	645.88	645.96	4602	28																				0	2198	-700	2198
2025-08-27  08:10:00	645.88	645.97	645.86	645.94	6439	20																				0	2379	-1167	2179
2025-08-27  08:05:00	645.76	645.82	645.76	645.81	1128	5																				500	640	500	512
2025-08-27  08:00:00	645.62	645.92	645.08	645.73	43929	134																				-879	-879	-9853	-9853
2025-08-27  07:55:00	645.90	645.90	645.77	645.79	4138	21																				2576	3026	2576	3026
2025-08-27  07:50:00	645.89	645.89	645.86	645.86	241	2																				141	241	141	241
2025-08-27  07:45:00	645.82	645.90	645.80	645.89	7405	43																				-167	-167	-5777	-5477
2025-08-27  07:40:00	645.89	645.89	645.80	645.82	4400	22																				0	600	-1280	-1200
2025-08-27  07:35:00	645.79	645.86	645.79	645.86	6307	39																				100	1507	100	1107
2025-08-27  07:30:00	645.76	645.78	645.75	645.78	500	3																				0	100	-200	100
2025-08-27  07:25:00	645.73	645.76	645.71	645.76	966	3																				0	100	-469	-172
2025-08-27  07:20:00	645.78	645.85	645.74	645.74	2534	20																				0	1600	0	1066
2025-08-27  07:15:00	645.75	645.81	645.75	645.77	1700	11																				400	1700	400	1700
2025-08-27  07:10:00	645.68	645.75	645.64	645.75	2500	11																				0	1900	-200	1900
2025-08-27  07:05:00	645.62	645.63	645.53	645.60	7900	68																				3060	3700	3060	3160
2025-08-27  07:00:00	645.72	645.72	645.56	645.56	1200	12																				-100	-100	-800	-800
2025-08-27  06:50:00	645.61	645.64	645.60	645.64	700	7																				-500	-500	-600	-500
2025-08-27  06:45:00	645.68	645.71	645.64	645.71	1200	12																				-100	-100	-900	-800
2025-08-27  06:40:00	645.69	645.69	645.69	645.69	400	4																				-400	-400	-400	-400
2025-08-27  06:35:00	645.65	645.65	645.65	645.65	2770	10																				750	2370	750	1970
2025-08-27  06:30:00	645.78	645.78	645.71	645.71	1477	11																				0	577	-123	-123
2025-08-27  06:25:00	645.76	645.76	645.76	645.76	320	2																				-320	-320	-320	-320
2025-08-27  06:20:00	645.61	645.61	645.57	645.57	200	2																				0	100	0	0
2025-08-27  06:15:00	645.69	645.69	645.65	645.65	200	2																				0	100	0	0
2025-08-27  06:10:00	645.60	645.60	645.57	645.57	307	3																				-107	-107	-307	-307
2025-08-27  06:00:00	645.61	645.63	645.61	645.63	600	6																				-200	-200	-600	-600
2025-08-27  05:55:00	645.63	645.63	645.63	645.63	100	1																				-100	-100	-100	-100
2025-08-27  05:50:00	645.68	645.68	645.67	645.67	600	6																				0	400	-100	400
2025-08-27  05:40:00	645.68	645.68	645.68	645.68	100	1																				100	100	100	100
2025-08-27  05:35:00	645.72	645.77	645.71	645.77	500	5																				-100	-100	-200	-100
2025-08-27  05:30:00	645.69	645.71	645.69	645.71	1300	7																				900	1300	900	1300
2025-08-27  05:25:00	645.65	645.65	645.62	645.62	200	2																				-100	-100	-200	-200
2025-08-27  05:15:00	645.50	645.55	645.50	645.55	482	4																				-118	-118	-300	-118
2025-08-27  05:10:00	645.56	645.56	645.56	645.56	100	1																				100	100	100	100
2025-08-27  05:05:00	645.54	645.55	645.51	645.51	1100	11																				700	900	700	700
2025-08-27  05:00:00	645.42	645.53	645.42	645.42	400	4																				0	100	-200	-200
2025-08-27  04:55:00	645.32	645.39	645.32	645.39	400	3																				100	400	100	400
2025-08-27  04:50:00	645.10	645.11	645.10	645.11	200	2																				0	100	0	0
2025-08-27  04:45:00	645.00	645.00	644.99	644.99	920	4																				-820	-820	-920	-920
2025-08-27  04:40:00	645.32	645.32	645.32	645.32	100	1																				100	100	100	100
2025-08-27  04:35:00	645.07	645.26	645.06	645.26	1860	12																				-340	-340	-1000	-340
2025-08-27  04:30:00	645.28	645.28	645.10	645.10	400	4																				0	200	0	0
2025-08-27  04:25:00	645.15	645.28	645.15	645.24	600	5																				-100	-100	-400	-200
2025-08-27  04:20:00	645.32	645.32	645.16	645.16	2391	8																				-1391	-1391	-1891	-1391
2025-08-27  04:15:00	645.18	645.35	645.18	645.31	1410	10																				100	1010	100	810
2025-08-27  04:10:00	645.32	645.35	645.22	645.22	1109	8																				0	709	-200	709
2025-08-27  04:05:00	645.45	645.46	645.34	645.34	1712	16																				0	212	-1088	-1088
2025-08-27  04:00:00	645.50	645.50	645.41	645.47	1687	13																				-287	-287	-687	-287
2025-08-26  20:00:00	645.16	645.16	645.16	645.16	1	1																				-1	-1	-1	-1
2025-08-26  19:55:00	645.78	645.80	645.71	645.71	15043	45																				1000	9183	1000	8427
2025-08-26  19:50:00	645.72	645.74	645.70	645.74	2599	15																				0	100	-1400	-999
2025-08-26  19:45:00	645.79	645.80	645.72	645.72	4623	20																				100	1500	100	827
2025-08-26  19:40:00	645.83	645.83	645.80	645.80	1840	8																				0	1560	-140	1560
2025-08-26  19:35:00	645.84	645.84	645.84	645.84	600	2																				0	200	-200	200
2025-08-26  19:30:00	645.74	645.74	645.74	645.74	100	1																				-100	-100	-100	-100
2025-08-26  19:25:00	645.70	645.70	645.70	645.70	200	1																				-200	-200	-200	-200
2025-08-26  19:20:00	645.70	645.70	645.68	645.68	368	2																				368	368	368	368
2025-08-26  19:15:00	645.68	645.68	645.68	645.68	198	1																				198	198	198	198
2025-08-26  19:10:00	645.73	645.73	645.68	645.68	200	2																				0	100	0	0
2025-08-26  19:05:00	645.72	645.72	645.72	645.72	200	1																				-200	-200	-200	-200
2025-08-26  19:00:00	645.75	645.78	645.71	645.74	3100	17																				200	2700	200	2700
2025-08-26  18:55:00	645.81	645.81	645.71	645.75	750	4																				150	350	150	350
2025-08-26  18:50:00	645.76	645.76	645.76	645.76	100	1																				-100	-100	-100	-100
2025-08-26  18:45:00	645.75	645.75	645.74	645.74	1627	4																				-127	-127	-1627	-1627
2025-08-26  18:40:00	645.76	645.76	645.74	645.74	298	2																				0	100	-98	-98
2025-08-26  18:35:00	645.79	645.79	645.75	645.75	2100	6																				-2000	-2000	-2100	-2100
2025-08-26  18:30:00	645.16	645.69	645.16	645.69	1101	3																				-1	-1	-1101	-1101
2025-08-26  18:25:00	645.69	645.75	645.68	645.75	670	4																				0	162	-237	-128
2025-08-26  18:20:00	645.70	645.72	645.70	645.72	600	5																				0	200	0	0
2025-08-26  18:15:00	645.76	645.76	645.72	645.72	500	3																				-100	-100	-100	-100
2025-08-26  18:10:00	645.73	645.81	645.73	645.78	10177	45																				0	639	-2945	-2945
2025-08-26  18:05:00	645.80	645.80	645.70	645.74	4395	20																				0	205	-1095	205
2025-08-26  18:00:00	645.73	645.90	645.60	645.80	17406	67																				0	2099	-1221	-216
2025-08-26  17:55:00	645.68	645.72	645.68	645.72	1572	11																				0	511	-100	116
2025-08-26  17:50:00	645.67	645.69	645.67	645.69	370	3																				0	30	-170	30
2025-08-26  17:45:00	645.67	645.69	645.65	645.69	1767	13																				0	396	-20	335
2025-08-26  17:40:00	645.67	645.69	645.65	645.66	1380	9																				-169	-169	-519	-280
2025-08-26  17:35:00	645.66	645.68	645.66	645.68	1801	8																				-119	-119	-1401	-1401
2025-08-26  17:30:00	645.65	645.70	645.65	645.66	1957	7																				-200	-200	-1757	-1757
2025-08-26  17:25:00	645.62	645.65	645.61	645.65	5313	18																				-208	-208	-2305	-2305
2025-08-26  17:20:00	645.64	645.67	645.63	645.63	8019	28																				0	1548	-1621	-1021
2025-08-26  17:15:00	645.70	645.71	645.61	645.64	10275	27																				0	298	-5989	-5989
2025-08-26  17:10:00	645.70	645.71	645.69	645.70	3755	16																				0	300	-2355	-2355
2025-08-26  17:05:00	645.69	645.71	645.68	645.69	6362	20																				-200	-200	-4672	-4672
2025-08-26  17:00:00	645.78	645.78	645.68	645.72	854	7																				114	314	114	262
2025-08-26  16:55:00	645.77	645.79	645.75	645.78	4696	19																				0	371	-1362	-1162
2025-08-26  16:50:00	645.77	645.79	645.74	645.77	6887	37																				0	400	-3993	-3993
2025-08-26  16:45:00	645.74	645.79	645.73	645.77	6052	41																				221	2247	221	2086
2025-08-26  16:40:00	645.61	645.75	645.61	645.75	19048	70																				0	3194	-1051	2028
2025-08-26  16:35:00	645.61	645.61	645.57	645.59	10210	53																				-100	-100	-3615	-2164
2025-08-26  16:30:00	645.65	645.75	645.64	645.65	68852	193																				8305	32952	8305	32452
2025-08-26  16:25:00	645.58	645.65	645.55	645.64	56810	204																				0	27742	-2659	27188
2025-08-26  16:20:00	645.60	645.69	645.57	645.58	80830	255																				0	13290	-8731	11766
2025-08-26  16:15:00	645.67	645.67	645.59	645.61	47760	206																				1133	12851	1133	10142
2025-08-26  16:10:00	645.16	645.71	645.16	645.68	168620	585																				0	34428	-1928	34428
2025-08-26  16:05:00	645.21	645.64	645.20	645.53	200520	726																				255	41328	255	41328
2025-08-26  16:00:00	645.13	645.38	644.96	645.21	1775795	1644																				1270851	1347479	1270851	1316411
2025-08-26  15:55:00	644.77	645.51	644.77	645.13	3298844	17204																				0	267736	-25737	267736
2025-08-26  15:50:00	644.26	645.12	644.12	644.77	1676261	9599																				0	100017	-8071	57247
2025-08-26  15:45:00	643.96	644.31	643.92	644.25	696522	4150																				0	55773	-42878	-20052
2025-08-26  15:40:00	644.22	644.25	643.92	643.95	997598	5613																				0	95498	-11716	94998
2025-08-26  15:35:00	644.65	644.66	644.18	644.22	712569	4433																				0	166081	-6644	166081
2025-08-26  15:30:00	644.55	644.85	644.46	644.64	652414	4412																				1487	153348	1487	153348
2025-08-26  15:25:00	644.52	644.64	644.29	644.56	680999	3978																				0	15045	-38575	-24355
2025-08-26  15:20:00	643.89	644.71	643.87	644.51	875575	5809																				0	42755	-46807	-46071
2025-08-26  15:15:00	643.91	643.99	643.83	643.89	335681	2145																				0	30710	-1707	873
2025-08-26  15:10:00	643.73	643.92	643.73	643.91	260573	1681																				0	42251	-200	42251
2025-08-26  15:05:00	643.76	643.76	643.61	643.73	240332	1556																				0	15242	-3403	12754
2025-08-26  15:00:00	643.89	643.92	643.69	643.77	267765	1497																				0	18688	-7498	1607
2025-08-26  14:55:00	643.78	644.09	643.77	643.90	468599	2548																				0	82301	-16700	69219
2025-08-26  14:50:00	643.78	643.79	643.60	643.77	290508	1700																				0	758	-22593	-1222
2025-08-26  14:45:00	643.73	643.81	643.60	643.78	226174	1516																				0	702	-37018	-36176
2025-08-26  14:40:00	643.68	643.87	643.65	643.73	265080	1623																				0	5874	-12550	-9806
2025-08-26  14:35:00	643.60	643.75	643.59	643.69	247338	1737																				0	14009	-24209	-22196
2025-08-26  14:30:00	643.52	643.74	643.51	643.62	346033	2316																				0	33699	-294	29677
2025-08-26  14:25:00	643.40	643.53	643.35	643.51	198975	1186																				0	4352	-24310	-7079
2025-08-26  14:20:00	643.47	643.47	643.31	643.39	246634	1548																				0	3206	-48736	-48736
2025-08-26  14:15:00	643.26	643.48	643.26	643.46	228227	1455																				0	946	-41229	-36029
2025-08-26  14:10:00	643.14	643.40	643.10	643.26	322006	1912																				0	9207	-23863	-18324
2025-08-26  14:05:00	642.97	643.16	642.90	643.14	268195	1618																				0	8013	-18629	-18629
2025-08-26  14:00:00	642.86	643.06	642.79	642.98	233903	1437																				0	23181	-2780	15753
2025-08-26  13:55:00	642.53	642.92	642.43	642.86	291275	1841																				342	32472	342	21373
2025-08-26  13:50:00	642.97	643.03	642.47	642.53	303965	1672																				0	4404	-70874	-66019
2025-08-26  13:45:00	643.03	643.07	642.89	642.96	161405	1095																				0	18347	-1526	18265
2025-08-26  13:40:00	643.13	643.13	642.88	643.03	298026	1653																				0	36097	-722	34134
2025-08-26  13:35:00	643.17	643.29	643.07	643.14	150800	1029																				0	5490	-4158	4588
2025-08-26  13:30:00	643.50	643.58	643.16	643.19	280298	1807																				-75	-75	-65991	-63862
2025-08-26  13:25:00	643.31	643.59	643.28	643.51	310722	1833																				0	4770	-10699	2974
2025-08-26  13:20:00	643.12	643.34	643.12	643.32	130978	818																				0	4844	-4900	4434
2025-08-26  13:15:00	643.29	643.29	643.09	643.12	119338	809																				0	10370	-321	4858
2025-08-26  13:10:00	643.14	643.31	642.89	643.29	277986	1746																				0	18962	-6282	15610
2025-08-26  13:05:00	643.38	643.47	643.17	643.18	160460	1025																				0	19851	-700	16942
2025-08-26  13:00:00	643.30	643.43	643.20	643.38	139884	937																				0	1200	-17242	592
2025-08-26  12:55:00	643.22	643.36	643.13	643.32	115997	735																				0	2977	-21091	-18411
2025-08-26  12:50:00	643.23	643.36	643.10	643.20	157494	1171																				0	2227	-16583	-11202
2025-08-26  12:45:00	643.40	643.47	643.20	643.22	295061	1885																				-100	-100	-91638	-76435
2025-08-26  12:40:00	643.28	643.50	643.27	643.40	178269	1175																				0	11325	-12835	7145
2025-08-26  12:35:00	643.35	643.44	643.29	643.29	146649	1071																				0	0	-24440	-23491
2025-08-26  12:30:00	643.33	643.42	643.29	643.35	143610	1015																				0	897	-31868	-31300
2025-08-26  12:25:00	643.24	643.38	643.11	643.33	205214	1287																				0	2318	-48852	-48852
2025-08-26  12:20:00	643.41	643.55	643.17	643.23	359935	2235																				0	3504	-38147	-38147
2025-08-26  12:15:00	643.23	643.47	643.21	643.41	388637	2574																				0	19594	-2398	13055
2025-08-26  12:10:00	642.98	643.24	642.96	643.24	216912	1488																				872	16415	872	12900
2025-08-26  12:05:00	643.04	643.08	642.90	642.97	211327	1360																				0	3571	-26168	-3189
2025-08-26  12:00:00	642.76	643.09	642.76	643.03	264081	1561																				708	36766	708	32795
2025-08-26  11:55:00	642.78	642.91	642.69	642.75	162811	1019																				0	13948	-4078	5939
2025-08-26  11:50:00	642.50	642.83	642.40	642.77	223403	1433																				0	20819	-288	1909
2025-08-26  11:45:00	642.69	642.78	642.45	642.49	123537	919																				0	13650	-2516	11703
2025-08-26  11:40:00	642.69	642.77	642.60	642.68	144643	1014																				0	13278	-296	10211
2025-08-26  11:35:00	642.34	642.76	642.29	642.70	166481	1246																				0	2609	-5214	-981
2025-08-26  11:30:00	642.41	642.64	642.33	642.34	217067	1503																				0	784	-24114	-13379
2025-08-26  11:25:00	642.83	642.87	642.40	642.44	209995	1460																				0	8462	-2674	3239
2025-08-26  11:20:00	642.61	642.88	642.59	642.83	206848	1469																				0	14251	-4178	11772
2025-08-26  11:15:00	642.73	642.79	642.29	642.61	361359	1928																				0	547	-113503	-97707
2025-08-26  11:10:00	642.56	642.78	642.32	642.74	505796	2901																				0	2812	-152480	-126298
2025-08-26  11:05:00	642.75	642.86	642.52	642.55	134146	937																				0	7426	-3591	7126
2025-08-26  11:00:00	642.70	642.88	642.56	642.76	224144	1486																				0	5982	-6442	-4936
2025-08-26  10:55:00	642.85	643.09	642.67	642.69	381257	2268																				0	9085	-6963	3847
2025-08-26  10:50:00	642.73	642.88	642.60	642.84	248190	1829																				0	20417	0	17648
2025-08-26  10:45:00	642.91	643.01	642.54	642.72	326860	2141																				0	12484	-30468	-23058
2025-08-26  10:40:00	642.68	642.91	642.49	642.91	313071	2168																				0	22649	-4587	22649
2025-08-26  10:35:00	642.89	643.10	642.66	642.68	291596	1800																				0	31937	-1975	6266
2025-08-26  10:30:00	643.07	643.18	642.82	642.88	355449	2372																				0	7473	-48751	-48751
2025-08-26  10:25:00	643.17	643.27	642.93	643.08	366394	2496																				0	28825	-16325	-13070
2025-08-26  10:20:00	642.73	643.26	642.71	643.18	651700	3956																				0	40972	-12012	-8980
2025-08-26  10:15:00	642.78	643.06	642.67	642.72	437446	2837																				0	26592	-3838	14290
2025-08-26  10:10:00	642.66	643.03	642.38	642.78	526146	3497																				0	63126	-6135	61368
2025-08-26  10:05:00	642.72	642.81	642.46	642.65	469867	3123																				0	4392	-31561	-19881
2025-08-26  10:00:00	642.49	642.86	642.49	642.70	506869	3203																				0	33610	-755	17993
2025-08-26  09:55:00	642.61	642.66	642.26	642.55	437571	2758																				-480	-480	-74059	-72073
2025-08-26  09:50:00	641.76	642.77	641.71	642.61	797215	4748																				0	34340	-45148	17707
2025-08-26  09:45:00	642.73	642.78	641.57	641.75	875016	5716																				-3	-3	-122361	-117500
2025-08-26  09:40:00	642.28	642.85	642.27	642.74	589755	4020																				0	22480	-11466	-10215
2025-08-26  09:35:00	642.60	642.66	641.98	642.31	619644	4084																				-130	-130	-28252	-14434
2025-08-26  09:30:00	642.20	642.81	641.93	642.61	1046929	6236																				108300	168962	108300	166639
2025-08-26  09:25:00	642.24	642.31	642.12	642.12	24578	137																				0	3723	-1300	1684
2025-08-26  09:20:00	642.28	642.31	642.19	642.22	4575	33																				0	871	-770	571
2025-08-26  09:15:00	642.25	642.29	642.22	642.26	8607	53																				0	1537	-1340	1537
2025-08-26  09:10:00	642.27	642.39	642.26	642.30	6172	34																				0	826	-1647	826
2025-08-26  09:05:00	642.22	642.31	642.15	642.27	24055	118																				-270	-270	-16352	-15931
2025-08-26  09:00:00	642.19	642.36	642.09	642.18	11427	62																				0	1212	-533	-533
2025-08-26  08:55:00	642.02	642.20	642.00	642.18	6289	30																				1000	2789	1000	2689
2025-08-26  08:50:00	642.19	642.27	642.00	642.02	6016	29																				0	1005	-626	-566
2025-08-26  08:45:00	642.17	642.25	642.16	642.24	5640	35																				0	3826	0	3826
2025-08-26  08:40:00	642.21	642.22	642.07	642.15	11776	41																				0	9136	-150	9136
2025-08-26  08:35:00	642.25	642.25	642.00	642.13	9662	43																				0	1401	-2828	-2102
2025-08-26  08:30:00	641.87	642.25	641.85	642.22	20073	70																				0	1940	-8145	-8045
2025-08-26  08:25:00	642.04	642.05	641.87	641.94	4392	33																				0	200	-1197	-1002
2025-08-26  08:20:00	641.84	642.08	641.84	642.03	4424	23																				0	1540	-270	-58
2025-08-26  08:15:00	641.58	641.98	641.44	641.93	7140	46																				-368	-368	-1142	-392
2025-08-26  08:10:00	641.71	641.85	641.60	641.61	9121	55																				0	3989	-100	3679
2025-08-26  08:05:00	641.87	641.93	641.71	641.71	4748	27																				-713	-713	-1968	-1968
2025-08-26  08:00:00	642.23	642.50	640.73	641.84	33780	163																				0	3027	-13110	-13110
2025-08-26  07:55:00	641.90	642.11	641.90	642.06	5470	42																				0	1247	-510	-310
2025-08-26  07:50:00	641.74	641.87	641.71	641.85	4609	27																				0	1393	-117	767
2025-08-26  07:45:00	641.71	641.71	641.53	641.61	2219	13																				100	1509	100	1509
2025-08-26  07:40:00	641.71	641.80	641.71	641.74	1875	17																				-125	-125	-1875	-1875
2025-08-26  07:35:00	641.73	641.73	641.64	641.64	4274	27																				0	900	-1474	-1474
2025-08-26  07:30:00	641.95	641.95	641.65	641.70	6065	28																				0	2279	-421	1985
2025-08-26  07:25:00	642.01	642.06	641.94	641.94	4241	27																				0	1431	-855	731
2025-08-26  07:20:00	641.94	642.00	641.92	642.00	2821	25																				0	1579	-21	1579
2025-08-26  07:15:00	642.02	642.02	641.98	642.00	8577	27																				0	7481	-423	7231
2025-08-26  07:10:00	642.16	642.21	642.14	642.15	2100	14																				0	500	-900	-900
2025-08-26  07:05:00	642.15	642.15	642.15	642.15	498	4																				-498	-498	-498	-498
2025-08-26  07:00:00	642.31	642.32	642.20	642.20	4637	30																				0	200	-3837	-3837
2025-08-26  06:55:00	642.29	642.29	642.29	642.29	300	1																				-300	-300	-300	-300
2025-08-26  06:50:00	642.28	642.28	642.21	642.25	6905	40																				0	100	-4821	-4821
2025-08-26  06:45:00	642.30	642.30	642.24	642.24	1033	2																				933	1033	933	1033
2025-08-26  06:35:00	642.44	642.44	642.43	642.44	600	6																				0	100	-300	-200
2025-08-26  06:30:00	642.28	642.41	642.28	642.41	600	6																				0	100	-200	0
2025-08-26  06:20:00	642.27	642.27	642.23	642.27	900	8																				0	100	-600	-500
2025-08-26  06:15:00	642.38	642.42	642.37	642.41	5443	25																				945	3396	945	1949
2025-08-26  06:10:00	642.21	642.41	642.20	642.41	1550	10																				0	500	-50	50
2025-08-26  06:05:00	642.24	642.25	642.09	642.09	500	5																				100	200	100	100
2025-08-26  06:00:00	642.07	642.31	642.07	642.29	3643	25																				173	2343	173	2243
2025-08-26  05:55:00	641.99	642.13	641.99	642.07	1060	5																				600	860	600	860
2025-08-26  05:50:00	642.01	642.01	642.01	642.01	500	5																				400	500	400	500
2025-08-26  05:40:00	641.89	641.89	641.89	641.89	300	1																				-300	-300	-300	-300
2025-08-26  05:35:00	642.25	642.25	642.12	642.12	500	5																				200	500	200	500
2025-08-26  05:30:00	642.16	642.16	642.15	642.15	540	5																				-540	-540	-540	-540
2025-08-26  05:25:00	642.03	642.03	642.02	642.03	2053	7																				-1247	-1247	-1447	-1247
2025-08-26  05:15:00	642.11	642.11	642.11	642.11	100	1																				-100	-100	-100	-100
2025-08-26  05:10:00	642.01	642.01	642.01	642.01	100	1																				-100	-100	-100	-100
2025-08-26  05:05:00	641.90	641.90	641.90	641.90	250	1																				250	250	250	250
2025-08-26  05:00:00	641.79	641.79	641.60	641.67	1875	9																				3	477	3	227
2025-08-26  04:55:00	641.80	641.80	641.80	641.80	100	1																				100	100	100	100
2025-08-26  04:50:00	641.91	641.91	641.86	641.86	1917	5																				-400	-400	-1917	-1917
2025-08-26  04:45:00	641.87	641.90	641.87	641.90	1480	7																				0	400	-180	120
2025-08-26  04:40:00	641.58	641.62	641.50	641.57	11220	40																				0	2176	-4578	-4288
2025-08-26  04:35:00	641.70	641.70	641.55	641.55	1050	5																				100	650	100	450
2025-08-26  04:30:00	641.60	641.76	641.60	641.73	1180	6																				-180	-180	-880	-780
2025-08-26  04:25:00	641.76	641.76	641.76	641.76	500	1																				500	500	500	500
2025-08-26  04:20:00	641.60	641.60	641.46	641.58	3596	23																				0	864	-1066	864
2025-08-26  04:15:00	641.95	641.95	641.79	641.94	700	7																				0	200	-200	100
2025-08-26  04:10:00	641.70	641.84	641.70	641.79	589	5																				100	300	100	211
2025-08-26  04:05:00	641.47	641.70	641.47	641.66	1274	7																				44	509	44	144
2025-08-26  04:00:00	641.37	641.88	641.33	641.38	4684	36																				611	3404	611	3138
2025-08-25  20:00:00	642.47	642.47	642.47	642.47	1	1																				-1	-1	-1	-1
2025-08-25  19:55:00	643.00	643.05	642.87	643.01	11679	52																				0	1683	-1785	743
2025-08-25  19:50:00	642.91	642.91	642.83	642.89	7217	25																				200	3677	200	3677
2025-08-25  19:45:00	643.00	643.00	642.87	642.95	2154	17																				130	474	130	474
2025-08-25  19:40:00	643.03	643.03	642.95	642.95	499	4																				0	99	-101	-101
2025-08-25  19:35:00	643.07	643.07	643.00	643.02	6795	22																				600	4109	600	4109
2025-08-25  19:30:00	643.08	643.19	643.03	643.19	1141	6																				61	561	61	561
2025-08-25  19:25:00	643.10	643.10	642.94	643.08	5897	26																				0	697	-2400	697
2025-08-25  19:20:00	643.18	643.18	643.01	643.05	3443	19																				0	100	-1547	-1547
2025-08-25  19:15:00	643.20	643.21	643.20	643.21	360	2																				-140	-140	-250	-140
2025-08-25  19:10:00	643.17	643.21	643.17	643.21	509	2																				0	309	-100	309
2025-08-25  19:05:00	643.26	643.27	643.17	643.17	3324	22																				-100	-100	-2116	-2116
2025-08-25  19:00:00	643.27	643.33	643.27	643.28	1100	6																				-500	-500	-900	-900
2025-08-25  18:55:00	643.28	643.28	643.17	643.17	2202	14																				202	1402	202	1402
2025-08-25  18:50:00	643.28	643.28	643.28	643.28	250	2																				250	250	250	250
2025-08-25  18:45:00	643.25	643.26	643.18	643.20	1577	7																				-124	-124	-685	-685
2025-08-25  18:40:00	643.22	643.32	643.22	643.30	2416	9																				0	1916	-250	1916
2025-08-25  18:35:00	643.22	643.22	643.22	643.22	200	1																				200	200	200	200
2025-08-25  18:30:00	642.47	643.20	642.47	643.19	927	9																				0	123	-277	-127
2025-08-25  18:25:00	643.31	643.38	643.27	643.27	1819	11																				0	727	-200	235
2025-08-25  18:20:00	643.21	643.27	643.20	643.27	906	8																				0	106	-200	-94
2025-08-25  18:15:00	643.20	643.29	643.20	643.25	1917	7																				-100	-100	-1617	-1317
2025-08-25  18:10:00	643.22	643.25	643.18	643.18	3110	15																				0	600	-1410	-1310
2025-08-25  18:05:00	643.19	643.22	643.15	643.18	8360	29																				100	5160	100	4560
2025-08-25  18:00:00	642.98	643.26	642.97	643.16	16914	64																				501	12081	501	11384
2025-08-25  17:55:00	642.94	642.98	642.90	642.98	1022	3																				-358	-358	-690	-358
2025-08-25  17:45:00	642.93	642.93	642.93	642.93	522	1																				-522	-522	-522	-522
2025-08-25  17:40:00	642.98	642.98	642.97	642.97	375	2																				200	375	200	375
2025-08-25  17:35:00	642.89	642.96	642.87	642.96	3530	19																				0	699	-770	-8
2025-08-25  17:30:00	642.84	642.90	642.80	642.90	4825	9																				-323	-323	-1623	-323
2025-08-25  17:25:00	642.84	642.88	642.84	642.84	4196	16																				-400	-400	-4196	-4196
2025-08-25  17:20:00	642.96	642.96	642.80	642.80	15164	23																				-600	-600	-14964	-14964
2025-08-25  17:15:00	642.93	642.97	642.93	642.96	9317	34																				0	1271	-3267	-3267
2025-08-25  17:10:00	642.90	642.95	642.90	642.93	22136	25																				0	100	-10836	-5136
2025-08-25  17:05:00	642.90	642.92	642.88	642.88	30934	20																				-122	-122	-30934	-30934
2025-08-25  17:00:00	642.92	642.92	642.85	642.86	41411	58																				-375	-375	-13057	-10161
2025-08-25  16:55:00	643.00	643.02	642.93	642.93	36673	51																				0	10141	-2115	-2115
2025-08-25  16:50:00	642.90	642.99	642.89	642.98	6515	16																				-787	-787	-2520	-1787
2025-08-25  16:45:00	642.98	642.99	642.90	642.91	17968	64																				2168	6031	2168	2268
2025-08-25  16:40:00	642.96	643.02	642.96	643.00	5151	23																				-401	-401	-2751	-2751
2025-08-25  16:35:00	643.02	643.02	642.97	642.98	22958	82																				0	991	-13534	-9454
2025-08-25  16:30:00	643.09	643.15	642.99	643.00	14437	52																				0	2970	-434	985
2025-08-25  16:25:00	643.07	643.09	643.00	643.07	34866	124																				0	3137	-22782	-22406
2025-08-25  16:20:00	643.03	643.06	642.98	643.04	24781	75																				0	1578	-5629	-865
2025-08-25  16:15:00	642.94	643.05	642.91	643.05	49382	193																				0	23392	-6381	23392
2025-08-25  16:10:00	642.47	643.01	642.47	642.93	88318	362																				-501	-501	-39485	-37504
2025-08-25  16:05:00	642.98	643.08	642.53	642.95	494220	717																				0	3211	-294922	-291250
2025-08-25  16:00:00	642.48	643.03	642.34	642.94	1546116	2245																				-957663	-957663	-1012230	-958106
2025-08-25  15:55:00	643.50	643.53	642.35	642.47	3212571	17258																				-6627	-6627	-313373	-313373
2025-08-25  15:50:00	643.53	643.68	643.35	643.50	1370819	8361																				0	35238	-171691	-166947
2025-08-25  15:45:00	643.57	643.62	643.40	643.52	864173	5241																				0	7845	-186536	-152501
2025-08-25  15:40:00	643.77	643.84	643.54	643.58	509378	3261																				-579	-579	-62107	-58974
2025-08-25  15:35:00	643.65	643.79	643.61	643.78	399575	2579																				95	50995	95	45839
2025-08-25  15:30:00	643.69	643.78	643.59	643.66	334804	2226																				0	23550	-2322	6732
2025-08-25  15:25:00	643.73	643.82	643.62	643.69	344701	2550																				0	39738	-11331	35643
2025-08-25  15:20:00	643.75	643.85	643.66	643.72	423981	2892																				0	72476	-13108	71259
2025-08-25  15:15:00	643.99	644.01	643.62	643.75	632596	4282																				0	53156	-15510	50612
2025-08-25  15:10:00	644.03	644.15	643.98	643.98	277269	1960																				0	29719	-6179	27877
2025-08-25  15:05:00	643.88	644.04	643.83	644.04	354891	2635																				146	91313	146	91313
2025-08-25  15:00:00	643.97	644.04	643.77	643.88	391528	2644																				0	83496	-4462	82250
2025-08-25  14:55:00	644.11	644.24	643.93	643.94	249165	1721																				0	24359	-15580	19307
2025-08-25  14:50:00	644.19	644.28	644.10	644.11	281825	2083																				0	38481	-1576	13529
2025-08-25  14:45:00	644.05	644.25	643.90	644.19	285672	1956																				0	33527	-9067	30022
2025-08-25  14:40:00	644.11	644.18	643.99	644.05	215808	1604																				0	19459	-2259	4768
2025-08-25  14:35:00	644.11	644.26	644.06	644.12	247239	1614																				0	48811	-803	48073
2025-08-25  14:30:00	644.16	644.22	644.07	644.14	287312	1889																				0	56005	-271	53702
2025-08-25  14:25:00	644.21	644.29	644.06	644.17	307766	1948																				-1100	-1100	-68108	-61248
2025-08-25  14:20:00	644.24	644.37	643.94	644.22	545840	3298																				0	151383	-3711	139622
2025-08-25  14:15:00	644.54	644.57	644.24	644.25	249508	1618																				-1323	-1323	-64259	-61222
2025-08-25  14:10:00	644.45	644.56	644.30	644.53	182577	1325																				0	24297	-580	13065
2025-08-25  14:05:00	644.35	644.50	644.25	644.44	272071	1807																				0	23765	-10644	-9915
2025-08-25  14:00:00	644.50	644.54	644.25	644.35	272749	1788																				0	8091	-33381	-30699
2025-08-25  13:55:00	644.59	644.65	644.44	644.51	220950	1356																				0	18566	-11345	3226
2025-08-25  13:50:00	644.60	644.72	644.53	644.59	212584	1462																				0	8870	-2052	7382
2025-08-25  13:45:00	644.38	644.65	644.36	644.60	228584	1600																				0	55218	-4213	50708
2025-08-25  13:40:00	644.39	644.40	644.03	644.37	542735	3334																				0	37221	-13409	34745
2025-08-25  13:35:00	644.55	644.59	644.38	644.39	243907	1586																				0	2083	-37227	-35879
2025-08-25  13:30:00	644.66	644.82	644.54	644.56	244384	1837																				0	25508	-3187	24806
2025-08-25  13:25:00	644.65	644.68	644.45	644.67	225960	1468																				0	11921	-7106	2842
2025-08-25  13:20:00	644.75	644.78	644.58	644.66	191178	1369																				0	17791	-8949	1282
2025-08-25  13:15:00	644.76	644.83	644.67	644.74	174482	1345																				0	2217	-18558	-12914
2025-08-25  13:10:00	644.78	644.96	644.72	644.76	211504	1302																				0	44988	-1100	34168
2025-08-25  13:05:00	644.55	644.82	644.50	644.79	300457	1920																				0	22723	-606	20709
2025-08-25  13:00:00	644.98	645.02	644.41	644.55	372161	2486																				0	8071	-67279	-67079
2025-08-25  12:55:00	645.01	645.09	644.89	644.99	183344	1291																				0	13038	-8932	10896
2025-08-25  12:50:00	645.11	645.15	644.89	645.00	315446	2004																				0	8421	-46620	-46520
2025-08-25  12:45:00	645.18	645.29	645.03	645.12	204649	1360																				0	9783	-8770	-1243
2025-08-25  12:40:00	645.02	645.24	644.98	645.18	220549	1405																				0	37552	-1561	36507
2025-08-25  12:35:00	644.98	645.04	644.83	645.02	179279	1248																				0	19833	-100	19165
2025-08-25  12:30:00	644.94	644.99	644.82	644.99	198949	1248																				0	15880	-8416	-1547
2025-08-25  12:25:00	645.01	645.09	644.91	644.94	183329	1331																				0	3468	-16914	-14719
2025-08-25  12:20:00	644.83	645.07	644.83	645.01	261580	1846																				0	9484	-29353	-2978
2025-08-25  12:15:00	645.04	645.09	644.79	644.82	276332	1782																				0	35315	-1311	6696
2025-08-25  12:10:00	644.99	645.08	644.86	645.05	187472	1192																				0	9457	-2687	5562
2025-08-25  12:05:00	644.99	645.15	644.93	645.00	252858	1845																				0	13510	-8674	-8574
2025-08-25  12:00:00	644.96	645.09	644.90	645.01	284673	1962																				0	480	-24821	-22769
2025-08-25  11:55:00	644.87	645.07	644.79	644.97	255467	1840																				0	39975	-943	39475
2025-08-25  11:50:00	644.62	645.01	644.60	644.88	272090	1921																				0	35117	-1000	21580
2025-08-25  11:45:00	644.74	644.82	644.55	644.61	260820	2026																				0	24812	-1575	23650
2025-08-25  11:40:00	644.73	644.79	644.51	644.74	257478	1995																				442	23214	442	19962
2025-08-25  11:35:00	644.77	644.87	644.55	644.74	333061	2275																				0	7532	-12789	-6207
2025-08-25  11:30:00	644.91	645.01	644.73	644.76	307722	2333																				0	2999	-21695	-18072
2025-08-25  11:25:00	644.97	645.05	644.89	644.91	242644	1753																				-1000	-1000	-29467	-26492
2025-08-25  11:20:00	644.77	645.03	644.75	644.97	305674	2102																				0	12258	-24935	-23054
2025-08-25  11:15:00	644.75	644.91	644.69	644.74	303500	2222																				0	16452	-6730	-3872
2025-08-25  11:10:00	644.61	644.80	644.36	644.75	547383	3653																				-1230	-1230	-105695	-105507
2025-08-25  11:05:00	644.51	644.62	644.40	644.59	286492	1961																				0	37493	-774	32178
2025-08-25  11:00:00	644.41	644.55	644.23	644.53	336039	2623																				0	21906	-6964	14391
2025-08-25  10:55:00	644.21	644.46	643.97	644.42	301605	2011																				0	7717	-11748	6317
2025-08-25  10:50:00	644.36	644.46	644.12	644.23	336739	2402																				0	1830	-31767	-27847
2025-08-25  10:45:00	643.96	644.40	643.74	644.38	426428	2819																				0	29069	-14361	27296
2025-08-25  10:40:00	644.08	644.18	643.75	643.96	371030	2513																				0	2445	-32551	-3806
2025-08-25  10:35:00	644.12	644.39	644.07	644.09	311653	2247																				0	29683	-1167	15747
2025-08-25  10:30:00	644.15	644.27	643.94	644.11	366318	2721																				162	32959	162	30148
2025-08-25  10:25:00	644.08	644.29	643.91	644.15	377997	2669																				-452	-452	-29317	-17343
2025-08-25  10:20:00	644.08	644.29	643.76	644.09	451522	3095																				0	30426	-807	12140
2025-08-25  10:15:00	644.19	644.30	644.03	644.08	497126	3576																				0	31112	-484	19988
2025-08-25  10:10:00	644.44	644.46	643.81	644.20	707242	4401																				0	1616	-31117	-23200
2025-08-25  10:05:00	644.29	644.52	644.15	644.44	553234	3773																				0	57172	-3530	54682
2025-08-25  10:00:00	644.33	644.67	643.96	644.29	820536	5541																				0	31318	-33551	-27792
2025-08-25  09:55:00	643.89	644.34	643.76	644.34	642982	4360																				1036	100216	1036	95394
2025-08-25  09:50:00	644.05	644.17	643.72	643.90	718114	5166																				-2862	-2862	-69702	-20690
2025-08-25  09:45:00	644.13	644.14	643.63	644.06	755668	5180																				0	9396	-65059	-58180
2025-08-25  09:40:00	644.10	644.37	643.80	644.13	800796	5879																				0	28576	-14902	26406
2025-08-25  09:35:00	643.74	644.35	643.71	644.08	933337	6553																				0	19785	-83809	-61381
2025-08-25  09:30:00	644.03	644.27	643.41	643.74	1600832	10329																				-88572	-88572	-279213	-277432
2025-08-25  09:25:00	643.79	644.05	643.75	644.05	44611	228																				524	10383	524	10383
2025-08-25  09:20:00	643.75	643.79	643.67	643.77	7575	49																				-400	-400	-3010	-1381
2025-08-25  09:15:00	643.64	643.74	643.55	643.70	14772	73																				0	512	-2580	-1158
2025-08-25  09:10:00	643.59	643.69	643.52	643.62	18340	63																				0	200	-10096	-9766
2025-08-25  09:05:00	643.77	643.77	643.57	643.57	24132	76																				0	2375	-1250	2192
2025-08-25  09:00:00	643.50	643.80	643.45	643.75	31069	156																				0	9685	-2074	6915
2025-08-25  08:55:00	643.55	643.59	643.48	643.48	14425	83																				0	1797	-3754	113
2025-08-25  08:50:00	643.54	643.61	643.53	643.56	16645	85																				-100	-100	-5897	-4335
2025-08-25  08:45:00	643.54	643.57	643.46	643.56	9913	43																				3942	5442	3942	4025
2025-08-25  08:40:00	643.27	643.57	643.27	643.55	22274	105																				0	4611	-430	1158
2025-08-25  08:35:00	643.38	643.38	643.20	643.28	42660	96																				100	21422	100	21422
2025-08-25  08:30:00	643.29	643.36	643.14	643.35	35644	179																				-5316	-5316	-14922	-13370
2025-08-25  08:25:00	643.44	643.47	643.32	643.33	18434	96																				0	1682	-3430	68
2025-08-25  08:20:00	643.51	643.51	643.38	643.45	16920	78																				0	3919	-700	2162
2025-08-25  08:15:00	643.37	643.45	643.27	643.42	5778	40																				0	1109	-1236	822
2025-08-25  08:10:00	643.32	643.40	643.30	643.39	16276	79																				0	3446	-600	306
2025-08-25  08:05:00	643.54	643.55	643.24	643.26	39092	238																				-383	-383	-16304	-16304
2025-08-25  08:00:00	643.55	645.14	643.38	643.57	39100	188																				0	999	-8862	70
2025-08-25  07:55:00	643.90	643.90	643.82	643.83	1400	14																				0	100	-800	-800
2025-08-25  07:50:00	643.78	643.88	643.78	643.86	2200	14																				-100	-100	-1700	-1600
2025-08-25  07:45:00	643.85	643.94	643.79	643.79	4024	31																				0	1224	-103	424
2025-08-25  07:40:00	643.87	643.88	643.82	643.82	2800	18																				0	400	-800	-800
2025-08-25  07:35:00	643.92	643.92	643.90	643.90	200	2																				100	200	100	200
2025-08-25  07:30:00	643.88	643.90	643.83	643.88	4838	44																				0	2838	-700	2638
2025-08-25  07:25:00	643.89	643.94	643.89	643.92	4441	36																				0	417	-533	59
2025-08-25  07:20:00	643.89	643.94	643.88	643.88	1432	8																				232	560	232	232
2025-08-25  07:15:00	643.86	643.92	643.84	643.92	2011	19																				189	1089	189	589
2025-08-25  07:10:00	643.66	643.85	643.63	643.85	5070	42																				0	1070	-220	870
2025-08-25  07:05:00	643.48	643.70	643.48	643.62	55778	344																				100	24498	100	24398
2025-08-25  07:00:00	643.44	643.55	643.38	643.47	13828	97																				2363	4993	2363	3982
2025-08-25  06:55:00	643.52	643.58	643.43	643.43	1936	19																				0	1536	-100	1536
2025-08-25  06:50:00	643.56	643.56	643.50	643.54	800	8																				-100	-100	-300	-200
2025-08-25  06:45:00	643.61	643.63	643.50	643.61	4840	34																				0	882	-2176	-2176
2025-08-25  06:40:00	643.56	643.63	643.52	643.63	7448	46																				0	2500	-574	2500
2025-08-25  06:35:00	643.53	643.56	643.47	643.56	10116	56																				1070	6508	1070	5760
2025-08-25  06:30:00	643.50	643.53	643.37	643.51	23424	159																				100	10026	100	10026
2025-08-25  06:25:00	643.61	643.64	643.45	643.46	4026	29																				0	100	-2926	-2626
2025-08-25  06:20:00	643.75	643.76	643.70	643.70	5674	44																				0	3014	-860	3014
2025-08-25  06:15:00	643.81	643.83	643.77	643.77	2400	22																				0	700	-100	200
2025-08-25  06:10:00	643.93	643.94	643.87	643.88	3396	18																				0	122	-1337	122
2025-08-25  06:05:00	643.99	644.02	643.99	644.02	1200	12																				400	1200	400	1200
2025-08-25  06:00:00	644.04	644.04	643.97	644.01	2437	16																				0	700	-537	-37
2025-08-25  05:55:00	643.95	644.04	643.95	644.04	2104	14																				100	1604	100	1304
2025-08-25  05:50:00	643.84	643.84	643.79	643.82	2740	20																				0	100	-1300	-60
2025-08-25  05:45:00	643.86	643.86	643.85	643.85	1084	4																				0	884	-100	884
2025-08-25  05:40:00	643.94	643.97	643.91	643.91	1938	12																				-300	-300	-1338	-1138
2025-08-25  05:35:00	644.00	644.00	643.99	643.99	500	5																				300	500	300	500
2025-08-25  05:30:00	643.85	643.99	643.83	643.99	925	9																				0	0	-425	-325
2025-08-25  05:25:00	643.89	643.89	643.89	643.89	300	3																				300	300	300	300
2025-08-25  05:20:00	643.99	643.99	643.90	643.90	5100	44																				0	2000	-700	-700
2025-08-25  05:15:00	644.00	644.04	643.98	644.00	7287	68																				0	5713	-100	5713
2025-08-25  05:10:00	643.97	643.97	643.92	643.97	1030	8																				-630	-630	-1030	-1030
2025-08-25  05:05:00	644.12	644.12	644.00	644.00	4091	25																				-167	-167	-2117	-2117
2025-08-25  05:00:00	644.10	644.13	644.01	644.13	3837	24																				0	363	-637	-437
2025-08-25  04:55:00	644.23	644.25	644.13	644.13	1190	7																				0	300	-390	-390
2025-08-25  04:50:00	644.37	644.37	644.33	644.33	400	3																				-100	-100	-300	-200
2025-08-25  04:45:00	644.25	644.36	644.20	644.35	3567	20																				0	1967	-600	1967
2025-08-25  04:40:00	644.53	644.53	644.29	644.29	600	6																				0	400	-100	400
2025-08-25  04:35:00	644.53	644.55	644.53	644.55	500	5																				0	300	-100	300
2025-08-25  04:30:00	644.51	644.55	644.49	644.49	1500	15																				0	400	-300	-300
2025-08-25  04:25:00	644.50	644.51	644.50	644.51	300	3																				200	300	200	300
2025-08-25  04:20:00	644.32	644.35	644.23	644.28	1100	9																				0	100	-600	-500
2025-08-25  04:15:00	644.40	644.40	644.36	644.36	609	6																				109	409	109	409
2025-08-25  04:10:00	644.41	644.45	644.40	644.41	3943	30																				-113	-113	-3543	-3343
2025-08-25  04:05:00	644.50	644.50	644.41	644.42	900	8																				0	500	0	300
2025-08-25  04:00:00	644.41	644.52	644.37	644.50	6679	51																				0	1507	-100	321
2025-08-22  19:55:00	645.46	645.55	645.44	645.50	4660	25																				0	1964	-250	1514
2025-08-22  19:50:00	645.56	645.56	645.45	645.46	5764	27																				0	2062	-750	2062
2025-08-22  19:45:00	645.63	645.70	645.51	645.51	2056	12																				0	206	-444	-444
2025-08-22  19:40:00	645.72	645.72	645.70	645.72	516	4																				116	316	116	316
2025-08-22  19:35:00	645.72	645.72	645.72	645.72	526	1																				526	526	526	526
2025-08-22  19:30:00	645.63	645.63	645.63	645.63	300	1																				-300	-300	-300	-300
2025-08-22  19:25:00	645.70	645.70	645.70	645.70	626	1																				-626	-626	-626	-626
2025-08-22  19:20:00	645.66	645.66	645.66	645.66	100	1																				100	100	100	100
2025-08-22  19:15:00	645.69	645.70	645.61	645.61	638	4																				153	538	153	438
2025-08-22  19:10:00	645.66	645.70	645.66	645.69	2784	14																				300	2584	300	2584
2025-08-22  19:05:00	645.62	645.66	645.61	645.66	1923	8																				-284	-284	-1923	-1923
2025-08-22  19:00:00	645.60	645.61	645.60	645.61	347	2																				-347	-347	-347	-347
2025-08-22  18:55:00	645.54	645.61	645.54	645.61	1974	8																				-374	-374	-1074	-374
2025-08-22  18:50:00	645.40	645.53	645.40	645.53	2394	15																				0	86	-1102	-1002
2025-08-22  18:45:00	645.34	645.34	645.31	645.31	7588	6																				-7588	-7588	-7588	-7588
2025-08-22  18:40:00	645.39	645.50	645.33	645.33	6510	23																				0	1327	-3456	-3456
2025-08-22  18:30:00	645.31	645.36	645.31	645.33	1148	5																				-1	-1	-748	-748
2025-08-22  18:25:00	645.40	645.40	645.40	645.40	100	1																				100	100	100	100
2025-08-22  18:20:00	645.33	645.39	645.33	645.39	1833	3																				1519	1676	1519	1519
2025-08-22  18:15:00	645.32	645.33	645.32	645.33	2218	6																				128	2218	128	2218
2025-08-22  18:10:00	645.31	645.31	645.31	645.31	115	1																				115	115	115	115
2025-08-22  18:05:00	645.32	645.32	645.25	645.25	9024	9																				-4191	-4191	-6000	-4806
2025-08-22  18:00:00	645.29	645.33	645.29	645.33	7150	16																				0	4428	-96	4428
2025-08-22  17:55:00	645.41	645.41	645.29	645.29	4967	17																				-804	-804	-2405	-2005
2025-08-22  17:50:00	645.51	645.53	645.35	645.35	8590	28																				127	5326	127	5326
2025-08-22  17:45:00	645.53	645.53	645.52	645.53	15318	9																				2698	15318	2698	15318
2025-08-22  17:40:00	645.51	645.53	645.51	645.53	1500	9																				300	600	300	396
2025-08-22  17:35:00	645.55	645.58	645.55	645.55	10499	16																				0	4510	-479	-479
2025-08-22  17:30:00	645.39	645.54	645.39	645.54	7471	26																				0	2022	-983	-331
2025-08-22  17:25:00	645.48	645.49	645.39	645.40	5246	19																				588	3998	588	3998
2025-08-22  17:20:00	645.35	645.49	645.33	645.45	6885	25																				770	4849	770	4849
2025-08-22  17:15:00	645.28	645.34	645.21	645.30	3814	14																				-770	-770	-2270	-1126
2025-08-22  17:10:00	645.20	645.44	645.19	645.39	9808	27																				0	2358	-1692	-592
2025-08-22  17:05:00	645.30	645.32	645.15	645.22	5460	25																				-308	-308	-3256	-1804
2025-08-22  17:00:00	645.43	645.43	645.30	645.30	2271	10																				0	200	-1871	-1871
2025-08-22  16:55:00	645.38	645.40	645.32	645.40	7242	35																				2000	6042	2000	6042
2025-08-22  16:50:00	645.37	645.38	645.34	645.38	4026	11																				0	2474	-427	2474
2025-08-22  16:45:00	645.45	645.45	645.37	645.37	3208	18																				200	1941	200	874
2025-08-22  16:40:00	645.57	645.59	645.42	645.42	8336	37																				0	2278	-634	-634
2025-08-22  16:35:00	645.51	645.55	645.51	645.55	7827	33																				0	1874	-822	1165
2025-08-22  16:30:00	645.40	645.47	645.36	645.46	10830	51																				0	1339	-2676	-1964
2025-08-22  16:25:00	645.55	645.56	645.40	645.42	66370	222																				0	14478	-4164	-2456
2025-08-22  16:20:00	645.35	645.58	645.35	645.55	75329	250																				0	40085	-196	39485
2025-08-22  16:15:00	645.31	645.51	645.30	645.35	146710	412																				700	91537	700	89212
2025-08-22  16:10:00	645.31	645.55	645.28	645.35	75385	321																				0	8822	-5455	6115
2025-08-22  16:05:00	645.25	645.59	645.17	645.52	241950	747																				0	27988	-31931	-7432
2025-08-22  16:00:00	645.25	645.44	644.94	645.26	1832927	1637																				1257224	1316522	1257224	1297531
2025-08-22  15:55:00	645.18	645.45	644.63	645.27	5214190	23921																				0	1088668	-4434	1088668
2025-08-22  15:50:00	645.00	645.46	645.00	645.19	2028352	11965																				0	26902	-62990	-33088
2025-08-22  15:45:00	644.82	645.23	644.77	645.00	1199748	8418																				-3297	-3297	-189611	-187812
2025-08-22  15:40:00	644.49	644.85	644.29	644.83	1311704	8846																				0	30007	-80132	-78380
2025-08-22  15:35:00	645.03	645.03	644.37	644.48	902890	6176																				0	992	-128634	-114408
2025-08-22  15:30:00	645.07	645.27	644.81	645.03	832230	5477																				-4142	-4142	-156944	-156944
2025-08-22  15:25:00	645.33	645.42	645.05	645.08	680317	4971																				0	14984	-17101	9185
2025-08-22  15:20:00	645.17	645.37	645.06	645.34	695399	4664																				-16656	-16656	-82176	-81873
2025-08-22  15:15:00	645.32	645.36	645.12	645.18	531549	3690																				0	2304	-45010	-42593
2025-08-22  15:10:00	645.34	645.41	645.19	645.33	476860	3319																				0	24450	-9378	-6530
2025-08-22  15:05:00	645.58	645.63	645.29	645.35	340413	2486																				0	10792	-6112	2895
2025-08-22  15:00:00	645.45	645.64	645.41	645.58	437369	2972																				0	1747	-32905	-27703
2025-08-22  14:55:00	645.66	645.66	645.31	645.45	437708	3243																				-2292	-2292	-65078	-62008
2025-08-22  14:50:00	645.66	645.78	645.45	645.66	385608	2584																				0	85	-67716	-67716
2025-08-22  14:45:00	645.41	645.78	645.37	645.66	404996	2437																				0	513	-60385	-59836
2025-08-22  14:40:00	645.59	645.61	645.26	645.42	406178	2666																				0	2865	-24500	-24500
2025-08-22  14:35:00	645.67	645.86	645.50	645.60	495962	3303																				0	30696	-18876	-15626
2025-08-22  14:30:00	645.44	645.74	645.41	645.68	455630	2988																				0	5938	-41673	-37334
2025-08-22  14:25:00	645.50	645.68	645.34	645.39	387373	2661																				0	20459	-13661	-13261
2025-08-22  14:20:00	645.45	645.62	645.28	645.51	472630	3121																				0	13876	-12997	-1292
2025-08-22  14:15:00	645.64	645.67	645.40	645.44	402756	2621																				0	1025	-37068	-13888
2025-08-22  14:10:00	645.69	645.81	645.55	645.63	375694	2638																				0	968	-22124	-12390
2025-08-22  14:05:00	645.93	645.96	645.54	645.69	408206	2717																				-2450	-2450	-41789	-41430
2025-08-22  14:00:00	645.78	646.04	645.78	645.93	329850	2302																				0	2140	-61408	-60208
2025-08-22  13:55:00	646.18	646.32	645.69	645.77	380036	2450																				0	13274	-39578	-20960
2025-08-22  13:50:00	646.02	646.19	646.02	646.17	233272	1607																				0	6024	-23637	-23238
2025-08-22  13:45:00	646.23	646.40	646.02	646.03	304004	2082																				0	171	-62547	-59920
2025-08-22  13:40:00	646.14	646.23	645.97	646.22	205339	1490																				1660	9505	1660	8615
2025-08-22  13:35:00	645.93	646.18	645.90	646.13	242864	1497																				0	5801	-38781	-32584
2025-08-22  13:30:00	646.15	646.23	645.86	645.94	410244	2595																				0	4751	-59420	-58884
2025-08-22  13:25:00	646.02	646.26	645.99	646.15	392629	2821																				0	59834	-3804	58433
2025-08-22  13:20:00	645.79	646.15	645.73	646.03	362463	2298																				0	20294	-3979	-341
2025-08-22  13:15:00	645.66	645.85	645.59	645.80	306584	2080																				900	31128	900	27324
2025-08-22  13:10:00	645.38	645.76	645.25	645.66	543033	3808																				0	61953	-2608	49749
2025-08-22  13:05:00	645.28	645.59	645.22	645.37	483468	2878																				0	67003	-1189	33342
2025-08-22  13:00:00	644.70	645.41	644.70	645.28	386212	2666																				1070	18215	1070	10202
2025-08-22  12:55:00	644.79	644.84	644.29	644.72	481300	2939																				0	30408	-19375	29308
2025-08-22  12:50:00	645.06	645.18	644.65	644.78	207148	1497																				0	2532	-8027	-5692
2025-08-22  12:45:00	645.08	645.26	644.98	645.06	188678	1340																				0	6178	-8687	5654
2025-08-22  12:40:00	645.03	645.23	644.92	645.10	276919	2100																				0	14529	-1868	8655
2025-08-22  12:35:00	645.17	645.44	645.01	645.02	256393	1764																				0	22771	-265	11139
2025-08-22  12:30:00	644.78	645.28	644.78	645.17	211129	1582																				0	15837	-3004	12603
2025-08-22  12:25:00	645.14	645.14	644.70	644.78	349768	2579																				0	4069	-12826	1994
2025-08-22  12:20:00	645.09	645.47	644.99	645.12	403423	2608																				0	124395	-96	113687
2025-08-22  12:15:00	645.40	645.49	644.76	645.10	738167	5164																				0	29275	-20334	29275
2025-08-22  12:10:00	645.61	645.76	645.22	645.41	340114	2583																				0	34442	-3459	34442
2025-08-22  12:05:00	645.89	645.90	645.55	645.59	424445	2791																				1402	66360	1402	66081
2025-08-22  12:00:00	645.41	645.91	645.30	645.88	457270	3130																				766	80381	766	79994
2025-08-22  11:55:00	645.72	645.87	645.30	645.41	543718	3647																				0	977	-57615	-26788
2025-08-22  11:50:00	645.87	645.94	645.62	645.72	515270	3610																				0	444	-44928	-44828
2025-08-22  11:45:00	646.04	646.28	645.73	645.88	574885	4034																				0	32159	-2032	16235
2025-08-22  11:40:00	645.94	646.15	645.81	646.05	478785	3343																				1848	40237	1848	33287
2025-08-22  11:35:00	646.36	646.46	645.79	645.92	521012	3392																				0	56772	-6199	38582
2025-08-22  11:30:00	646.01	646.50	645.97	646.39	517469	3138																				0	110673	-1099	103859
2025-08-22  11:25:00	645.76	646.07	645.62	646.00	716236	5181																				0	15437	-29844	8906
2025-08-22  11:20:00	645.94	646.19	645.73	645.76	675140	4657																				0	50147	-2757	16160
2025-08-22  11:15:00	645.54	646.07	645.47	645.95	631628	4216																				1022	73429	1022	69986
2025-08-22  11:10:00	645.70	646.22	645.47	645.54	842212	5337																				0	106194	-22758	106194
2025-08-22  11:05:00	646.19	646.23	645.63	645.72	685933	4718																				0	78335	-400	74429
2025-08-22  11:00:00	645.65	646.27	645.58	646.18	888674	6239																				3107	157644	3107	156974
2025-08-22  10:55:00	645.76	646.17	645.63	645.65	944443	5811																				0	78031	-16441	18591
2025-08-22  10:50:00	645.52	645.83	645.26	645.78	699778	4660																				0	2329	-82008	-76696
2025-08-22  10:45:00	645.52	646.01	645.38	645.44	913909	5825																				0	58926	-11950	19543
2025-08-22  10:40:00	644.82	645.65	644.71	645.53	794002	5164																				0	2538	-57964	-42974
2025-08-22  10:35:00	644.95	645.36	644.69	644.82	702080	4760																				0	30532	-3852	11520
2025-08-22  10:30:00	644.13	645.17	644.13	644.95	949177	5783																				-730	-730	-72430	-63805
2025-08-22  10:25:00	643.84	644.70	643.47	644.11	1106434	7419																				0	109600	-1736	48948
2025-08-22  10:20:00	644.12	644.33	643.04	643.84	1426497	9333																				0	1527	-124095	-101305
2025-08-22  10:15:00	644.71	645.55	643.91	644.08	2080022	13783																				0	21454	-68772	-66566
2025-08-22  10:10:00	644.12	644.95	643.77	644.73	1623113	10256																				4368	57806	4368	55489
2025-08-22  10:05:00	642.93	644.36	642.54	644.09	2778592	17847																				0	163067	-46837	152882
2025-08-22  10:00:00	638.41	644.16	638.41	642.91	5147714	31447																				23866	258763	23866	144260
2025-08-22  09:55:00	639.22	639.28	638.12	638.41	944401	6556																				0	3655	-91930	-59011
2025-08-22  09:50:00	639.57	639.70	639.10	639.20	743873	5218																				0	37196	-10709	16951
2025-08-22  09:45:00	639.40	639.72	638.91	639.57	1071640	6729																				0	24327	-82140	-56720
2025-08-22  09:40:00	638.53	639.43	638.34	639.41	893416	6033																				0	60568	-947	56138
2025-08-22  09:35:00	637.69	638.54	637.59	638.53	705651	4643																				0	35082	-39105	27423
2025-08-22  09:30:00	637.76	638.10	637.25	637.67	1057992	6720																				-78897	-78897	-152207	-84572
2025-08-22  09:25:00	637.37	637.62	637.30	637.62	39381	156																				0	17599	-200	17599
2025-08-22  09:20:00	637.48	637.58	637.45	637.45	15019	77																				0	1947	-3059	-3059
2025-08-22  09:15:00	637.22	637.51	637.22	637.49	11294	77																				0	1367	-4920	-4920
2025-08-22  09:10:00	637.27	637.32	637.14	637.22	53733	255																				0	250	-23022	-11511
2025-08-22  09:05:00	637.23	637.44	637.21	637.31	44077	218																				-120	-120	-20953	-20953
2025-08-22  09:00:00	636.99	637.24	636.92	637.20	38794	185																				0	1387	-7423	-5382
2025-08-22  08:55:00	637.11	637.13	637.00	637.02	25111	115																				0	1151	-4832	1095
2025-08-22  08:50:00	637.10	637.27	637.10	637.13	12414	54																				0	1934	-1240	-1140
2025-08-22  08:45:00	637.18	637.28	637.13	637.16	9956	63																				0	1060	-1284	-8
2025-08-22  08:40:00	637.22	637.22	637.04	637.16	14492	118																				0	460	-9432	-7932
2025-08-22  08:35:00	637.28	637.28	636.96	637.18	10266	52																				0	445	-3452	-2252
2025-08-22  08:30:00	637.52	637.57	637.22	637.28	72969	371																				15410	38510	15410	23733
2025-08-22  08:25:00	637.36	637.55	637.31	637.50	10763	91																				0	100	-3046	-1531
2025-08-22  08:20:00	637.37	637.46	637.30	637.35	11470	81																				0	2730	-480	1730
2025-08-22  08:15:00	637.09	637.50	637.05	637.37	47332	260																				0	12964	-7581	11612
2025-08-22  08:10:00	637.07	637.25	636.95	637.14	6063	28																				0	34	-3007	-2673
2025-08-22  08:05:00	637.17	637.20	637.13	637.13	2111	15																				200	1300	200	1089
2025-08-22  08:00:00	637.43	637.55	633.85	637.15	35308	171																				3644	12798	3644	5344
2025-08-22  07:55:00	637.08	637.09	636.97	636.97	7410	68																				-10	-10	-4770	-4570
2025-08-22  07:50:00	637.12	637.16	637.11	637.15	6972	53																				693	1172	693	1172
2025-08-22  07:45:00	637.01	637.11	636.95	637.10	10793	43																				0	4959	0	1383
2025-08-22  07:40:00	636.96	637.00	636.87	637.00	3271	16																				0	1891	-210	1891
2025-08-22  07:35:00	637.07	637.07	636.92	636.98	5601	39																				0	1061	-1079	-479
2025-08-22  07:30:00	637.12	637.22	636.98	637.09	15151	94																				0	890	-3141	-3141
2025-08-22  07:25:00	637.17	637.18	637.09	637.12	7637	39																				0	100	-4837	-4837
2025-08-22  07:20:00	637.14	637.19	637.14	637.15	5656	46																				0	1590	-836	-836
2025-08-22  07:15:00	637.29	637.34	637.12	637.18	60097	326																				0	25203	-2157	8315
2025-08-22  07:10:00	637.51	637.51	637.25	637.25	14971	73																				0	2637	-2351	-35
2025-08-22  07:05:00	637.40	637.54	637.40	637.53	1826	10																				0	366	-34	-34
2025-08-22  07:00:00	637.42	637.53	637.27	637.37	9261	68																				0	2164	-885	1777
2025-08-22  06:55:00	637.38	637.41	637.38	637.41	300	3																				0	0	-100	-100
2025-08-22  06:50:00	637.31	637.31	637.31	637.31	100	1																				-100	-100	-100	-100
2025-08-22  06:45:00	637.47	637.47	637.40	637.40	300	3																				100	300	100	300
2025-08-22  06:40:00	637.42	637.44	637.42	637.44	300	3																				100	300	100	300
2025-08-22  06:35:00	637.48	637.50	637.48	637.50	200	2																				-100	-100	-200	-200
2025-08-22  06:30:00	637.44	637.54	637.44	637.45	745	4																				210	745	210	745
2025-08-22  06:25:00	637.33	637.45	637.33	637.45	787	6																				-29	-29	-408	-29
2025-08-22  06:15:00	637.37	637.37	637.22	637.22	263	2																				100	263	100	263
2025-08-22  06:10:00	637.45	637.45	637.45	637.45	487	3																				0	100	-287	-287
2025-08-22  06:05:00	637.33	637.41	637.33	637.41	1462	8																				100	1062	100	1062
2025-08-22  06:00:00	637.30	637.35	637.29	637.31	1475	10																				0	345	-180	135
2025-08-22  05:55:00	637.22	637.26	637.16	637.26	1557	14																				200	1243	200	1243
2025-08-22  05:50:00	637.22	637.23	637.13	637.23	300	3																				100	200	100	100
2025-08-22  05:35:00	636.99	637.01	636.93	636.97	800	7																				-200	-200	-400	-200
2025-08-22  05:30:00	637.08	637.09	637.08	637.09	320	3																				80	80	80	80
2025-08-22  05:25:00	637.08	637.15	636.99	637.15	1037	8																				0	637	-100	637
2025-08-22  05:20:00	637.16	637.16	637.15	637.15	200	2																				-200	-200	-200	-200
2025-08-22  05:15:00	637.12	637.14	637.12	637.14	860	8																				560	860	560	860
2025-08-22  05:10:00	637.02	637.02	637.02	637.02	200	2																				200	200	200	200
2025-08-22  05:05:00	637.02	637.04	637.02	637.04	200	2																				0	0	-100	0
2025-08-22  05:00:00	637.22	637.22	636.96	637.02	1780	14																				0	210	-1160	-960
2025-08-22  04:50:00	637.27	637.27	637.03	637.03	300	3																				100	200	100	100
2025-08-22  04:45:00	637.09	637.42	637.09	637.13	33442	283																				19718	24938	19718	24742
2025-08-22  04:40:00	636.82	637.14	636.82	637.06	610	6																				110	610	110	610
2025-08-22  04:35:00	636.61	636.73	636.61	636.73	589	2																				389	489	389	389
2025-08-22  04:30:00	636.58	636.58	636.54	636.55	610	6																				-200	-200	-610	-610
2025-08-22  04:25:00	636.76	636.85	636.74	636.74	1324	7																				488	1324	488	1324
2025-08-22  04:20:00	636.94	636.97	636.70	636.70	782	4																				-333	-333	-582	-582
2025-08-22  04:15:00	636.58	636.83	636.58	636.83	1400	14																				0	200	-300	-200
2025-08-22  04:10:00	636.47	636.59	636.47	636.59	2965	19																				0	1255	-300	745
2025-08-22  04:05:00	636.17	636.51	636.05	636.51	2859	19																				239	2039	239	1839
2025-08-22  04:00:00	636.02	636.17	635.97	636.04	6670	61																				0	3920	-400	3570
2025-08-21  20:00:00	635.55	635.55	635.55	635.55	1	1																				-1	-1	-1	-1
2025-08-21  19:55:00	636.46	636.57	636.46	636.57	4939	26																				0	388	-1873	-973
2025-08-21  19:50:00	636.40	636.56	636.40	636.45	3652	16																				144	2652	144	2452
2025-08-21  19:45:00	636.29	636.36	636.29	636.36	650	5																				-150	-150	-650	-650
2025-08-21  19:40:00	636.31	636.39	636.26	636.26	3410	13																				-410	-410	-2110	-1410
2025-08-21  19:35:00	636.18	636.30	636.18	636.29	3240	17																				-82	-82	-1404	-1404
2025-08-21  19:30:00	636.42	636.42	636.19	636.19	6736	41																				-215	-215	-3716	-3716
2025-08-21  19:20:00	636.41	636.49	636.41	636.47	6407	34																				0	1100	-1100	793
2025-08-21  19:15:00	636.26	636.40	636.26	636.38	822	7																				-122	-122	-322	-222
2025-08-21  19:10:00	636.25	636.28	636.25	636.27	2999	18																				0	100	-900	-1
2025-08-21  19:05:00	636.30	636.30	636.22	636.22	1359	7																				-629	-629	-959	-959
2025-08-21  19:00:00	636.31	636.31	636.31	636.31	175	1																				-175	-175	-175	-175
2025-08-21  18:55:00	636.47	636.47	636.47	636.47	100	1																				100	100	100	100
2025-08-21  18:50:00	636.25	636.32	636.25	636.32	1654	7																				-746	-746	-1082	-746
2025-08-21  18:45:00	636.47	636.47	636.25	636.25	10055	35																				0	3855	-1000	3855
2025-08-21  18:40:00	636.30	636.43	636.29	636.42	1372	11																				-200	-200	-930	-930
2025-08-21  18:35:00	636.11	636.30	636.09	636.27	7599	40																				-100	-100	-5499	-5499
2025-08-21  18:30:00	635.55	636.15	635.55	636.10	2501	13																				0	549	-401	49
2025-08-21  18:25:00	636.25	636.27	636.05	636.09	13780	69																				100	3700	100	1980
2025-08-21  18:20:00	636.39	636.41	636.29	636.30	3481	13																				0	2213	-200	2213
2025-08-21  18:15:00	636.42	636.44	636.40	636.40	1699	9																				299	999	299	899
2025-08-21  18:10:00	636.31	636.43	636.30	636.37	4816	13																				0	616	-2100	616
2025-08-21  18:05:00	636.17	636.34	636.13	636.20	6046	32																				0	1140	-104	638
2025-08-21  18:00:00	635.89	636.36	635.89	636.20	22637	96																				676	8727	676	8727
2025-08-21  17:55:00	635.81	635.87	635.81	635.87	1356	8																				-529	-529	-1156	-1156
2025-08-21  17:50:00	635.84	635.88	635.81	635.84	2537	13																				0	183	-727	-141
2025-08-21  17:45:00	635.80	635.84	635.80	635.84	554	4																				-346	-346	-450	-346
2025-08-21  17:40:00	635.87	635.90	635.79	635.81	7061	22																				0	250	-3367	-2867
2025-08-21  17:35:00	635.90	635.90	635.86	635.87	639	3																				400	639	400	639
2025-08-21  17:30:00	635.90	635.91	635.88	635.91	3966	16																				0	122	-1455	-188
2025-08-21  17:25:00	635.77	635.77	635.77	635.77	100	1																				-100	-100	-100	-100
2025-08-21  17:20:00	635.86	635.94	635.78	635.92	18065	78																				0	5685	-1089	4985
2025-08-21  17:15:00	635.85	635.90	635.84	635.87	11483	38																				1500	4625	1500	4365
2025-08-21  17:10:00	635.83	635.85	635.73	635.85	7907	30																				0	1042	-758	973
2025-08-21  17:05:00	635.70	635.72	635.55	635.71	7658	27																				-749	-749	-6343	-6028
2025-08-21  17:00:00	635.80	635.90	635.66	635.70	10457	46																				0	268	-5723	-5723
2025-08-21  16:55:00	635.83	635.85	635.76	635.80	17199	72																				-100	-100	-6617	-6281
2025-08-21  16:50:00	635.92	635.94	635.83	635.84	44814	145																				0	2110	-22444	-22344
2025-08-21  16:45:00	635.87	635.95	635.84	635.94	19686	89																				-200	-200	-9087	-8374
2025-08-21  16:40:00	635.84	635.92	635.84	635.88	8182	42																				-160	-160	-3444	-3444
2025-08-21  16:35:00	635.71	635.85	635.68	635.82	10832	43																				0	300	-5936	-5936
2025-08-21  16:30:00	635.75	635.78	635.71	635.74	25303	74																				400	18288	400	17193
2025-08-21  16:25:00	635.87	635.89	635.72	635.73	21405	80																				0	2871	-3418	2871
2025-08-21  16:20:00	635.80	635.85	635.77	635.84	15246	81																				0	1550	-2456	-2456
2025-08-21  16:15:00	635.81	635.85	635.77	635.80	38750	144																				0	1100	-3450	-2910
2025-08-21  16:10:00	635.55	635.83	635.40	635.82	63124	322																				0	2009	-13489	-6820
2025-08-21  16:05:00	635.62	635.86	635.46	635.52	1338638	582																				0	1176414	-4699	1156678
2025-08-21  16:00:00	635.58	635.70	635.37	635.60	2001670	1269																				1612742	1677998	1612742	1638574
2025-08-21  15:55:00	635.67	635.89	635.08	635.58	2295211	13152																				0	15129	-210241	-210241
2025-08-21  15:50:00	635.50	635.87	635.33	635.67	1061924	6330																				0	83817	-2761	77760
2025-08-21  15:45:00	635.44	635.61	635.23	635.52	715801	4740																				0	48469	-54117	48321
2025-08-21  15:40:00	635.57	635.73	635.25	635.43	620186	3882																				0	20821	-12129	-11158
2025-08-21  15:35:00	635.73	635.79	635.41	635.57	410214	2751																				0	29411	-6442	10378
2025-08-21  15:30:00	635.95	635.98	635.70	635.73	390796	2238																				0	6440	-44250	-44250
2025-08-21  15:25:00	636.26	636.32	635.89	635.94	264625	1839																				0	3693	-10892	-6689
2025-08-21  15:20:00	636.14	636.27	636.03	636.26	221175	1611																				0	4381	-19199	-15771
2025-08-21  15:15:00	636.35	636.36	635.98	636.12	338480	2250																				0	23413	-5196	1300
2025-08-21  15:10:00	636.37	636.47	636.22	636.34	305850	1920																				0	40610	-2754	20936
2025-08-21  15:05:00	636.17	636.52	636.13	636.36	290101	2019																				0	22007	-14816	19135
2025-08-21  15:00:00	636.11	636.38	636.03	636.17	522475	3063																				0	3436	-88604	-56489
2025-08-21  14:55:00	635.92	636.27	635.64	636.12	364422	2099																				0	72221	-3892	34386
2025-08-21  14:50:00	635.59	636.11	635.45	635.92	309140	1794																				115	60601	115	58098
2025-08-21  14:45:00	635.60	635.60	635.21	635.56	284000	1714																				0	20911	-17614	-3824
2025-08-21  14:40:00	635.93	636.02	635.58	635.60	259867	1616																				1000	47799	1000	46865
2025-08-21  14:35:00	635.60	636.03	635.55	635.93	355295	2037																				0	59448	-1496	57355
2025-08-21  14:30:00	635.51	635.63	635.09	635.60	396511	2351																				0	11844	-22073	-1203
2025-08-21  14:25:00	636.02	636.04	635.48	635.50	203973	1187																				0	17081	-4997	-1017
2025-08-21  14:20:00	636.08	636.19	635.73	636.03	272679	1495																				0	11513	-9248	6877
2025-08-21  14:15:00	635.89	636.15	635.72	636.07	192699	1293																				0	30450	-1774	29151
2025-08-21  14:10:00	635.68	636.01	635.43	635.88	212429	1467																				0	15621	-3863	10017
2025-08-21  14:05:00	635.89	636.02	635.52	635.70	263371	1692																				0	203	-32667	-16909
2025-08-21  14:00:00	635.91	636.09	635.74	635.88	347795	2017																				0	58526	-7684	44149
2025-08-21  13:55:00	635.74	636.00	635.67	635.92	251236	1436																				0	28120	-1047	28120
2025-08-21  13:50:00	635.90	636.04	635.43	635.76	332209	1995																				0	4236	-30337	-10783
2025-08-21  13:45:00	635.73	636.20	635.68	635.90	408971	2300																				0	4178	-20435	-18155
2025-08-21  13:40:00	635.54	635.87	635.50	635.74	422545	2465																				0	16309	-23491	-18693
2025-08-21  13:35:00	635.01	635.64	634.94	635.52	318564	2151																				0	5129	-12295	-8300
2025-08-21  13:30:00	634.43	635.02	634.34	635.01	380922	2104																				0	42091	-1672	39504
2025-08-21  13:25:00	634.11	634.53	633.81	634.43	394185	2404																				0	30469	-6491	27527
2025-08-21  13:20:00	634.37	634.53	634.02	634.09	337126	2003																				0	159	-45511	-10006
2025-08-21  13:15:00	634.65	634.81	634.20	634.37	443027	2475																				0	677	-81224	-80233
2025-08-21  13:10:00	635.22	635.22	634.63	634.68	245609	1485																				0	56693	-8018	51303
2025-08-21  13:05:00	635.19	635.47	635.04	635.21	277060	1648																				0	50475	-2520	46928
2025-08-21  13:00:00	634.87	635.23	634.67	635.20	318618	1932																				0	6594	-19807	-13224
2025-08-21  12:55:00	635.84	635.98	634.67	634.87	360948	2194																				0	9860	-32152	-12266
2025-08-21  12:50:00	635.28	636.00	635.28	635.84	280302	1718																				0	39520	-11679	39520
2025-08-21  12:45:00	635.45	635.58	635.00	635.31	223162	1357																				-210	-210	-71850	-71498
2025-08-21  12:40:00	635.49	635.73	635.25	635.47	211756	1269																				0	1735	-11461	386
2025-08-21  12:35:00	635.20	635.57	634.98	635.49	235643	1437																				0	20405	-9628	17255
2025-08-21  12:30:00	635.25	635.70	635.06	635.20	235286	1413																				0	11277	-6582	2280
2025-08-21  12:25:00	635.72	635.72	634.98	635.25	260619	1509																				0	3102	-21093	-1289
2025-08-21  12:20:00	635.81	635.82	635.44	635.72	200976	1416																				0	2196	-19696	-18230
2025-08-21  12:15:00	635.44	635.89	635.42	635.80	344934	2086																				0	16144	-38898	-30220
2025-08-21  12:10:00	635.17	635.69	634.96	635.43	396323	2139																				0	26437	-17772	22579
2025-08-21  12:05:00	635.11	635.47	635.06	635.20	391050	2389																				134	43689	134	12026
2025-08-21  12:00:00	635.58	635.72	635.08	635.10	569307	3431																				0	18859	-14492	2699
2025-08-21  11:55:00	635.78	635.87	635.43	635.58	480364	2978																				0	61113	-7862	54946
2025-08-21  11:50:00	636.92	636.96	635.68	635.78	427884	2391																				0	31451	-21747	26528
2025-08-21  11:45:00	637.36	637.38	636.74	636.92	228400	1557																				0	2212	-12952	-11780
2025-08-21  11:40:00	637.20	637.59	636.99	637.36	243651	1481																				0	47136	-1228	33425
2025-08-21  11:35:00	637.28	637.45	637.13	637.21	196444	1337																				0	9107	-7586	-4044
2025-08-21  11:30:00	636.70	637.40	636.62	637.27	318324	1829																				3309	35761	3309	28128
2025-08-21  11:25:00	637.02	637.07	636.39	636.69	369237	2317																				0	572	-96014	-94835
2025-08-21  11:20:00	636.25	637.26	636.02	637.03	511524	3093																				0	29223	-35938	-33586
2025-08-21  11:15:00	635.50	636.32	635.30	636.27	431357	2541																				2010	88551	2010	83969
2025-08-21  11:10:00	636.77	636.85	635.46	635.53	528252	3422																				0	4298	-47768	-41228
2025-08-21  11:05:00	636.97	636.98	636.60	636.76	189189	1416																				0	10100	-5618	8239
2025-08-21  11:00:00	637.16	637.44	636.84	636.95	300008	1854																				0	16228	-40504	-35224
2025-08-21  10:55:00	637.01	637.23	636.80	637.15	236068	1523																				0	18960	-14918	-13628
2025-08-21  10:50:00	636.40	637.06	636.40	637.04	210015	1293																				0	12874	-1974	6989
2025-08-21  10:45:00	636.79	637.04	636.35	636.35	325877	1909																				0	10079	-67447	-67447
2025-08-21  10:40:00	636.23	636.82	636.10	636.81	389161	2401																				0	11338	-19795	-2365
2025-08-21  10:35:00	637.19	637.23	636.23	636.27	340614	2169																				0	19509	-11211	-9934
2025-08-21  10:30:00	637.89	637.90	636.99	637.18	337335	2192																				0	12031	-14466	-12187
2025-08-21  10:25:00	637.68	637.97	637.22	637.89	444352	2985																				0	3880	-46070	-20616
2025-08-21  10:20:00	637.48	637.74	637.34	637.68	294682	1903																				0	5029	-26755	-1066
2025-08-21  10:15:00	637.14	637.77	636.99	637.51	387314	2431																				0	62076	-3310	61876
2025-08-21  10:10:00	637.07	637.40	636.72	637.14	424876	2639																				0	42968	-21456	42966
2025-08-21  10:05:00	636.75	637.24	636.65	637.08	533435	3137																				0	45871	-3339	45271
2025-08-21  10:00:00	635.12	636.93	634.60	636.77	990732	6120																				0	54538	-33867	52322
2025-08-21  09:55:00	635.87	636.00	635.04	635.13	611167	3858																				0	6252	-80033	-78215
2025-08-21  09:50:00	636.12	636.17	635.34	635.87	782307	4933																				-2784	-2784	-65719	-51913
2025-08-21  09:45:00	636.03	636.24	634.31	636.14	1497407	9185																				0	18477	-115081	-95515
2025-08-21  09:40:00	636.37	636.37	635.67	635.95	486043	3193																				-486	-486	-39355	-7069
2025-08-21  09:35:00	635.90	636.38	635.56	636.37	769149	5561																				11360	82766	11360	65285
2025-08-21  09:30:00	636.28	636.51	635.25	635.90	1617157	9818																				-80951	-80951	-210844	-168319
2025-08-21  09:25:00	635.66	636.15	635.66	636.10	55328	210																				0	6028	-8598	-7998
2025-08-21  09:20:00	635.73	635.95	635.72	635.79	10710	74																				0	2804	-575	2704
2025-08-21  09:15:00	635.58	635.78	635.53	635.72	6621	53																				0	2165	-1275	1865
2025-08-21  09:10:00	635.91	635.95	635.63	635.68	19978	77																				0	8586	-280	8586
2025-08-21  09:05:00	635.60	635.92	635.57	635.89	11514	66																				100	6198	100	5998
2025-08-21  09:00:00	635.45	635.64	635.19	635.61	51454	209																				0	5319	-4305	-1056
2025-08-21  08:55:00	635.44	635.50	635.26	635.47	17010	104																				0	3034	-190	952
2025-08-21  08:50:00	635.47	635.56	635.31	635.43	19151	123																				0	4556	-504	3115
2025-08-21  08:45:00	635.64	635.65	635.42	635.52	27917	113																				0	16933	-1229	16061
2025-08-21  08:40:00	635.80	635.97	635.72	635.73	7378	54																				800	3452	800	3452
2025-08-21  08:35:00	636.36	636.37	635.86	635.91	39418	160																				0	2309	-26500	-26200
2025-08-21  08:30:00	635.61	636.40	635.40	636.36	81525	337																				0	20805	-3230	20539
2025-08-21  08:25:00	635.89	635.93	635.70	635.93	27519	144																				0	210	-8554	-4561
2025-08-21  08:20:00	635.60	635.96	635.46	635.86	28859	130																				-1769	-1769	-10310	-9779
2025-08-21  08:15:00	635.84	635.95	635.42	635.64	114377	537																				0	65253	-250	65253
2025-08-21  08:10:00	636.14	636.14	635.70	635.81	53315	269																				0	7641	-7359	7641
2025-08-21  08:05:00	636.27	636.40	636.13	636.20	55177	238																				100	32579	100	23107
2025-08-21  08:00:00	637.05	638.63	636.16	636.24	54453	236																				9895	28541	9895	23783
2025-08-21  07:55:00	636.46	636.57	636.42	636.55	10358	54																				0	474	-3754	-3534
2025-08-21  07:50:00	636.49	636.64	636.45	636.47	4213	24																				0	210	-1757	-1435
2025-08-21  07:45:00	636.76	636.76	636.26	636.30	12831	84																				0	4753	-1272	4133
2025-08-21  07:40:00	636.72	636.90	636.69	636.70	10907	65																				0	507	-2421	-2375
2025-08-21  07:35:00	636.97	636.97	636.66	636.74	9511	49																				0	2319	-397	-397
2025-08-21  07:30:00	637.09	637.13	636.85	636.85	3752	28																				0	547	-303	168
2025-08-21  07:25:00	637.16	637.16	637.01	637.03	3278	19																				-50	-50	-1378	-278
2025-08-21  07:20:00	636.92	637.20	636.91	637.11	3780	20																				0	620	-240	-240
2025-08-21  07:15:00	637.00	637.00	636.94	636.95	3387	19																				400	1677	400	607
2025-08-21  07:10:00	637.04	637.13	636.91	636.91	14251	98																				0	8651	0	8651
2025-08-21  07:05:00	637.20	637.44	637.08	637.13	9965	61																				0	820	-5385	-5285
2025-08-21  07:00:00	637.08	637.79	636.91	637.09	35490	246																				1660	16261	1660	9066
2025-08-21  06:55:00	637.13	637.19	637.00	637.03	1225	12																				0	625	-75	425
2025-08-21  06:50:00	636.89	637.17	636.87	637.17	5785	39																				2364	5385	2364	5385
2025-08-21  06:45:00	636.91	636.92	636.86	636.90	1403	12																				0	303	-297	-197
2025-08-21  06:40:00	636.89	637.00	636.88	636.90	1250	12																				200	730	200	410
2025-08-21  06:35:00	636.75	636.75	636.69	636.72	1439	11																				0	200	-839	-839
2025-08-21  06:30:00	636.97	636.97	636.76	636.76	2945	22																				100	1610	100	275
2025-08-21  06:25:00	636.84	636.87	636.73	636.86	1201	9																				0	100	-201	-1
2025-08-21  06:20:00	636.44	636.86	636.26	636.86	4480	35																				0	1360	-1460	1360
2025-08-21  06:15:00	636.83	636.83	636.43	636.51	1880	18																				0	0	-980	-760
2025-08-21  06:10:00	637.01	637.01	636.85	636.85	700	7																				0	100	-300	-300
2025-08-21  06:05:00	637.10	637.12	637.07	637.12	831	6																				0	431	-200	431
2025-08-21  06:00:00	637.03	637.03	636.72	636.91	2819	26																				-500	-500	-2061	-1961
2025-08-21  05:55:00	637.36	637.36	637.14	637.14	200	2																				100	200	100	200
2025-08-21  05:45:00	637.52	637.52	637.48	637.48	210	2																				-100	-100	-210	-210
2025-08-21  05:40:00	637.48	637.52	637.48	637.52	400	3																				100	300	100	200
2025-08-21  05:35:00	637.35	637.46	637.35	637.46	300	3																				-100	-100	-200	-100
2025-08-21  05:30:00	637.43	637.50	637.43	637.45	800	8																				0	100	-400	-400
2025-08-21  05:25:00	637.35	637.42	637.35	637.42	600	4																				0	200	-100	0
2025-08-21  05:20:00	637.27	637.36	637.24	637.31	620	6																				0	200	-10	200
2025-08-21  05:10:00	637.07	637.18	637.07	637.18	457	4																				-100	-100	-457	-457
2025-08-21  05:05:00	637.09	637.09	636.94	636.94	1000	8																				-200	-200	-500	-400
2025-08-21  05:00:00	637.10	637.19	636.95	637.15	1670	16																				70	420	70	70
2025-08-21  04:55:00	637.27	637.27	637.06	637.07	2990	25																				-100	-100	-2590	-2590
2025-08-21  04:50:00	637.60	637.60	637.50	637.50	1593	11																				0	393	-17	393
2025-08-21  04:45:00	637.87	637.95	637.62	637.62	400	4																				0	100	-100	0
2025-08-21  04:40:00	638.10	638.10	638.10	638.10	300	3																				100	300	100	300
2025-08-21  04:35:00	638.09	638.13	638.03	638.10	1200	12																				0	200	0	200
2025-08-21  04:30:00	638.10	638.10	638.09	638.09	681	2																				581	681	581	681
2025-08-21  04:25:00	637.94	638.10	637.94	638.10	948	6																				238	948	238	948
2025-08-21  04:15:00	638.17	638.17	637.64	637.64	2370	15																				-410	-410	-1610	-1510
2025-08-21  04:10:00	638.21	638.21	638.08	638.11	310	3																				100	210	100	110
2025-08-21  04:05:00	638.30	638.36	638.30	638.36	1380	6																				900	1380	900	1380
2025-08-21  04:00:00	638.01	638.30	638.01	638.30	860	5																				440	550	440	440
2025-08-20  20:00:00	638.11	638.11	638.11	638.11	1	1																				1	1	1	1
2025-08-20  19:55:00	637.75	637.80	637.70	637.80	1606	11																				100	971	100	936
2025-08-20  19:50:00	637.50	637.70	637.50	637.70	1353	9																				100	1153	100	1153
2025-08-20  19:45:00	637.61	637.63	637.49	637.51	7299	34																				0	200	-4653	-4107
2025-08-20  19:40:00	637.63	637.63	637.63	637.63	100	1																				100	100	100	100
2025-08-20  19:35:00	637.54	637.54	637.49	637.54	2863	6																				0	500	-1663	-1663
2025-08-20  19:30:00	637.64	637.64	637.50	637.52	9105	42																				-493	-493	-5538	-5093
2025-08-20  19:25:00	637.70	637.70	637.62	637.66	2737	13																				0	102	-1633	-1533
2025-08-20  19:20:00	637.76	637.76	637.71	637.71	1200	7																				0	700	-200	600
2025-08-20  19:15:00	637.75	637.75	637.75	637.75	300	1																				-300	-300	-300	-300
2025-08-20  19:10:00	637.81	637.81	637.78	637.78	1200	5																				-600	-600	-1100	-1000
2025-08-20  19:05:00	637.63	637.90	637.56	637.90	5517	25																				0	4093	-312	4093
2025-08-20  19:00:00	637.75	637.78	637.69	637.69	1713	6																				411	1062	411	411
2025-08-20  18:55:00	637.79	637.82	637.73	637.82	1579	14																				0	300	-200	221
2025-08-20  18:50:00	637.81	637.81	637.81	637.81	100	1																				100	100	100	100
2025-08-20  18:45:00	637.70	637.70	637.70	637.70	200	1																				-200	-200	-200	-200
2025-08-20  18:40:00	637.71	637.76	637.70	637.76	470	3																				-170	-170	-370	-270
2025-08-20  18:35:00	637.79	637.79	637.68	637.75	3023	17																				0	823	-377	-377
2025-08-20  18:30:00	638.11	638.11	637.79	637.79	2436	16																				0	101	-1199	-764
2025-08-20  18:25:00	637.98	638.00	637.91	638.00	2012	14																				132	1532	132	1532
2025-08-20  18:20:00	637.69	637.88	637.60	637.88	23106	150																				-1000	-1000	-16106	-15706
2025-08-20  18:15:00	637.98	637.98	637.70	637.76	7726	46																				0	600	-2232	-1932
2025-08-20  18:10:00	638.11	638.16	637.92	637.92	6185	29																				500	2900	500	1229
2025-08-20  18:05:00	638.17	638.29	637.95	637.98	15310	85																				0	1391	-7522	-7522
2025-08-20  18:00:00	638.07	638.35	638.07	638.14	47402	221																				0	7414	-17174	-16974
2025-08-20  17:55:00	638.07	638.08	637.96	637.96	4199	24																				0	200	-3599	-3599
2025-08-20  17:50:00	638.08	638.08	638.08	638.08	200	1																				200	200	200	200
2025-08-20  17:45:00	638.10	638.13	638.04	638.09	3378	19																				0	200	-975	28
2025-08-20  17:40:00	638.06	638.11	638.05	638.10	10039	37																				0	3640	-1236	1799
2025-08-20  17:35:00	638.06	638.07	638.05	638.05	1345	11																				-400	-400	-945	-945
2025-08-20  17:30:00	638.06	638.09	638.05	638.05	4602	14																				100	2784	100	1598
2025-08-20  17:25:00	637.99	638.05	637.99	638.05	898	5																				-298	-298	-498	-298
2025-08-20  17:20:00	637.97	638.04	637.97	638.01	2578	15																				0	1578	-200	1578
2025-08-20  17:15:00	637.99	638.00	637.99	638.00	3827	11																				1931	3827	1931	3827
2025-08-20  17:10:00	637.98	637.98	637.96	637.96	10402	10																				-100	-100	-10202	-10202
2025-08-20  17:05:00	637.95	637.97	637.94	637.97	10515	12																				-100	-100	-10131	-10131
2025-08-20  17:00:00	638.00	638.00	637.90	637.96	21980	59																				0	3066	-12248	-12248
2025-08-20  16:55:00	638.08	638.13	638.07	638.08	18272	57																				-1280	-1280	-11475	-8080
2025-08-20  16:50:00	637.90	638.14	637.90	638.10	20868	97																				800	9021	800	8980
2025-08-20  16:45:00	637.95	638.02	637.87	637.91	40512	125																				0	100	-23720	-19720
2025-08-20  16:40:00	637.98	638.00	637.95	637.95	3199	16																				100	2466	100	2133
2025-08-20  16:35:00	637.88	637.98	637.88	637.98	5705	27																				-559	-559	-1790	-1327
2025-08-20  16:30:00	637.85	637.94	637.83	637.94	4256	24																				0	460	-521	-64
2025-08-20  16:25:00	637.86	637.87	637.75	637.83	16620	66																				0	2258	-6114	-924
2025-08-20  16:20:00	637.85	637.91	637.80	637.89	11585	47																				0	5256	-317	1903
2025-08-20  16:15:00	638.00	638.00	637.77	637.86	114658	322																				0	67502	-500	40520
2025-08-20  16:10:00	638.11	638.11	636.48	637.97	78491	310																				-6475	-6475	-36908	-35799
2025-08-20  16:05:00	638.03	638.11	637.96	638.00	151212	577																				0	8218	-34651	-33062
2025-08-20  16:00:00	638.05	638.18	637.84	638.04	1192888	1885																				746334	879724	746334	878374
2025-08-20  15:55:00	638.81	639.02	637.80	638.07	3188628	18912																				0	339936	-5237	329402
2025-08-20  15:50:00	638.94	639.06	638.36	638.83	1810903	10581																				0	142	-140812	-92841
2025-08-20  15:45:00	638.78	639.00	638.61	638.94	806662	5064																				0	86340	-22455	76336
2025-08-20  15:40:00	638.49	638.79	638.43	638.77	732733	4781																				0	59768	-13214	56923
2025-08-20  15:35:00	638.70	638.91	638.43	638.47	698891	4582																				0	19043	-15479	2651
2025-08-20  15:30:00	638.32	638.80	638.17	638.70	511807	3876																				0	25389	-9812	22739
2025-08-20  15:25:00	638.79	638.81	638.13	638.33	813139	5649																				0	32485	-3357	29455