 [ID0] SPY[M]  5 Min  #7			Formula Source Sheet #2.  Enter and modify formulas for this sheet on Sheet2																							[ID2] BidVolume vs. AskVolume
Date Time	[ID0.SG1] Open	[ID0.SG2] High	[ID0.SG3] Low	[ID0.SG4] Last	[ID0.SG5] Volume	[ID0.SG6] # of Trades				K	L	M	N	O	P	Q	R	S	T	U	V	W	X	Y	Z	[ID2.SG1] Ask Volume	[ID2.SG2] Bid Volume	[ID2.SG4] Zero Line	[ID2.SG5] Difference
2025-08-29  14:55:00	644.38	644.45	644.24	644.42	166707	1025																				85631	-81076	0	4555
2025-08-29  14:50:00	644.37	644.44	644.17	644.39	316154	1694																				113414	-202740	0	-89326
2025-08-29  14:45:00	644.27	644.48	644.27	644.36	203130	1497																				109481	-93649	0	15832
2025-08-29  14:40:00	644.48	644.55	644.27	644.27	203919	1330																				107800	-96119	0	11681
2025-08-29  14:35:00	644.63	644.74	644.45	644.47	341838	2209																				186862	-154976	0	31886
2025-08-29  14:30:00	644.27	644.65	644.27	644.63	244297	1698																				125838	-118459	0	7379
2025-08-29  14:25:00	644.42	644.51	644.22	644.27	227718	1436																				115841	-111877	0	3964
2025-08-29  14:20:00	644.53	644.53	644.17	644.42	374665	2415																				138490	-236175	0	-97685
2025-08-29  14:15:00	644.54	644.66	644.45	644.54	326937	2075																				187899	-139038	0	48861
2025-08-29  14:10:00	644.61	644.70	644.40	644.53	320122	1892																				198036	-122086	0	75950
2025-08-29  14:05:00	644.25	644.65	644.22	644.61	241718	1452																				126260	-115458	0	10802
2025-08-29  14:00:00	644.65	644.66	644.23	644.23	328794	2339																				165046	-163748	0	1298
2025-08-29  13:55:00	644.76	644.85	644.40	644.64	305991	2130																				156682	-149309	0	7373
2025-08-29  13:50:00	644.57	645.01	644.50	644.77	374630	2424																				192477	-182153	0	10324
2025-08-29  13:45:00	644.36	644.67	644.33	644.57	335407	2201																				144628	-190779	0	-46151
2025-08-29  13:40:00	644.22	644.42	644.20	644.35	354569	2109																				211487	-143082	0	68405
2025-08-29  13:35:00	643.98	644.25	643.92	644.21	294263	1759																				153197	-141066	0	12131
2025-08-29  13:30:00	644.00	644.26	643.84	643.98	272790	1810																				117368	-155422	0	-38054
2025-08-29  13:25:00	643.88	644.11	643.88	644.00	206546	1300																				86512	-120034	0	-33522
2025-08-29  13:20:00	643.72	644.09	643.72	643.89	438501	2616																				196512	-241989	0	-45477
2025-08-29  13:15:00	643.83	643.95	643.46	643.72	481154	2973																				240287	-240867	0	-580
2025-08-29  13:10:00	644.23	644.24	643.78	643.83	370246	2651																				205552	-164694	0	40858
2025-08-29  13:05:00	643.93	644.26	643.78	644.23	290540	2092																				165511	-125029	0	40482
2025-08-29  13:00:00	644.70	644.70	643.90	643.92	568860	3406																				275023	-293837	0	-18814
2025-08-29  12:55:00	644.80	644.91	644.67	644.72	351645	2180																				134736	-216909	0	-82173
2025-08-29  12:50:00	644.68	644.83	644.59	644.81	413753	2403																				220619	-193134	0	27485
2025-08-29  12:45:00	644.93	645.04	644.62	644.68	197814	1430																				93694	-104120	0	-10426
2025-08-29  12:40:00	644.91	644.94	644.73	644.94	168727	1188																				85315	-83412	0	1903
2025-08-29  12:35:00	644.69	644.95	644.65	644.91	258326	1730																				148933	-109393	0	39540
2025-08-29  12:30:00	644.18	644.76	644.18	644.68	224521	1358																				96079	-128442	0	-32363
2025-08-29  12:25:00	644.63	644.66	644.09	644.17	202393	1353																				89608	-112785	0	-23177
2025-08-29  12:20:00	644.53	644.68	644.48	644.63	246818	1543																				138774	-108044	0	30730
2025-08-29  12:15:00	644.54	644.76	644.39	644.53	282948	2093																				132550	-150398	0	-17848
2025-08-29  12:10:00	644.34	644.68	644.26	644.54	377494	2500																				209413	-168081	0	41332
2025-08-29  12:05:00	644.33	644.40	643.98	644.35	273790	1790																				129175	-144615	0	-15440
2025-08-29  12:00:00	643.78	644.42	643.75	644.34	476321	2964																				230503	-245818	0	-15315
2025-08-29  11:55:00	643.91	644.10	643.73	643.79	428069	2444																				205539	-222530	0	-16991
2025-08-29  11:50:00	643.99	644.12	643.71	643.91	372471	2518																				181606	-190865	0	-9259
2025-08-29  11:45:00	644.14	644.26	643.97	643.99	274805	1827																				134357	-140448	0	-6091
2025-08-29  11:40:00	644.34	644.47	644.13	644.15	297208	1981																				147064	-150144	0	-3080
2025-08-29  11:35:00	644.07	644.51	644.06	644.35	370568	2479																				183639	-186929	0	-3290
2025-08-29  11:30:00	644.41	644.55	644.00	644.06	315788	2080																				157513	-158275	0	-762
2025-08-29  11:25:00	644.55	644.77	644.30	644.41	369441	2218																				162976	-206465	0	-43489
2025-08-29  11:20:00	644.34	644.61	644.20	644.56	282545	1964																				142268	-140277	0	1991
2025-08-29  11:15:00	644.37	644.60	644.21	644.35	378465	2352																				154397	-224068	0	-69671
2025-08-29  11:10:00	644.62	644.76	644.34	644.36	416091	2505																				190575	-225516	0	-34941
2025-08-29  11:05:00	644.09	644.70	644.03	644.64	415943	2718																				202220	-213723	0	-11503
2025-08-29  11:00:00	643.82	644.24	643.68	644.08	402275	2622																				223291	-178984	0	44307
2025-08-29  10:55:00	643.73	644.03	643.52	643.82	635847	4010																				303345	-332502	0	-29157
2025-08-29  10:50:00	643.71	643.78	643.14	643.72	923281	5562																				469604	-453677	0	15927
2025-08-29  10:45:00	644.20	644.36	643.52	643.71	625719	3966																				280907	-344812	0	-63905
2025-08-29  10:40:00	644.96	645.11	644.17	644.20	640782	3985																				307351	-333431	0	-26080
2025-08-29  10:35:00	644.80	645.01	644.53	644.97	485396	3290																				215312	-270084	0	-54772
2025-08-29  10:30:00	644.67	644.93	644.33	644.83	554632	3557		Currency Value Per Tick (read-only):	0.009999999776482582																	285661	-268971	0	16690
2025-08-29  10:25:00	644.42	644.68	643.82	644.67	657355	3996		Connected to Data Feed (read-only):	1																	286791	-370564	0	-83773
2025-08-29  10:20:00	644.09	644.79	644.08	644.43	790196	4981																				409141	-381055	0	28086
2025-08-29  10:15:00	644.32	644.32	643.63	644.13	1166667	6361																				551082	-615585	0	-64503
2025-08-29  10:10:00	644.06	644.39	643.84	644.33	1521488	9425																				651389	-870099	0	-218710
2025-08-29  10:05:00	644.60	644.75	643.79	644.08	1537592	10136																				757159	-780433	0	-23274
2025-08-29  10:00:00	645.50	646.06	644.60	644.62	1354934	8192																				618938	-735996	0	-117058
2025-08-29  09:55:00	645.96	646.15	645.34	645.51	1068464	6589																				502840	-565624	0	-62784
2025-08-29  09:50:00	646.10	646.35	645.77	645.96	1009088	6987																				474467	-534621	0	-60154
2025-08-29  09:45:00	647.01	647.01	646.07	646.10	1302374	9009																				622015	-680359	0	-58344
2025-08-29  09:40:00	646.87	647.28	646.80	647.01	853774	5768																				432267	-421507	0	10760
2025-08-29  09:35:00	647.39	647.44	646.85	646.87	1016100	6541																				472111	-543989	0	-71878
2025-08-29  09:30:00	647.46	647.84	647.28	647.41	1524980	9128																				846860	-678120	0	168740
2025-08-29  09:26:00	647.87	647.96	647.68	647.68	35119	136																				19963	-15156	0	4807
2025-08-29  09:21:00	647.71	647.87	647.52	647.85	19601	98																				10566	-9035	0	1531
2025-08-29  09:16:00	647.70	647.73	647.47	647.65	15502	63																				4146	-11356	0	-7210
2025-08-29  09:11:00	647.60	647.69	647.58	647.66	15217	77																				4777	-10440	0	-5663
2025-08-29  09:06:00	647.71	647.71	647.62	647.65	7117	41																				3250	-3867	0	-617
2025-08-29  09:01:00	647.65	647.86	647.65	647.72	20211	106																				9039	-11172	0	-2133
2025-08-29  08:56:00	647.58	647.72	647.57	647.68	21659	108		Chart Start Time (read-only):	09:30:00																	12769	-8890	0	3879
2025-08-29  08:51:00	647.53	647.65	647.50	647.63	11505	47		Chart End Time (read-only):	16:00:00																	6933	-4572	0	2361
2025-08-29  08:46:00	647.52	647.72	647.52	647.55	11772	43		Number of Bars (read-only):	4213																	5600	-6172	0	-572
2025-08-29  08:41:00	647.40	647.56	647.25	647.52	36935	114																				15361	-21574	0	-6213
2025-08-29  08:36:00	647.55	647.56	647.33	647.46	40375	174																				20049	-20326	0	-277
2025-08-29  08:31:00	647.92	647.92	647.35	647.59	141309	563																				100489	-40820	0	59669
2025-08-29  08:26:00	647.03	648.09	647.00	647.88	116527	342																				77161	-39366	0	37795
2025-08-29  08:21:00	647.06	647.12	646.98	647.05	27579	131																				15409	-12170	0	3239
2025-08-29  08:16:00	647.13	647.20	646.98	647.03	61974	290																				34101	-27873	0	6228
2025-08-29  08:11:00	646.92	647.16	646.92	647.12	21565	116																				17191	-4374	0	12817
2025-08-29  08:06:00	646.89	647.05	646.89	646.96	20557	103																				9682	-10875	0	-1193
2025-08-29  08:01:00	648.30	648.35	646.81	646.88	47903	190																				31521	-16382	0	15139
2025-08-29  07:56:00	647.14	648.80	646.87	647.14	67912	273																				48052	-19860	0	28192
2025-08-29  07:51:00	647.07	647.14	647.02	647.07	9840	56																				2580	-7260	0	-4680
2025-08-29  07:46:00	647.20	647.20	647.05	647.05	7146	55																				2199	-4947	0	-2748
2025-08-29  07:41:00	647.28	647.30	647.18	647.18	2119	13																				729	-1390	0	-661
2025-08-29  07:36:00	647.21	647.23	647.14	647.20	10019	62																				5049	-4970	0	79
2025-08-29  07:31:00	647.26	647.33	647.20	647.31	15816	108																				10956	-4860	0	6096
2025-08-29  07:26:00	647.28	647.39	647.25	647.28	1520	10																				820	-700	0	120
2025-08-29  07:21:00	647.41	647.43	647.27	647.31	1248	9																				317	-931	0	-614
2025-08-29  07:16:00	647.34	647.38	647.32	647.32	2266	17																				1070	-1196	0	-126
2025-08-29  07:11:00	647.22	647.40	647.22	647.38	29446	119																				8671	-20775	0	-12104
2025-08-29  07:06:00	647.15	647.21	647.11	647.20	875	5																				200	-675	0	-475
2025-08-29  07:01:00	647.10	647.23	647.08	647.18	3375	29																				2600	-775	0	1825
2025-08-29  06:56:00	646.90	647.13	646.90	647.10	11542	91																				8642	-2900	0	5742
2025-08-29  06:51:00	647.14	647.19	647.11	647.12	26982	97																				5100	-21882	0	-16782
2025-08-29  06:46:00	647.14	647.14	647.02	647.05	900	9																				700	-200	0	500
2025-08-29  06:41:00	647.10	647.13	647.00	647.13	26900	71																				5900	-21000	0	-15100
2025-08-29  06:36:00	647.10	647.16	647.10	647.14	1870	15																				1278	-592	0	686
2025-08-29  06:31:00	647.13	647.21	647.11	647.20	2500	18																				1100	-1400	0	-300
2025-08-29  06:26:00	647.25	647.28	647.21	647.21	1608	11																				600	-1008	0	-408
2025-08-29  06:21:00	647.24	647.24	647.22	647.22	300	3																				200	-100	0	100
2025-08-29  06:16:00	647.25	647.25	647.25	647.25	600	6																				600	0	0	600
2025-08-29  06:11:00	647.39	647.39	647.21	647.21	1700	17																				1700	0	0	1700
2025-08-29  06:06:00	647.18	647.33	647.18	647.33	200	2																				100	-100	0	0
2025-08-29  06:01:00	647.02	647.14	646.95	647.14	3600	20																				1400	-2200	0	-800
2025-08-29  05:56:00	647.26	647.27	647.10	647.11	2710	17																				500	-2210	0	-1710
2025-08-29  05:51:00	647.27	647.27	647.27	647.27	400	4																				400	0	0	400
2025-08-29  05:46:00	647.34	647.34	647.22	647.22	1700	8																				900	-800	0	100
2025-08-29  05:41:00	647.22	647.22	647.17	647.18	2790	21																				2590	-200	0	2390
2025-08-29  05:36:00	647.27	647.27	647.26	647.26	700	7																				600	-100	0	500
2025-08-29  05:31:00	647.21	647.24	647.14	647.24	3705	26																				3405	-300	0	3105
2025-08-29  05:26:00	647.19	647.21	647.13	647.21	900	5																				300	-600	0	-300
2025-08-29  05:21:00	647.17	647.19	647.16	647.19	900	6																				900	0	0	900
2025-08-29  05:16:00	647.08	647.13	647.05	647.05	3329	17																				600	-2729	0	-2129
2025-08-29  05:11:00	646.93	647.14	646.93	647.08	700	6																				400	-300	0	100
2025-08-29  05:06:00	646.87	646.96	646.75	646.91	3710	24																				600	-3110	0	-2510
2025-08-29  05:01:00	646.81	646.84	646.52	646.83	3834	23																				900	-2934	0	-2034
2025-08-29  04:56:00	647.01	647.01	646.83	646.84	7753	51																				5209	-2544	0	2665
2025-08-29  04:51:00	647.38	647.38	647.00	647.14	7107	57																				3100	-4007	0	-907
2025-08-29  04:46:00	647.35	647.39	647.35	647.39	400	4																				400	0	0	400
2025-08-29  04:41:00	647.50	647.52	647.50	647.52	200	2																				200	0	0	200
2025-08-29  04:36:00	647.60	647.60	647.44	647.44	1425	11																				600	-825	0	-225
2025-08-29  04:31:00	647.52	647.64	647.51	647.60	547	4																				447	-100	0	347
2025-08-29  04:26:00	647.51	647.55	647.46	647.55	700	7																				500	-200	0	300
2025-08-29  04:21:00	647.48	647.52	647.48	647.52	600	6																				600	0	0	600
2025-08-29  04:16:00	647.31	647.53	647.31	647.44	2315	23																				1900	-415	0	1485
2025-08-29  04:11:00	647.52	647.52	647.33	647.33	3681	20																				1700	-1981	0	-281
2025-08-29  04:06:00	647.64	647.70	647.58	647.58	1474	14																				1150	-324	0	826
2025-08-29  04:01:00	647.98	648.02	647.67	647.67	4226	35																				2106	-2120	0	-14
2025-08-29  03:56:00	647.89	648.48	647.79	647.84	2702	26																				1800	-902	0	898
2025-08-28  19:56:00	648.66	648.92	648.65	648.92	3394	20																				1991	-1403	0	588
2025-08-28  19:51:00	648.59	648.59	648.57	648.58	600	4																				600	0	0	600
2025-08-28  19:46:00	648.66	648.66	648.57	648.57	200	2																				100	-100	0	0
2025-08-28  19:41:00	648.66	648.66	648.63	648.65	1045	9																				300	-745	0	-445
2025-08-28  19:36:00	648.60	648.68	648.60	648.68	800	4																				100	-700	0	-600
2025-08-28  19:31:00	648.58	648.58	648.57	648.57	600	2																				100	-500	0	-400
2025-08-28  19:26:00	648.51	648.57	648.51	648.57	987	5																				468	-519	0	-51
2025-08-28  19:21:00	648.50	648.53	648.50	648.53	300	3																				200	-100	0	100
2025-08-28  19:16:00	648.55	648.57	648.55	648.55	4050	9																				250	-3800	0	-3550
2025-08-28  19:11:00	648.55	648.55	648.55	648.55	250	1																				250	0	0	250
2025-08-28  19:06:00	648.50	648.60	648.50	648.60	549	4																				200	-349	0	-149
2025-08-28  19:01:00	648.60	648.63	648.39	648.39	650	5																				250	-400	0	-150
2025-08-28  18:56:00	648.43	648.48	648.42	648.48	1531	7																				700	-831	0	-131
2025-08-28  18:51:00	648.50	648.51	648.50	648.51	1462	5																				1462	0	0	1462
2025-08-28  18:46:00	648.41	648.47	648.41	648.47	700	6																				400	-300	0	100
2025-08-28  18:41:00	648.48	648.50	648.41	648.44	5623	33																				2819	-2804	0	15
2025-08-28  18:36:00	648.59	648.59	648.46	648.46	14689	47																				2416	-12273	0	-9857
2025-08-28  18:31:00	648.63	648.64	648.59	648.59	2622	9																				500	-2122	0	-1622
2025-08-28  18:26:00	648.92	648.92	648.65	648.65	201	3																				101	-100	0	1
2025-08-28  18:21:00	648.68	648.78	648.67	648.78	1200	11																				700	-500	0	200
2025-08-28  18:16:00	648.70	648.76	648.63	648.63	12263	31																				3200	-9063	0	-5863
2025-08-28  18:11:00	648.79	648.84	648.70	648.77	3803	23																				1600	-2203	0	-603
2025-08-28  18:06:00	648.92	648.92	648.74	648.74	1398	10																				600	-798	0	-198
2025-08-28  18:01:00	648.79	648.85	648.66	648.85	5412	33																				2315	-3097	0	-782
2025-08-28  17:56:00	648.82	648.92	648.75	648.89	28499	32																				6269	-22230	0	-15961
2025-08-28  17:51:00	648.78	648.79	648.78	648.79	600	3																				500	-100	0	400
2025-08-28  17:46:00	648.78	648.78	648.78	648.78	200	2																				0	-200	0	-200
2025-08-28  17:41:00	648.76	648.79	648.76	648.79	1541	9																				200	-1341	0	-1141
2025-08-28  17:36:00	648.80	648.80	648.79	648.79	548	3																				100	-448	0	-348
2025-08-28  17:31:00	648.85	648.85	648.77	648.77	6538	22																				3293	-3245	0	48
2025-08-28  17:26:00	648.85	648.86	648.85	648.86	319	2																				319	0	0	319
2025-08-28  17:21:00	648.77	648.88	648.77	648.77	1490	5																				1000	-490	0	510
2025-08-28  17:16:00	648.86	648.88	648.79	648.81	2032	16																				800	-1232	0	-432
2025-08-28  17:11:00	648.91	648.97	648.90	648.97	3200	15																				2800	-400	0	2400
2025-08-28  17:06:00	648.93	648.93	648.76	648.80	6409	25																				2408	-4001	0	-1593
2025-08-28  17:01:00	648.98	649.03	648.90	648.91	2894	16																				254	-2640	0	-2386
2025-08-28  16:56:00	648.91	648.98	648.81	648.98	10869	56																				7149	-3720	0	3429
2025-08-28  16:51:00	648.89	648.92	648.87	648.87	12680	31																				4082	-8598	0	-4516
2025-08-28  16:46:00	648.99	649.00	648.89	648.94	15641	54																				3576	-12065	0	-8489
2025-08-28  16:41:00	649.05	649.05	648.95	649.00	9467	52																				5877	-3590	0	2287
2025-08-28  16:36:00	649.08	649.13	649.02	649.06	58051	179																				48360	-9691	0	38669
2025-08-28  16:31:00	649.04	649.21	649.00	649.08	82721	313																				51702	-31019	0	20683
2025-08-28  16:26:00	648.99	649.04	648.91	649.04	36102	118																				22477	-13625	0	8852
2025-08-28  16:21:00	648.90	648.99	648.88	648.98	51644	190																				6371	-45273	0	-38902
2025-08-28  16:16:00	648.92	649.79	648.89	648.92	112399	384																				73243	-39156	0	34087
2025-08-28  16:11:00	648.93	648.96	648.87	648.92	187678	509																				114485	-73193	0	41292
2025-08-28  16:06:00	648.85	648.94	648.73	648.94	75220	283																				48996	-26224	0	22772
2025-08-28  16:01:00	648.65	648.98	648.59	648.81	295487	946																				119503	-175984	0	-56481
2025-08-28  16:00:00	648.87	648.93	648.83	648.88	1091141	93																				1081308	-9833	0	1071475
2025-08-28  15:55:00	649.44	649.44	648.82	648.89	3469452	17046																				2082228	-1387224	0	695004
2025-08-28  15:50:00	649.14	649.48	648.80	649.45	1745430	10052																				848751	-896679	0	-47928
2025-08-28  15:45:00	649.11	649.39	649.09	649.14	931790	5467																				496428	-435362	0	61066
2025-08-28  15:40:00	648.92	649.14	648.90	649.09	628278	3775																				346700	-281578	0	65122
2025-08-28  15:35:00	648.88	648.97	648.73	648.92	746411	4702																				362536	-383875	0	-21339
2025-08-28  15:30:00	648.95	648.97	648.78	648.88	420287	2331																				208516	-211771	0	-3255
2025-08-28  15:25:00	648.93	649.06	648.85	648.96	353363	1969																				189983	-163380	0	26603
2025-08-28  15:20:00	649.03	649.06	648.91	648.93	345906	2007																				143753	-202153	0	-58400
2025-08-28  15:15:00	649.16	649.16	648.92	649.03	619559	3528																				240038	-379521	0	-139483
2025-08-28  15:10:00	649.11	649.25	649.07	649.16	327752	1920																				139318	-188434	0	-49116
2025-08-28  15:05:00	648.99	649.15	648.84	649.11	341545	2048																				163973	-177572	0	-13599
2025-08-28  15:00:00	648.96	649.16	648.96	648.99	392649	2261																				196522	-196127	0	395
2025-08-28  14:55:00	648.92	649.05	648.84	648.97	387098	2042																				197995	-189103	0	8892
2025-08-28  14:50:00	648.79	648.95	648.77	648.93	373863	2148																				151270	-222593	0	-71323
2025-08-28  14:45:00	648.81	648.92	648.77	648.77	303262	1749																				169637	-133625	0	36012
2025-08-28  14:40:00	648.84	649.01	648.78	648.80	718142	3620																				421613	-296529	0	125084
2025-08-28  14:35:00	648.80	648.89	648.71	648.84	425279	2383																				199074	-226205	0	-27131
2025-08-28  14:30:00	648.65	648.86	648.63	648.80	635009	3098																				367956	-267053	0	100903
2025-08-28  14:25:00	648.51	648.68	648.47	648.65	422326	2275																				216663	-205663	0	11000
2025-08-28  14:20:00	648.43	648.58	648.42	648.51	246321	1616																				136861	-109460	0	27401
2025-08-28  14:15:00	648.47	648.52	648.35	648.43	309274	1906																				182867	-126407	0	56460
2025-08-28  14:10:00	648.48	648.56	648.37	648.47	416219	2585																				209026	-207193	0	1833
2025-08-28  14:05:00	648.42	648.56	648.39	648.48	283603	1879																				183611	-99992	0	83619
2025-08-28  14:00:00	648.37	648.46	648.32	648.42	376214	2068																				210988	-165226	0	45762
2025-08-28  13:55:00	648.44	648.44	648.27	648.38	316172	1919																				154955	-161217	0	-6262
2025-08-28  13:50:00	648.42	648.52	648.32	648.44	340325	2168																				190553	-149772	0	40781
2025-08-28  13:45:00	648.35	648.46	648.32	648.41	232397	1660																				117470	-114927	0	2543
2025-08-28  13:40:00	648.19	648.39	648.18	648.36	226297	1504																				105941	-120356	0	-14415
2025-08-28  13:35:00	648.10	648.35	648.10	648.18	249732	1595																				135237	-114495	0	20742
2025-08-28  13:30:00	648.13	648.34	648.08	648.10	445315	2692																				249911	-195404	0	54507
2025-08-28  13:25:00	647.97	648.15	647.85	648.13	244000	1564																				114079	-129921	0	-15842
2025-08-28  13:20:00	647.78	648.02	647.73	647.97	226312	1623																				108190	-118122	0	-9932
2025-08-28  13:15:00	647.80	647.90	647.71	647.77	186917	1192																				106507	-80410	0	26097
2025-08-28  13:10:00	647.84	647.84	647.60	647.82	229581	1626																				112928	-116653	0	-3725
2025-08-28  13:05:00	647.74	647.87	647.58	647.83	270097	1769																				129028	-141069	0	-12041
2025-08-28  13:00:00	647.67	647.78	647.45	647.73	294287	1666																				139966	-154321	0	-14355
2025-08-28  12:55:00	648.28	648.30	647.62	647.67	398298	2524																				181731	-216567	0	-34836
2025-08-28  12:50:00	648.13	648.36	648.09	648.28	296827	1811																				147532	-149295	0	-1763
2025-08-28  12:45:00	648.01	648.17	647.95	648.14	308533	2069																				154401	-154132	0	269
2025-08-28  12:40:00	647.98	648.05	647.86	648.01	205030	1326																				103402	-101628	0	1774
2025-08-28  12:35:00	647.80	648.01	647.74	647.98	166206	1185																				88984	-77222	0	11762
2025-08-28  12:30:00	648.15	648.26	647.70	647.78	338106	2113																				164398	-173708	0	-9310
2025-08-28  12:25:00	647.74	648.42	647.68	648.15	532621	3007																				257085	-275536	0	-18451
2025-08-28  12:20:00	647.50	647.76	647.50	647.74	235942	1406																				135468	-100474	0	34994
2025-08-28  12:15:00	647.76	647.84	647.46	647.49	524963	3145																				282345	-242618	0	39727
2025-08-28  12:10:00	647.34	647.78	647.31	647.76	316445	2074																				172111	-144334	0	27777
2025-08-28  12:05:00	647.09	647.39	646.99	647.33	271474	1422																				144784	-126690	0	18094
2025-08-28  12:00:00	647.02	647.10	646.94	647.08	234677	1450																				110311	-124366	0	-14055
2025-08-28  11:55:00	646.96	647.19	646.89	647.02	231769	1495																				118644	-113125	0	5519
2025-08-28  11:50:00	646.88	647.04	646.75	646.97	304000	1720																				133042	-170958	0	-37916
2025-08-28  11:45:00	646.84	646.97	646.63	646.86	322734	1845																				152444	-170290	0	-17846
2025-08-28  11:40:00	646.80	647.00	646.73	646.86	300200	1794																				143460	-156740	0	-13280
2025-08-28  11:35:00	646.84	647.09	646.72	646.79	336064	1993																				169516	-166548	0	2968
2025-08-28  11:30:00	646.28	646.93	646.24	646.86	356063	2180																				186520	-169543	0	16977
2025-08-28  11:25:00	646.72	646.72	646.08	646.25	559201	3402																				264116	-295085	0	-30969
2025-08-28  11:20:00	647.30	647.32	646.51	646.72	334090	1984																				176833	-157257	0	19576
2025-08-28  11:15:00	647.17	647.66	647.09	647.31	765781	4448																				385192	-380589	0	4603
2025-08-28  11:10:00	646.82	647.17	646.78	647.15	357834	2164																				194100	-163734	0	30366
2025-08-28  11:05:00	646.84	646.93	646.67	646.80	275205	1914																				135358	-139847	0	-4489
2025-08-28  11:00:00	646.89	647.08	646.80	646.84	313034	2105																				170425	-142609	0	27816
2025-08-28  10:55:00	646.97	647.17	646.87	646.89	468512	2677																				252249	-216263	0	35986
2025-08-28  10:50:00	646.87	647.01	646.59	646.96	344030	2316																				187555	-156475	0	31080
2025-08-28  10:45:00	646.80	647.10	646.52	646.86	652542	3999																				348900	-303642	0	45258
2025-08-28  10:40:00	646.36	646.94	646.35	646.81	464966	2960																				250275	-214691	0	35584
2025-08-28  10:35:00	646.34	646.38	645.94	646.36	313180	2077																				142437	-170743	0	-28306
2025-08-28  10:30:00	645.98	646.66	645.94	646.35	353876	2290																				180049	-173827	0	6222
2025-08-28  10:25:00	646.29	646.31	645.84	645.96	306494	2007																				144841	-161653	0	-16812
2025-08-28  10:20:00	646.07	646.59	646.07	646.29	348205	2309																				163452	-184753	0	-21301
2025-08-28  10:15:00	646.36	646.57	645.95	646.07	385251	2601																				183788	-201463	0	-17675
2025-08-28  10:10:00	646.28	646.61	646.19	646.38	480307	3089																				289184	-191123	0	98061
2025-08-28  10:05:00	645.64	646.68	645.58	646.27	870795	5667																				443267	-427528	0	15739
2025-08-28  10:00:00	645.93	646.22	645.60	645.68	724593	5027																				371600	-352993	0	18607
2025-08-28  09:55:00	646.02	646.13	645.34	645.94	1094012	7661																				564857	-529155	0	35702
2025-08-28  09:50:00	646.54	646.62	645.71	646.00	1164335	7769																				601559	-562776	0	38783
2025-08-28  09:45:00	647.19	647.33	646.54	646.55	727159	4963																				359860	-367299	0	-7439
2025-08-28  09:40:00	647.48	647.63	647.07	647.19	586419	4179																				331051	-255368	0	75683
2025-08-28  09:35:00	647.81	647.82	646.98	647.47	1392816	8277																				692291	-700525	0	-8234
2025-08-28  09:30:00	647.27	648.09	646.86	647.81	1477329	9083																				741519	-735810	0	5709
2025-08-28  09:26:00	647.48	647.52	647.20	647.22	41019	172																				8645	-32374	0	-23729
2025-08-28  09:21:00	647.61	647.66	647.46	647.50	61944	318																				45228	-16716	0	28512
2025-08-28  09:16:00	647.52	647.64	647.52	647.64	35167	182																				13471	-21696	0	-8225
2025-08-28  09:11:00	647.39	647.53	647.37	647.52	26508	170																				11960	-14548	0	-2588
2025-08-28  09:06:00	647.34	647.57	647.31	647.40	66287	367																				43009	-23278	0	19731
2025-08-28  09:01:00	647.27	647.37	647.14	647.35	31589	202																				11376	-20213	0	-8837
2025-08-28  08:56:00	647.29	647.35	647.12	647.17	38053	253																				13869	-24184	0	-10315
2025-08-28  08:51:00	647.14	647.30	647.14	647.25	23243	170																				8956	-14287	0	-5331
2025-08-28  08:46:00	647.39	647.39	647.11	647.14	50157	296																				17090	-33067	0	-15977
2025-08-28  08:41:00	647.43	647.58	647.34	647.40	58656	245																				11173	-47483	0	-36310
2025-08-28  08:36:00	647.11	647.43	646.90	647.43	58697	271																				18623	-40074	0	-21451
2025-08-28  08:31:00	646.80	647.42	646.71	647.11	90025	472																				31678	-58347	0	-26669
2025-08-28  08:26:00	646.55	646.84	646.45	646.76	34967	102																				23405	-11562	0	11843
2025-08-28  08:21:00	646.54	646.61	646.50	646.58	9866	68																				4508	-5358	0	-850
2025-08-28  08:16:00	646.74	646.74	646.53	646.57	4996	31																				4237	-759	0	3478
2025-08-28  08:11:00	646.85	646.87	646.69	646.69	6690	59																				4300	-2390	0	1910
2025-08-28  08:06:00	647.10	647.12	646.88	646.88	9280	68																				8961	-319	0	8642
2025-08-28  08:01:00	646.94	647.08	646.94	647.02	36113	184																				25563	-10550	0	15013
2025-08-28  07:56:00	646.88	647.67	645.92	646.96	56499	196																				19098	-37401	0	-18303
2025-08-28  07:51:00	646.79	646.88	646.77	646.86	2261	18																				1171	-1090	0	81
2025-08-28  07:46:00	646.57	646.71	646.55	646.71	1319	9																				1119	-200	0	919
2025-08-28  07:41:00	646.44	646.54	646.44	646.48	5584	30																				3817	-1767	0	2050
2025-08-28  07:36:00	646.60	646.60	646.40	646.49	12518	59																				7963	-4555	0	3408
2025-08-28  07:31:00	646.54	646.60	646.30	646.60	70249	271																				19319	-50930	0	-31611
2025-08-28  07:26:00	646.50	646.53	646.39	646.53	11131	56																				5139	-5992	0	-853
2025-08-28  07:21:00	646.44	646.44	646.38	646.44	2130	19																				1630	-500	0	1130
2025-08-28  07:16:00	646.43	646.46	646.29	646.29	17351	78																				14520	-2831	0	11689
2025-08-28  07:11:00	646.53	646.54	646.44	646.49	4434	35																				1850	-2584	0	-734
2025-08-28  07:06:00	646.66	646.66	646.53	646.53	4654	29																				2100	-2554	0	-454
2025-08-28  07:01:00	646.88	646.88	646.70	646.70	3770	24																				2097	-1673	0	424
2025-08-28  06:56:00	646.80	646.82	646.77	646.79	2470	23																				970	-1500	0	-530
2025-08-28  06:51:00	646.61	646.81	646.60	646.74	1490	13																				900	-590	0	310
2025-08-28  06:46:00	646.74	646.79	646.71	646.71	1100	11																				700	-400	0	300
2025-08-28  06:41:00	646.77	646.77	646.50	646.53	7580	54																				2987	-4593	0	-1606
2025-08-28  06:36:00	647.03	647.03	646.77	646.77	4229	27																				3549	-680	0	2869
2025-08-28  06:31:00	646.92	647.03	646.92	647.03	200	2																				200	0	0	200
2025-08-28  06:26:00	647.13	647.14	647.00	647.00	500	5																				0	-500	0	-500
2025-08-28  06:21:00	646.90	646.98	646.90	646.98	200	2																				100	-100	0	0
2025-08-28  06:16:00	647.05	647.06	646.88	646.88	800	8																				700	-100	0	600
2025-08-28  06:11:00	646.97	647.01	646.97	647.00	1610	15																				1410	-200	0	1210
2025-08-28  06:01:00	646.91	647.00	646.91	647.00	300	2																				200	-100	0	100
2025-08-28  05:51:00	647.07	647.07	647.01	647.05	500	5																				200	-300	0	-100
2025-08-28  05:46:00	647.00	647.05	647.00	647.05	200	2																				100	-100	0	0
2025-08-28  05:41:00	646.99	647.09	646.99	647.09	1669	6																				1569	-100	0	1469
2025-08-28  05:36:00	647.13	647.18	647.13	647.18	600	5																				300	-300	0	0
2025-08-28  05:31:00	647.02	647.08	647.01	647.08	1352	10																				274	-1078	0	-804
2025-08-28  05:26:00	647.17	647.17	647.12	647.15	940	6																				400	-540	0	-140
2025-08-28  05:21:00	647.17	647.18	647.09	647.09	900	7																				400	-500	0	-100
2025-08-28  05:16:00	647.16	647.16	647.16	647.16	100	1																				0	-100	0	-100
2025-08-28  05:11:00	647.37	647.41	647.24	647.24	3312	25																				1442	-1870	0	-428
2025-08-28  05:06:00	647.37	647.40	647.37	647.40	300	3																				300	0	0	300
2025-08-28  05:01:00	647.17	647.17	647.17	647.17	100	1																				100	0	0	100
2025-08-28  04:56:00	647.14	647.20	647.13	647.19	700	7																				300	-400	0	-100
2025-08-28  04:51:00	647.28	647.28	647.19	647.19	3630	29																				1270	-2360	0	-1090
2025-08-28  04:46:00	647.27	647.32	647.27	647.30	500	5																				200	-300	0	-100
2025-08-28  04:41:00	647.49	647.49	647.32	647.32	8750	55																				7450	-1300	0	6150
2025-08-28  04:36:00	647.42	647.48	647.42	647.48	600	6																				100	-500	0	-400
2025-08-28  04:31:00	647.45	647.49	647.45	647.49	300	3																				0	-300	0	-300
2025-08-28  04:26:00	647.62	647.62	647.58	647.58	459	4																				0	-459	0	-459
2025-08-28  04:21:00	647.63	647.91	647.63	647.69	4165	35																				800	-3365	0	-2565
2025-08-28  04:16:00	647.70	647.75	647.69	647.69	1600	16																				0	-1600	0	-1600
2025-08-28  04:11:00	647.67	647.83	647.66	647.71	2360	21																				1660	-700	0	960
2025-08-28  04:06:00	647.75	647.75	647.66	647.66	2788	10																				1631	-1157	0	474
2025-08-28  04:01:00	647.47	647.80	647.45	647.78	3321	26																				1295	-2026	0	-731
2025-08-28  03:56:00	647.61	647.74	647.47	647.47	2211	19																				473	-1738	0	-1265
2025-08-27  19:56:00	644.71	646.63	644.66	646.63	1101	9																				1101	0	0	1101
2025-08-27  19:51:00	644.71	644.71	644.70	644.70	429	2																				300	-129	0	171
2025-08-27  19:46:00	644.79	644.86	644.70	644.82	3882	23																				1640	-2242	0	-602
2025-08-27  19:41:00	644.89	644.89	644.76	644.81	3741	20																				2500	-1241	0	1259
2025-08-27  19:36:00	644.79	644.92	644.79	644.89	7563	30																				4060	-3503	0	557
2025-08-27  19:31:00	644.91	644.92	644.77	644.83	3884	26																				2184	-1700	0	484
2025-08-27  19:26:00	644.81	644.91	644.80	644.91	6144	26																				2578	-3566	0	-988
2025-08-27  19:21:00	644.77	644.82	644.75	644.82	618	5																				155	-463	0	-308
2025-08-27  19:16:00	644.91	644.91	644.82	644.82	2000	11																				600	-1400	0	-800
2025-08-27  19:11:00	644.98	644.98	644.91	644.91	810	4																				410	-400	0	10
2025-08-27  19:06:00	645.09	645.09	644.91	645.02	6600	17																				1500	-5100	0	-3600
2025-08-27  19:01:00	644.90	645.11	644.79	645.11	6128	38																				3675	-2453	0	1222
2025-08-27  18:56:00	645.04	645.04	644.93	644.97	1400	11																				500	-900	0	-400
2025-08-27  18:51:00	645.15	645.17	645.02	645.03	1302	9																				302	-1000	0	-698
2025-08-27  18:46:00	645.12	645.14	644.97	644.99	1213	9																				1013	-200	0	813
2025-08-27  18:41:00	645.22	645.22	645.01	645.12	10009	62																				2204	-7805	0	-5601
2025-08-27  18:36:00	645.29	645.29	645.22	645.25	3500	10																				3500	0	0	3500
2025-08-27  18:31:00	644.87	645.23	644.87	645.22	2879	15																				1436	-1443	0	-7
2025-08-27  18:26:00	644.86	646.63	644.69	646.63	9729	34																				2929	-6800	0	-3871
2025-08-27  18:21:00	644.73	644.80	644.72	644.80	4510	5																				510	-4000	0	-3490
2025-08-27  18:16:00	644.92	644.92	644.75	644.75	2930	11																				1024	-1906	0	-882
2025-08-27  18:11:00	644.99	645.22	644.90	644.90	8255	24																				6600	-1655	0	4945
2025-08-27  18:06:00	645.08	645.18	644.77	645.00	15279	80																				6302	-8977	0	-2675
2025-08-27  18:01:00	645.29	645.29	644.65	645.14	37682	198																				14002	-23680	0	-9678
2025-08-27  17:56:00	645.82	645.82	645.28	645.30	28392	122																				5871	-22521	0	-16650
2025-08-27  17:51:00	645.80	645.92	645.75	645.80	9162	30																				904	-8258	0	-7354
2025-08-27  17:46:00	645.89	646.19	645.77	645.77	13949	47																				10239	-3710	0	6529
2025-08-27  17:41:00	646.01	646.01	645.86	645.87	9207	22																				5225	-3982	0	1243
2025-08-27  17:36:00	646.00	646.02	646.00	646.02	3328	15																				0	-3328	0	-3328
2025-08-27  17:31:00	646.09	646.13	646.05	646.05	5783	25																				600	-5183	0	-4583
2025-08-27  17:26:00	645.99	646.06	645.98	646.05	15082	41																				10729	-4353	0	6376
2025-08-27  17:21:00	645.88	646.00	645.88	646.00	14361	58																				5557	-8804	0	-3247
2025-08-27  17:16:00	646.09	646.13	645.88	645.91	28507	141																				11083	-17424	0	-6341
2025-08-27  17:11:00	645.84	646.20	645.79	646.08	28689	121																				14216	-14473	0	-257
2025-08-27  17:06:00	645.57	645.86	645.57	645.84	24446	102																				9633	-14813	0	-5180
2025-08-27  17:01:00	645.61	645.70	645.50	645.56	13216	51																				9475	-3741	0	5734
2025-08-27  16:56:00	645.50	645.71	645.46	645.46	66787	223																				11439	-55348	0	-43909
2025-08-27  16:51:00	645.11	645.56	645.05	645.39	129589	601																				109410	-20179	0	89231
2025-08-27  16:46:00	645.08	645.35	644.81	645.04	543056	2099																				380913	-162143	0	218770
2025-08-27  16:41:00	645.19	645.24	644.89	645.11	99360	374																				46588	-52772	0	-6184
2025-08-27  16:36:00	645.32	645.50	644.67	645.19	103693	486																				49182	-54511	0	-5329
2025-08-27  16:31:00	645.94	645.96	644.62	645.27	102723	389																				50208	-52515	0	-2307
2025-08-27  16:26:00	644.95	645.96	644.92	645.73	318066	993																				122083	-195983	0	-73900
2025-08-27  16:21:00	645.13	645.17	643.15	644.94	656849	1913																				280479	-376370	0	-95891
2025-08-27  16:16:00	646.60	647.64	645.21	645.31	69656	252																				32004	-37652	0	-5648
2025-08-27  16:11:00	646.59	646.65	646.42	646.60	130097	477																				85614	-44483	0	41131
2025-08-27  16:06:00	646.39	646.65	646.39	646.55	180904	789																				95990	-84914	0	11076
2025-08-27  16:01:00	646.60	646.72	646.30	646.40	332715	1142																				157020	-175695	0	-18675
2025-08-27  16:00:00	646.61	646.66	646.51	646.66	930938	190																				911648	-19290	0	892358
2025-08-27  15:55:00	647.03	647.37	646.60	646.62	2171790	12108																				1185814	-985976	0	199838
2025-08-27  15:50:00	647.10	647.36	646.96	647.03	1037495	6525																				516975	-520520	0	-3545
2025-08-27  15:45:00	647.15	647.22	647.01	647.10	540487	3325																				270101	-270386	0	-285
2025-08-27  15:40:00	647.07	647.27	647.04	647.14	544172	3280																				252697	-291475	0	-38778
2025-08-27  15:35:00	646.79	647.09	646.77	647.06	379960	2350																				195778	-184182	0	11596
2025-08-27  15:30:00	646.65	646.83	646.65	646.79	335708	2150																				191727	-143981	0	47746
2025-08-27  15:25:00	646.56	646.72	646.52	646.66	264901	1785																				139500	-125401	0	14099
2025-08-27  15:20:00	646.61	646.66	646.39	646.56	307820	1995																				159708	-148112	0	11596
2025-08-27  15:15:00	646.13	646.65	646.10	646.61	767341	4703																				419055	-348286	0	70769
2025-08-27  15:10:00	646.83	646.84	645.82	646.12	1157421	7371																				633921	-523500	0	110421
2025-08-27  15:05:00	646.93	646.95	646.79	646.85	362087	2351																				180080	-182007	0	-1927
2025-08-27  15:00:00	647.03	647.06	646.85	646.93	400322	2643																				236640	-163682	0	72958
2025-08-27  14:55:00	647.10	647.18	647.01	647.04	287469	1848																				136219	-151250	0	-15031
2025-08-27  14:50:00	647.21	647.29	647.09	647.11	270974	1662																				150173	-120801	0	29372
2025-08-27  14:45:00	647.18	647.31	647.17	647.20	267138	1794																				131324	-135814	0	-4490
2025-08-27  14:40:00	647.20	647.24	647.14	647.18	282428	1566																				147149	-135279	0	11870
2025-08-27  14:35:00	647.20	647.28	647.15	647.21	226342	1544																				134105	-92237	0	41868
2025-08-27  14:30:00	647.25	647.31	647.15	647.20	176354	1278																				93736	-82618	0	11118
2025-08-27  14:25:00	647.31	647.35	647.21	647.26	201956	1364																				104826	-97130	0	7696
2025-08-27  14:20:00	647.12	647.34	647.06	647.32	303064	1814																				148517	-154547	0	-6030
2025-08-27  14:15:00	647.19	647.35	647.13	647.13	468953	2908																				255254	-213699	0	41555
2025-08-27  14:10:00	646.72	647.30	646.72	647.18	537205	3205																				328153	-209052	0	119101
2025-08-27  14:05:00	646.64	646.80	646.58	646.72	235974	1499																				123754	-112220	0	11534
2025-08-27  14:00:00	646.76	646.81	646.61	646.64	386714	2235																				178172	-208542	0	-30370
2025-08-27  13:55:00	646.71	646.82	646.62	646.76	187992	1257																				108554	-79438	0	29116
2025-08-27  13:50:00	646.62	646.76	646.58	646.71	160030	1131																				88820	-71210	0	17610
2025-08-27  13:45:00	646.63	646.71	646.53	646.63	179666	1208																				99168	-80498	0	18670
2025-08-27  13:40:00	646.66	646.71	646.57	646.65	166515	933																				82484	-84031	0	-1547
2025-08-27  13:35:00	646.55	646.68	646.51	646.64	269234	1543																				140550	-128684	0	11866
2025-08-27  13:30:00	646.45	646.64	646.44	646.54	209133	1270																				131206	-77927	0	53279
2025-08-27  13:25:00	646.42	646.51	646.34	646.45	256177	1485																				117828	-138349	0	-20521
2025-08-27  13:20:00	646.36	646.46	646.22	646.42	231950	1572																				125500	-106450	0	19050
2025-08-27  13:15:00	646.48	646.51	646.30	646.36	194259	1401																				106967	-87292	0	19675
2025-08-27  13:10:00	646.42	646.55	646.40	646.49	335464	1738																				202465	-132999	0	69466
2025-08-27  13:05:00	646.36	646.45	646.29	646.45	231907	1514																				118828	-113079	0	5749
2025-08-27  13:00:00	646.29	646.39	646.04	646.36	265719	1769																				125311	-140408	0	-15097
2025-08-27  12:55:00	646.47	646.53	646.28	646.30	423246	2711																				198724	-224522	0	-25798
2025-08-27  12:50:00	646.24	646.49	646.22	646.47	419917	2369																				215825	-204092	0	11733
2025-08-27  12:45:00	645.78	646.26	645.74	646.25	324961	2219																				162173	-162788	0	-615
2025-08-27  12:40:00	645.82	645.98	645.75	645.79	199221	1486																				109971	-89250	0	20721
2025-08-27  12:35:00	645.86	645.98	645.38	645.83	274672	1974																				134763	-139909	0	-5146
2025-08-27  12:30:00	645.96	646.05	645.75	645.86	268498	2000																				136605	-131893	0	4712
2025-08-27  12:25:00	645.85	645.97	645.48	645.96	779789	5251																				366983	-412806	0	-45823
2025-08-27  12:20:00	646.28	646.29	645.78	645.83	360687	2213																				164186	-196501	0	-32315
2025-08-27  12:15:00	646.44	646.46	646.27	646.27	153980	1008																				87023	-66957	0	20066
2025-08-27  12:10:00	646.57	646.57	646.38	646.45	132931	910																				50616	-82315	0	-31699
2025-08-27  12:05:00	646.51	646.60	646.46	646.57	126119	897																				64112	-62007	0	2105
2025-08-27  12:00:00	646.55	646.58	646.47	646.53	118932	873																				62403	-56529	0	5874
2025-08-27  11:55:00	646.53	646.68	646.51	646.54	281063	1707																				176710	-104353	0	72357
2025-08-27  11:50:00	646.61	646.69	646.50	646.53	193266	1229																				104666	-88600	0	16066
2025-08-27  11:45:00	646.31	646.65	646.28	646.61	290006	1911																				164213	-125793	0	38420
2025-08-27  11:40:00	646.51	646.51	645.91	646.32	507359	3402																				233796	-273563	0	-39767
2025-08-27  11:35:00	646.34	646.53	646.30	646.51	185585	1120																				96511	-89074	0	7437
2025-08-27  11:30:00	646.30	646.41	646.11	646.36	224431	1583																				100166	-124265	0	-24099
2025-08-27  11:25:00	646.49	646.49	646.25	646.30	259145	1823																				120011	-139134	0	-19123
2025-08-27  11:20:00	646.34	646.54	646.33	646.51	311584	1813																				151260	-160324	0	-9064
2025-08-27  11:15:00	646.38	646.48	646.30	646.34	224031	1457																				123854	-100177	0	23677
2025-08-27  11:10:00	646.39	646.49	646.29	646.39	198589	1408																				105260	-93329	0	11931
2025-08-27  11:05:00	646.22	646.42	646.18	646.39	335751	2256																				160551	-175200	0	-14649
2025-08-27  11:00:00	646.19	646.40	646.19	646.21	228073	1574																				100283	-127790	0	-27507
2025-08-27  10:55:00	646.27	646.41	646.18	646.18	262875	1820																				124312	-138563	0	-14251
2025-08-27  10:50:00	646.09	646.30	646.02	646.26	226832	1644																				116251	-110581	0	5670
2025-08-27  10:45:00	646.09	646.13	645.75	646.10	407385	2915																				204337	-203048	0	1289
2025-08-27  10:40:00	646.18	646.25	646.06	646.09	365224	2417																				190202	-175022	0	15180
2025-08-27  10:35:00	646.34	646.38	646.13	646.19	300582	1984																				151953	-148629	0	3324
2025-08-27  10:30:00	646.11	646.41	646.04	646.34	482989	2958																				192264	-290725	0	-98461
2025-08-27  10:25:00	646.22	646.29	646.02	646.12	344617	2070																				181292	-163325	0	17967
2025-08-27  10:20:00	646.23	646.34	645.99	646.22	589179	3898																				288621	-300558	0	-11937
2025-08-27  10:15:00	645.84	646.26	645.83	646.22	641154	4162																				310790	-330364	0	-19574
2025-08-27  10:10:00	645.66	645.87	645.55	645.84	445458	2942																				204956	-240502	0	-35546
2025-08-27  10:05:00	645.38	645.71	645.31	645.66	383238	2702																				194504	-188734	0	5770
2025-08-27  10:00:00	645.35	645.62	645.26	645.39	579721	4010																				302643	-277078	0	25565
2025-08-27  09:55:00	645.39	645.42	645.03	645.35	448182	3347																				206647	-241535	0	-34888
2025-08-27  09:50:00	644.94	645.44	644.82	645.40	564163	3980																				281217	-282946	0	-1729
2025-08-27  09:45:00	645.39	645.40	644.81	644.92	841424	5887																				375470	-465954	0	-90484
2025-08-27  09:40:00	645.34	645.53	645.04	645.36	676406	4765																				310890	-365516	0	-54626
2025-08-27  09:35:00	645.06	645.45	644.89	645.35	703475	5101																				362864	-340611	0	22253
2025-08-27  09:30:00	644.57	645.13	644.42	645.06	913182	5709																				425018	-488164	0	-63146
2025-08-27  09:26:00	644.80	644.82	644.57	644.57	22011	102																				11133	-10878	0	255
2025-08-27  09:21:00	644.81	644.88	644.69	644.76	16442	86																				11269	-5173	0	6096
2025-08-27  09:16:00	644.85	644.92	644.81	644.81	13772	78																				7932	-5840	0	2092
2025-08-27  09:11:00	645.02	645.04	644.82	644.82	38786	130																				18335	-20451	0	-2116
2025-08-27  09:06:00	644.96	644.99	644.75	644.94	32461	161																				12932	-19529	0	-6597
2025-08-27  09:01:00	645.25	645.26	644.95	645.00	19548	93																				9194	-10354	0	-1160
2025-08-27  08:56:00	645.21	645.26	645.11	645.26	7832	41																				3700	-4132	0	-432
2025-08-27  08:51:00	645.18	645.23	645.13	645.22	6120	25																				2559	-3561	0	-1002
2025-08-27  08:46:00	645.08	645.29	645.08	645.23	17383	70																				11822	-5561	0	6261
2025-08-27  08:41:00	645.16	645.18	644.95	645.05	27759	135																				13870	-13889	0	-19
2025-08-27  08:36:00	645.23	645.31	645.15	645.19	12022	55																				5220	-6802	0	-1582
2025-08-27  08:31:00	645.53	645.54	645.26	645.26	15486	93																				4050	-11436	0	-7386
2025-08-27  08:26:00	645.77	645.78	645.56	645.58	7721	47																				5015	-2706	0	2309
2025-08-27  08:21:00	645.89	645.95	645.78	645.78	859	7																				100	-759	0	-659
2025-08-27  08:16:00	645.93	646.00	645.90	645.90	4662	27																				3400	-1262	0	2138
2025-08-27  08:11:00	645.88	645.97	645.88	645.88	6349	22																				4309	-2040	0	2269
2025-08-27  08:06:00	645.78	645.88	645.78	645.86	1418	6																				320	-1098	0	-778
2025-08-27  08:01:00	645.73	645.85	645.69	645.76	2275	14																				800	-1475	0	-675
2025-08-27  07:56:00	645.81	645.92	645.08	645.71	43360	130																				17388	-25972	0	-8584
2025-08-27  07:51:00	645.86	645.90	645.86	645.90	3032	13																				3032	0	0	3032
2025-08-27  07:46:00	645.83	645.90	645.83	645.89	7196	42																				1105	-6091	0	-4986
2025-08-27  07:41:00	645.84	645.85	645.80	645.80	4350	23																				1200	-3150	0	-1950
2025-08-27  07:36:00	645.84	645.89	645.79	645.89	6607	39																				4007	-2600	0	1407
2025-08-27  07:31:00	645.75	645.79	645.75	645.79	500	3																				400	-100	0	300
2025-08-27  07:26:00	645.71	645.76	645.71	645.76	966	3																				297	-669	0	-372
2025-08-27  07:21:00	645.76	645.85	645.73	645.73	2434	19																				1700	-734	0	966
2025-08-27  07:16:00	645.76	645.81	645.76	645.78	800	8																				800	0	0	800
2025-08-27  07:11:00	645.68	645.75	645.64	645.75	3600	16																				3300	-300	0	3000
2025-08-27  07:06:00	645.59	645.60	645.53	645.60	4000	31																				1730	-2270	0	-540
2025-08-27  07:01:00	645.64	645.64	645.56	645.63	5000	48																				4000	-1000	0	3000
2025-08-27  06:56:00	645.72	645.72	645.72	645.72	100	1																				0	-100	0	-100
2025-08-27  06:51:00	645.61	645.64	645.60	645.64	700	7																				100	-600	0	-500
2025-08-27  06:46:00	645.68	645.71	645.64	645.71	1200	12																				200	-1000	0	-800
2025-08-27  06:41:00	645.69	645.69	645.69	645.69	400	4																				0	-400	0	-400
2025-08-27  06:36:00	645.65	645.65	645.65	645.65	2770	10																				2370	-400	0	1970
2025-08-27  06:31:00	645.75	645.76	645.71	645.71	1277	9																				477	-800	0	-323
2025-08-27  06:26:00	645.76	645.78	645.76	645.78	520	4																				200	-320	0	-120
2025-08-27  06:21:00	645.57	645.57	645.57	645.57	100	1																				0	-100	0	-100
2025-08-27  06:16:00	645.69	645.69	645.61	645.61	300	3																				200	-100	0	100
2025-08-27  06:11:00	645.60	645.60	645.57	645.57	307	3																				0	-307	0	-307
2025-08-27  06:01:00	645.61	645.63	645.61	645.63	400	4																				0	-400	0	-400
2025-08-27  05:56:00	645.61	645.61	645.61	645.61	200	2																				0	-200	0	-200
2025-08-27  05:51:00	645.68	645.68	645.63	645.63	700	7																				500	-200	0	300
2025-08-27  05:41:00	645.68	645.68	645.68	645.68	100	1																				100	0	0	100
2025-08-27  05:36:00	645.72	645.77	645.71	645.77	500	5																				200	-300	0	-100
2025-08-27  05:31:00	645.69	645.71	645.69	645.71	1300	7																				1300	0	0	1300
2025-08-27  05:26:00	645.65	645.65	645.62	645.62	200	2																				0	-200	0	-200
2025-08-27  05:16:00	645.50	645.55	645.50	645.55	482	4																				182	-300	0	-118
2025-08-27  05:11:00	645.56	645.56	645.56	645.56	100	1																				100	0	0	100
2025-08-27  05:06:00	645.51	645.51	645.51	645.51	200	2																				0	-200	0	-200
2025-08-27  05:01:00	645.42	645.55	645.42	645.55	1300	13																				1000	-300	0	700
2025-08-27  04:56:00	645.32	645.39	645.32	645.39	400	3																				400	0	0	400
2025-08-27  04:51:00	645.10	645.11	645.10	645.11	200	2																				100	-100	0	0
2025-08-27  04:46:00	645.00	645.00	644.99	644.99	920	4																				0	-920	0	-920
2025-08-27  04:41:00	645.32	645.32	645.32	645.32	100	1																				100	0	0	100
2025-08-27  04:36:00	645.19	645.26	645.19	645.26	860	5																				760	-100	0	660
2025-08-27  04:31:00	645.28	645.28	645.06	645.06	1400	11																				200	-1200	0	-1000
2025-08-27  04:26:00	645.22	645.28	645.22	645.24	500	4																				200	-300	0	-100
2025-08-27  04:21:00	645.30	645.30	645.15	645.15	800	5																				500	-300	0	200
2025-08-27  04:16:00	645.22	645.35	645.22	645.30	2901	12																				910	-1991	0	-1081
2025-08-27  04:11:00	645.35	645.35	645.18	645.18	1109	8																				1109	0	0	1109
2025-08-27  04:06:00	645.45	645.46	645.32	645.32	1912	18																				312	-1600	0	-1288
2025-08-27  03:56:00	645.50	645.50	645.41	645.47	1687	13																				700	-987	0	-287
2025-08-26  19:56:00	645.78	645.80	645.16	645.16	15044	46																				11735	-3309	0	8426
2025-08-26  19:51:00	645.72	645.74	645.71	645.74	1999	9																				700	-1299	0	-599
2025-08-26  19:46:00	645.79	645.79	645.70	645.71	4723	23																				2425	-2298	0	127
2025-08-26  19:41:00	645.82	645.83	645.78	645.80	2200	10																				2100	-100	0	2000
2025-08-26  19:36:00	645.84	645.84	645.83	645.83	740	3																				400	-340	0	60
2025-08-26  19:31:00	645.74	645.74	645.74	645.74	100	1																				0	-100	0	-100
2025-08-26  19:26:00	645.70	645.70	645.70	645.70	200	1																				0	-200	0	-200
2025-08-26  19:21:00	645.70	645.70	645.68	645.68	368	2																				368	0	0	368
2025-08-26  19:16:00	645.68	645.68	645.68	645.68	198	1																				198	0	0	198
2025-08-26  19:11:00	645.73	645.73	645.68	645.68	200	2																				100	-100	0	0
2025-08-26  19:06:00	645.72	645.72	645.72	645.72	200	1																				0	-200	0	-200
2025-08-26  19:01:00	645.78	645.78	645.73	645.74	2700	14																				2600	-100	0	2500
2025-08-26  18:56:00	645.78	645.78	645.71	645.71	1000	6																				700	-300	0	400
2025-08-26  18:51:00	645.76	645.81	645.76	645.81	250	2																				150	-100	0	50
2025-08-26  18:46:00	645.75	645.75	645.74	645.74	1500	3																				0	-1500	0	-1500
2025-08-26  18:41:00	645.76	645.76	645.74	645.75	425	3																				100	-325	0	-225
2025-08-26  18:36:00	645.79	645.79	645.75	645.75	2100	6																				0	-2100	0	-2100
2025-08-26  18:26:00	645.69	645.75	645.16	645.69	1771	7																				271	-1500	0	-1229
2025-08-26  18:21:00	645.70	645.72	645.70	645.72	600	5																				300	-300	0	0
2025-08-26  18:16:00	645.72	645.72	645.72	645.72	400	2																				200	-200	0	0
2025-08-26  18:11:00	645.76	645.81	645.74	645.76	9938	43																				3277	-6661	0	-3384
2025-08-26  18:06:00	645.72	645.79	645.70	645.75	4137	21																				2539	-1598	0	941
2025-08-26  18:01:00	645.78	645.90	645.74	645.74	5889	27																				3187	-2702	0	485
2025-08-26  17:56:00	645.68	645.77	645.60	645.77	13386	50																				6252	-7134	0	-882
2025-08-26  17:51:00	645.67	645.69	645.67	645.68	670	6																				300	-370	0	-70
2025-08-26  17:46:00	645.66	645.69	645.65	645.69	1171	9																				555	-616	0	-61
2025-08-26  17:41:00	645.67	645.69	645.65	645.68	1976	13																				1046	-930	0	116
2025-08-26  17:36:00	645.66	645.68	645.66	645.68	1801	8																				200	-1601	0	-1401
2025-08-26  17:31:00	645.70	645.70	645.65	645.66	1557	5																				100	-1457	0	-1357
2025-08-26  17:26:00	645.63	645.65	645.61	645.65	5121	16																				1312	-3809	0	-2497
2025-08-26  17:21:00	645.66	645.67	645.62	645.63	8411	31																				3691	-4720	0	-1029
2025-08-26  17:16:00	645.70	645.71	645.61	645.64	10475	28																				2143	-8332	0	-6189
2025-08-26  17:11:00	645.69	645.71	645.69	645.70	3255	13																				400	-2855	0	-2455
2025-08-26  17:06:00	645.68	645.71	645.68	645.70	3967	15																				1145	-2822	0	-1677
2025-08-26  17:01:00	645.68	645.72	645.68	645.68	3163	10																				108	-3055	0	-2947
2025-08-26  16:56:00	645.76	645.79	645.69	645.72	3253	13																				1017	-2236	0	-1219
2025-08-26  16:51:00	645.76	645.79	645.74	645.79	6516	36																				1847	-4669	0	-2822
2025-08-26  16:46:00	645.75	645.79	645.74	645.76	7459	45																				3876	-3583	0	293
2025-08-26  16:41:00	645.61	645.75	645.61	645.74	17584	66																				9774	-7810	0	1964
2025-08-26  16:36:00	645.60	645.62	645.57	645.62	11874	60																				5584	-6290	0	-706
2025-08-26  16:31:00	645.64	645.75	645.60	645.61	52427	166																				34215	-18212	0	16003
2025-08-26  16:26:00	645.57	645.65	645.55	645.65	68647	212																				57038	-11609	0	45429
2025-08-26  16:21:00	645.63	645.69	645.57	645.58	82728	265																				45309	-37419	0	7890
2025-08-26  16:16:00	645.63	645.66	645.59	645.62	29459	142																				17408	-12051	0	5357
2025-08-26  16:11:00	645.52	645.71	645.51	645.61	175892	622																				106434	-69458	0	36976
2025-08-26  16:06:00	645.30	645.64	645.16	645.53	135259	504																				77381	-57878	0	19503
2025-08-26  16:01:00	645.12	645.30	645.02	645.29	314313	1123																				189460	-124853	0	64607
2025-08-26  16:00:00	645.13	645.16	644.96	645.01	1377585	242																				1343497	-34088	0	1309409
2025-08-26  15:55:00	644.77	645.51	644.77	645.13	3298844	17204																				1783290	-1515554	0	267736
2025-08-26  15:50:00	644.26	645.12	644.12	644.77	1676261	9599																				866754	-809507	0	57247
2025-08-26  15:45:00	643.96	644.31	643.92	644.25	696522	4150																				338235	-358287	0	-20052
2025-08-26  15:40:00	644.22	644.25	643.92	643.95	997598	5613																				546298	-451300	0	94998
2025-08-26  15:35:00	644.65	644.66	644.18	644.22	712569	4433																				439325	-273244	0	166081
2025-08-26  15:30:00	644.55	644.85	644.46	644.64	652414	4412																				402881	-249533	0	153348
2025-08-26  15:25:00	644.52	644.64	644.29	644.56	680999	3978																				328322	-352677	0	-24355
2025-08-26  15:20:00	643.89	644.71	643.87	644.51	875575	5809																				414752	-460823	0	-46071
2025-08-26  15:15:00	643.91	643.99	643.83	643.89	335681	2145																				168277	-167404	0	873
2025-08-26  15:10:00	643.73	643.92	643.73	643.91	260573	1681																				151412	-109161	0	42251
2025-08-26  15:05:00	643.76	643.76	643.61	643.73	240332	1556																				126543	-113789	0	12754
2025-08-26  15:00:00	643.89	643.92	643.69	643.77	267765	1497																				134686	-133079	0	1607
2025-08-26  14:55:00	643.78	644.09	643.77	643.90	468599	2548																				268909	-199690	0	69219
2025-08-26  14:50:00	643.78	643.79	643.60	643.77	290508	1700																				144643	-145865	0	-1222
2025-08-26  14:45:00	643.73	643.81	643.60	643.78	226174	1516																				94999	-131175	0	-36176
2025-08-26  14:40:00	643.68	643.87	643.65	643.73	265080	1623																				127637	-137443	0	-9806
2025-08-26  14:35:00	643.60	643.75	643.59	643.69	247338	1737																				112571	-134767	0	-22196
2025-08-26  14:30:00	643.52	643.74	643.51	643.62	346033	2316																				187855	-158178	0	29677
2025-08-26  14:25:00	643.40	643.53	643.35	643.51	198975	1186																				95948	-103027	0	-7079
2025-08-26  14:20:00	643.47	643.47	643.31	643.39	246634	1548																				98949	-147685	0	-48736
2025-08-26  14:15:00	643.26	643.48	643.26	643.46	228227	1455																				96099	-132128	0	-36029
2025-08-26  14:10:00	643.14	643.40	643.10	643.26	322006	1912																				151841	-170165	0	-18324
2025-08-26  14:05:00	642.97	643.16	642.90	643.14	268195	1618																				124783	-143412	0	-18629
2025-08-26  14:00:00	642.86	643.06	642.79	642.98	233903	1437																				124828	-109075	0	15753
2025-08-26  13:55:00	642.53	642.92	642.43	642.86	291275	1841																				156324	-134951	0	21373
2025-08-26  13:50:00	642.97	643.03	642.47	642.53	303965	1672																				118973	-184992	0	-66019
2025-08-26  13:45:00	643.03	643.07	642.89	642.96	161405	1095																				89835	-71570	0	18265
2025-08-26  13:40:00	643.13	643.13	642.88	643.03	298026	1653																				166080	-131946	0	34134
2025-08-26  13:35:00	643.17	643.29	643.07	643.14	150800	1029																				77694	-73106	0	4588
2025-08-26  13:30:00	643.50	643.58	643.16	643.19	280298	1807																				108218	-172080	0	-63862
2025-08-26  13:25:00	643.31	643.59	643.28	643.51	310722	1833																				156848	-153874	0	2974
2025-08-26  13:20:00	643.12	643.34	643.12	643.32	130978	818																				67706	-63272	0	4434
2025-08-26  13:15:00	643.29	643.29	643.09	643.12	119338	809																				62098	-57240	0	4858
2025-08-26  13:10:00	643.14	643.31	642.89	643.29	277986	1746																				146798	-131188	0	15610
2025-08-26  13:05:00	643.38	643.47	643.17	643.18	160460	1025																				88701	-71759	0	16942
2025-08-26  13:00:00	643.30	643.43	643.20	643.38	139884	937																				70238	-69646	0	592
2025-08-26  12:55:00	643.22	643.36	643.13	643.32	115997	735																				48793	-67204	0	-18411
2025-08-26  12:50:00	643.23	643.36	643.10	643.20	157494	1171																				73146	-84348	0	-11202
2025-08-26  12:45:00	643.40	643.47	643.20	643.22	295061	1885																				109313	-185748	0	-76435
2025-08-26  12:40:00	643.28	643.50	643.27	643.40	178269	1175																				92707	-85562	0	7145
2025-08-26  12:35:00	643.35	643.44	643.29	643.29	146649	1071																				61579	-85070	0	-23491
2025-08-26  12:30:00	643.33	643.42	643.29	643.35	143610	1015																				56155	-87455	0	-31300
2025-08-26  12:25:00	643.24	643.38	643.11	643.33	205214	1287																				78181	-127033	0	-48852
2025-08-26  12:20:00	643.41	643.55	643.17	643.23	359935	2235																				160894	-199041	0	-38147
2025-08-26  12:15:00	643.23	643.47	643.21	643.41	388637	2574																				200846	-187791	0	13055
2025-08-26  12:10:00	642.98	643.24	642.96	643.24	216912	1488																				114906	-102006	0	12900
2025-08-26  12:05:00	643.04	643.08	642.90	642.97	211327	1360																				104069	-107258	0	-3189
2025-08-26  12:00:00	642.76	643.09	642.76	643.03	264081	1561																				148438	-115643	0	32795
2025-08-26  11:55:00	642.78	642.91	642.69	642.75	162811	1019																				84375	-78436	0	5939
2025-08-26  11:50:00	642.50	642.83	642.40	642.77	223403	1433																				112656	-110747	0	1909
2025-08-26  11:45:00	642.69	642.78	642.45	642.49	123537	919																				67620	-55917	0	11703
2025-08-26  11:40:00	642.69	642.77	642.60	642.68	144643	1014																				77427	-67216	0	10211
2025-08-26  11:35:00	642.34	642.76	642.29	642.70	166481	1246																				82750	-83731	0	-981
2025-08-26  11:30:00	642.41	642.64	642.33	642.34	217067	1503																				101844	-115223	0	-13379
2025-08-26  11:25:00	642.83	642.87	642.40	642.44	209995	1460																				106617	-103378	0	3239
2025-08-26  11:20:00	642.61	642.88	642.59	642.83	206848	1469																				109310	-97538	0	11772
2025-08-26  11:15:00	642.73	642.79	642.29	642.61	361359	1928																				131826	-229533	0	-97707
2025-08-26  11:10:00	642.56	642.78	642.32	642.74	505796	2901																				189749	-316047	0	-126298
2025-08-26  11:05:00	642.75	642.86	642.52	642.55	134146	937																				70636	-63510	0	7126
2025-08-26  11:00:00	642.70	642.88	642.56	642.76	224144	1486																				109604	-114540	0	-4936
2025-08-26  10:55:00	642.85	643.09	642.67	642.69	381257	2268																				192552	-188705	0	3847
2025-08-26  10:50:00	642.73	642.88	642.60	642.84	248190	1829																				132919	-115271	0	17648
2025-08-26  10:45:00	642.91	643.01	642.54	642.72	326860	2141																				151901	-174959	0	-23058
2025-08-26  10:40:00	642.68	642.91	642.49	642.91	313071	2168																				167860	-145211	0	22649
2025-08-26  10:35:00	642.89	643.10	642.66	642.68	291596	1800																				148931	-142665	0	6266
2025-08-26  10:30:00	643.07	643.18	642.82	642.88	355449	2372																				153349	-202100	0	-48751
2025-08-26  10:25:00	643.17	643.27	642.93	643.08	366394	2496																				176662	-189732	0	-13070
2025-08-26  10:20:00	642.73	643.26	642.71	643.18	651700	3956																				321360	-330340	0	-8980
2025-08-26  10:15:00	642.78	643.06	642.67	642.72	437446	2837																				225868	-211578	0	14290
2025-08-26  10:10:00	642.66	643.03	642.38	642.78	526146	3497																				293757	-232389	0	61368
2025-08-26  10:05:00	642.72	642.81	642.46	642.65	469867	3123																				224993	-244874	0	-19881
2025-08-26  10:00:00	642.49	642.86	642.49	642.70	506869	3203																				262431	-244438	0	17993
2025-08-26  09:55:00	642.61	642.66	642.26	642.55	437571	2758																				182749	-254822	0	-72073
2025-08-26  09:50:00	641.76	642.77	641.71	642.61	797215	4748																				407461	-389754	0	17707
2025-08-26  09:45:00	642.73	642.78	641.57	641.75	875016	5716																				378758	-496258	0	-117500
2025-08-26  09:40:00	642.28	642.85	642.27	642.74	589755	4020																				289770	-299985	0	-10215
2025-08-26  09:35:00	642.60	642.66	641.98	642.31	619644	4084																				302605	-317039	0	-14434
2025-08-26  09:30:00	642.20	642.81	641.93	642.61	1046929	6236																				606784	-440145	0	166639
2025-08-26  09:26:00	642.26	642.31	642.12	642.12	22677	124																				12530	-10147	0	2383
2025-08-26  09:21:00	642.29	642.31	642.19	642.27	6076	42																				2974	-3102	0	-128
2025-08-26  09:16:00	642.25	642.28	642.22	642.25	6337	42																				4042	-2295	0	1747
2025-08-26  09:11:00	642.29	642.39	642.22	642.25	6870	38																				4504	-2366	0	2138
2025-08-26  09:06:00	642.30	642.31	642.18	642.27	8832	49																				2957	-5875	0	-2918
2025-08-26  09:01:00	642.18	642.36	642.15	642.26	26697	129																				5232	-21465	0	-16233
2025-08-26  08:56:00	642.09	642.20	642.06	642.19	5324	32																				3744	-1580	0	2164
2025-08-26  08:51:00	642.19	642.27	642.00	642.04	8506	38																				5015	-3491	0	1524
2025-08-26  08:46:00	642.20	642.25	642.19	642.19	5440	31																				4233	-1207	0	3026
2025-08-26  08:41:00	642.21	642.22	642.07	642.18	9626	38																				8456	-1170	0	7286
2025-08-26  08:36:00	642.15	642.21	642.00	642.17	9845	43																				4866	-4979	0	-113
2025-08-26  08:31:00	642.08	642.25	642.06	642.15	18910	66																				5228	-13682	0	-8454
2025-08-26  08:26:00	642.01	642.07	641.85	642.07	7385	40																				3695	-3690	0	5
2025-08-26  08:21:00	641.98	642.08	641.93	641.98	4481	25																				1973	-2508	0	-535
2025-08-26  08:16:00	641.68	641.98	641.68	641.89	2993	19																				1660	-1333	0	327
2025-08-26  08:11:00	641.85	641.85	641.44	641.72	13848	85																				8524	-5324	0	3200
2025-08-26  08:06:00	641.93	641.93	641.71	641.71	3865	26																				1390	-2475	0	-1085
2025-08-26  08:01:00	641.61	641.95	641.61	641.87	7778	59																				800	-6978	0	-6178
2025-08-26  07:56:00	642.07	642.50	640.73	641.35	31042	138																				11335	-19707	0	-8372
2025-08-26  07:51:00	641.74	642.11	641.71	642.07	5418	33																				3164	-2254	0	910
2025-08-26  07:46:00	641.71	641.77	641.53	641.75	2823	17																				2168	-655	0	1513
2025-08-26  07:41:00	641.71	641.80	641.71	641.74	1875	17																				0	-1875	0	-1875
2025-08-26  07:36:00	641.67	641.68	641.64	641.64	4174	26																				1300	-2874	0	-1574
2025-08-26  07:31:00	641.88	641.88	641.65	641.73	4415	23																				3125	-1290	0	1835
2025-08-26  07:26:00	641.97	642.06	641.86	641.86	5891	32																				3386	-2505	0	881
2025-08-26  07:21:00	642.00	642.01	641.98	642.01	2521	22																				1900	-621	0	1279
2025-08-26  07:16:00	642.00	642.00	641.92	641.94	8778	30																				8304	-474	0	7830
2025-08-26  07:11:00	642.16	642.21	642.02	642.02	2299	15																				600	-1699	0	-1099
2025-08-26  07:06:00	642.15	642.15	642.15	642.15	498	4																				0	-498	0	-498
2025-08-26  07:01:00	642.26	642.26	642.20	642.20	4437	28																				200	-4237	0	-4037
2025-08-26  06:56:00	642.29	642.32	642.29	642.32	500	3																				200	-300	0	-100
2025-08-26  06:51:00	642.28	642.28	642.21	642.25	6905	40																				1042	-5863	0	-4821
2025-08-26  06:46:00	642.24	642.24	642.24	642.24	100	1																				100	0	0	100
2025-08-26  06:41:00	642.30	642.30	642.30	642.30	933	1																				933	0	0	933
2025-08-26  06:36:00	642.44	642.44	642.43	642.44	600	6																				200	-400	0	-200
2025-08-26  06:31:00	642.34	642.41	642.34	642.41	400	4																				300	-100	0	200
2025-08-26  06:26:00	642.28	642.28	642.28	642.28	200	2																				0	-200	0	-200
2025-08-26  06:21:00	642.27	642.27	642.23	642.27	900	8																				200	-700	0	-500
2025-08-26  06:16:00	642.38	642.42	642.37	642.41	4498	24																				2751	-1747	0	1004
2025-08-26  06:11:00	642.31	642.41	642.23	642.38	1795	8																				1145	-650	0	495
2025-08-26  06:06:00	642.17	642.21	642.09	642.20	1000	6																				700	-300	0	400
2025-08-26  06:01:00	642.25	642.31	642.19	642.25	3670	26																				2970	-700	0	2270
2025-08-26  05:56:00	641.99	642.13	641.99	642.07	1233	6																				1133	-100	0	1033
2025-08-26  05:51:00	642.01	642.01	642.01	642.01	500	5																				500	0	0	500
2025-08-26  05:36:00	642.20	642.20	641.89	641.89	600	4																				300	-300	0	0
2025-08-26  05:31:00	642.16	642.25	642.15	642.25	740	7																				200	-540	0	-340
2025-08-26  05:26:00	642.02	642.03	642.02	642.03	200	2																				200	0	0	200
2025-08-26  05:21:00	642.03	642.03	642.03	642.03	1853	5																				203	-1650	0	-1447
2025-08-26  05:16:00	642.11	642.11	642.11	642.11	100	1																				0	-100	0	-100
2025-08-26  05:11:00	642.01	642.01	642.01	642.01	100	1																				0	-100	0	-100
2025-08-26  05:06:00	641.90	641.90	641.90	641.90	250	1																				250	0	0	250
2025-08-26  05:01:00	641.65	641.67	641.60	641.67	1224	6																				574	-650	0	-76
2025-08-26  04:56:00	641.79	641.79	641.78	641.78	651	3																				477	-174	0	303
2025-08-26  04:51:00	641.86	641.86	641.80	641.80	1617	2																				100	-1517	0	-1417
2025-08-26  04:46:00	641.87	641.91	641.87	641.91	1880	11																				800	-1080	0	-280
2025-08-26  04:41:00	641.58	641.62	641.50	641.57	11220	40																				3466	-7754	0	-4288
2025-08-26  04:36:00	641.70	641.70	641.55	641.55	1050	5																				750	-300	0	450
2025-08-26  04:31:00	641.76	641.76	641.73	641.73	800	4																				100	-700	0	-600
2025-08-26  04:26:00	641.76	641.76	641.60	641.60	880	3																				600	-280	0	320
2025-08-26  04:21:00	641.55	641.60	641.46	641.58	3230	21																				2230	-1000	0	1230
2025-08-26  04:16:00	641.95	641.95	641.54	641.54	1066	9																				400	-666	0	-266
2025-08-26  04:11:00	641.70	641.84	641.70	641.79	589	5																				400	-189	0	211
2025-08-26  04:06:00	641.55	641.66	641.54	641.66	765	5																				200	-565	0	-365
2025-08-26  04:01:00	641.49	641.70	641.36	641.70	2082	14																				1409	-673	0	736
2025-08-26  03:56:00	641.37	641.88	641.33	641.37	3111	24																				3011	-100	0	2911
2025-08-25  19:56:00	643.00	643.05	642.47	642.47	11680	53																				6211	-5469	0	742
2025-08-25  19:51:00	642.87	642.89	642.83	642.89	2017	7																				1647	-370	0	1277
2025-08-25  19:46:00	643.00	643.00	642.87	642.89	7354	35																				5114	-2240	0	2874
2025-08-25  19:41:00	643.01	643.01	642.95	642.95	399	3																				199	-200	0	-1
2025-08-25  19:36:00	643.07	643.07	643.00	643.03	6895	23																				5452	-1443	0	4009
2025-08-25  19:31:00	643.03	643.19	643.03	643.19	890	4																				600	-290	0	310
2025-08-25  19:26:00	643.01	643.08	642.94	643.07	5948	27																				3548	-2400	0	1148
2025-08-25  19:21:00	643.18	643.18	643.01	643.10	3643	20																				948	-2695	0	-1747
2025-08-25  19:16:00	643.20	643.21	643.20	643.21	360	2																				110	-250	0	-140
2025-08-25  19:11:00	643.17	643.21	643.17	643.21	509	2																				409	-100	0	309
2025-08-25  19:06:00	643.27	643.27	643.17	643.17	3224	21																				604	-2620	0	-2016
2025-08-25  19:01:00	643.27	643.33	643.26	643.26	1200	7																				100	-1100	0	-1000
2025-08-25  18:56:00	643.28	643.28	643.17	643.17	2202	14																				1802	-400	0	1402
2025-08-25  18:51:00	643.28	643.28	643.28	643.28	250	2																				250	0	0	250
2025-08-25  18:46:00	643.23	643.26	643.18	643.20	1453	6																				446	-1007	0	-561
2025-08-25  18:41:00	643.22	643.32	643.22	643.25	2540	10																				2166	-374	0	1792
2025-08-25  18:36:00	643.22	643.22	643.22	643.22	200	1																				200	0	0	200
2025-08-25  18:31:00	643.20	643.20	643.19	643.19	926	8																				400	-526	0	-126
2025-08-25  18:26:00	643.38	643.38	642.47	642.47	1620	10																				1027	-593	0	434
2025-08-25  18:21:00	643.23	643.35	643.20	643.35	906	8																				406	-500	0	-94
2025-08-25  18:16:00	643.29	643.29	643.21	643.21	500	5																				300	-200	0	100
2025-08-25  18:11:00	643.20	643.26	643.18	643.26	4127	17																				300	-3827	0	-3527
2025-08-25  18:06:00	643.17	643.22	643.17	643.22	7660	28																				6360	-1300	0	5060
2025-08-25  18:01:00	642.98	643.26	642.98	643.15	15380	55																				12709	-2671	0	10038
2025-08-25  17:56:00	642.94	643.10	642.90	643.10	3856	15																				2472	-1384	0	1088
2025-08-25  17:46:00	642.93	642.93	642.93	642.93	522	1																				0	-522	0	-522
2025-08-25  17:41:00	642.98	642.98	642.97	642.97	375	2																				375	0	0	375
2025-08-25  17:36:00	642.90	642.96	642.90	642.96	2631	14																				962	-1669	0	-707
2025-08-25  17:31:00	642.83	642.90	642.83	642.90	2999	8																				2099	-900	0	1199
2025-08-25  17:26:00	642.86	642.88	642.80	642.80	4003	12																				951	-3052	0	-2101
2025-08-25  17:21:00	642.93	642.94	642.80	642.84	17482	30																				100	-17382	0	-17282
2025-08-25  17:16:00	642.94	642.97	642.94	642.96	7968	33																				1415	-6553	0	-5138
2025-08-25  17:11:00	642.92	642.95	642.92	642.94	23985	28																				10010	-13975	0	-3965
2025-08-25  17:06:00	642.91	642.92	642.88	642.90	30912	20																				100	-30812	0	-30712
2025-08-25  17:01:00	642.85	642.91	642.85	642.90	30843	38																				13210	-17633	0	-4423
2025-08-25  16:56:00	643.02	643.02	642.85	642.85	47263	71																				19594	-27669	0	-8075
2025-08-25  16:51:00	642.94	643.00	642.94	643.00	4474	12																				2464	-2010	0	454
2025-08-25  16:46:00	642.97	642.99	642.89	642.89	13678	51																				4087	-9591	0	-5504
2025-08-25  16:41:00	642.99	643.02	642.96	642.96	10381	35																				7231	-3150	0	4081
2025-08-25  16:36:00	642.99	643.00	642.96	642.99	23168	81																				5761	-17407	0	-11646
2025-08-25  16:31:00	643.15	643.15	642.99	642.99	7376	31																				3491	-3885	0	-394
2025-08-25  16:26:00	643.07	643.13	643.00	643.13	39581	141																				8304	-31277	0	-22973
2025-08-25  16:21:00	643.01	643.09	642.98	643.09	22359	59																				14895	-7464	0	7431
2025-08-25  16:16:00	642.93	643.05	642.93	643.03	45124	172																				33725	-11399	0	22326
2025-08-25  16:11:00	642.95	643.01	642.88	642.92	79236	319																				25401	-53835	0	-28434
2025-08-25  16:06:00	643.02	643.08	642.47	642.95	152990	583																				54792	-98198	0	-43406
2025-08-25  16:01:00	642.66	643.06	642.53	643.01	608353	1193																				199910	-408443	0	-208533
2025-08-25  16:00:00	642.48	642.51	642.45	642.47	1039557	130																				19714	-1019843	0	-1000129
2025-08-25  15:55:00	643.50	643.53	642.35	642.47	3212571	17258																				1449599	-1762972	0	-313373
2025-08-25  15:50:00	643.53	643.68	643.35	643.50	1370819	8361																				601936	-768883	0	-166947
2025-08-25  15:45:00	643.57	643.62	643.40	643.52	864173	5241																				355836	-508337	0	-152501
2025-08-25  15:40:00	643.77	643.84	643.54	643.58	509378	3261																				225202	-284176	0	-58974
2025-08-25  15:35:00	643.65	643.79	643.61	643.78	399575	2579																				222707	-176868	0	45839
2025-08-25  15:30:00	643.69	643.78	643.59	643.66	334804	2226																				170768	-164036	0	6732
2025-08-25  15:25:00	643.73	643.82	643.62	643.69	344701	2550																				190172	-154529	0	35643
2025-08-25  15:20:00	643.75	643.85	643.66	643.72	423981	2892																				247620	-176361	0	71259
2025-08-25  15:15:00	643.99	644.01	643.62	643.75	632596	4282																				341604	-290992	0	50612
2025-08-25  15:10:00	644.03	644.15	643.98	643.98	277269	1960																				152573	-124696	0	27877
2025-08-25  15:05:00	643.88	644.04	643.83	644.04	354891	2635																				223102	-131789	0	91313
2025-08-25  15:00:00	643.97	644.04	643.77	643.88	391528	2644																				236889	-154639	0	82250
2025-08-25  14:55:00	644.11	644.24	643.93	643.94	249165	1721																				134236	-114929	0	19307
2025-08-25  14:50:00	644.19	644.28	644.10	644.11	281825	2083																				147677	-134148	0	13529
2025-08-25  14:45:00	644.05	644.25	643.90	644.19	285672	1956																				157847	-127825	0	30022
2025-08-25  14:40:00	644.11	644.18	643.99	644.05	215808	1604																				110288	-105520	0	4768
2025-08-25  14:35:00	644.11	644.26	644.06	644.12	247239	1614																				147656	-99583	0	48073
2025-08-25  14:30:00	644.16	644.22	644.07	644.14	287312	1889																				170507	-116805	0	53702
2025-08-25  14:25:00	644.21	644.29	644.06	644.17	307766	1948																				123259	-184507	0	-61248
2025-08-25  14:20:00	644.24	644.37	643.94	644.22	545840	3298																				342731	-203109	0	139622
2025-08-25  14:15:00	644.54	644.57	644.24	644.25	249508	1618																				94143	-155365	0	-61222
2025-08-25  14:10:00	644.45	644.56	644.30	644.53	182577	1325																				97821	-84756	0	13065
2025-08-25  14:05:00	644.35	644.50	644.25	644.44	272071	1807																				131078	-140993	0	-9915
2025-08-25  14:00:00	644.50	644.54	644.25	644.35	272749	1788																				121025	-151724	0	-30699
2025-08-25  13:55:00	644.59	644.65	644.44	644.51	220950	1356																				112088	-108862	0	3226
2025-08-25  13:50:00	644.60	644.72	644.53	644.59	212584	1462																				109983	-102601	0	7382
2025-08-25  13:45:00	644.38	644.65	644.36	644.60	228584	1600																				139646	-88938	0	50708
2025-08-25  13:40:00	644.39	644.40	644.03	644.37	542735	3334																				288740	-253995	0	34745
2025-08-25  13:35:00	644.55	644.59	644.38	644.39	243907	1586																				104014	-139893	0	-35879
2025-08-25  13:30:00	644.66	644.82	644.54	644.56	244384	1837																				134595	-109789	0	24806
2025-08-25  13:25:00	644.65	644.68	644.45	644.67	225960	1468																				114401	-111559	0	2842
2025-08-25  13:20:00	644.75	644.78	644.58	644.66	191178	1369																				96230	-94948	0	1282
2025-08-25  13:15:00	644.76	644.83	644.67	644.74	174482	1345																				80784	-93698	0	-12914
2025-08-25  13:10:00	644.78	644.96	644.72	644.76	211504	1302																				122836	-88668	0	34168
2025-08-25  13:05:00	644.55	644.82	644.50	644.79	300457	1920																				160583	-139874	0	20709
2025-08-25  13:00:00	644.98	645.02	644.41	644.55	372161	2486																				152541	-219620	0	-67079
2025-08-25  12:55:00	645.01	645.09	644.89	644.99	183344	1291																				97120	-86224	0	10896
2025-08-25  12:50:00	645.11	645.15	644.89	645.00	315446	2004																				134463	-180983	0	-46520
2025-08-25  12:45:00	645.18	645.29	645.03	645.12	204649	1360																				101703	-102946	0	-1243
2025-08-25  12:40:00	645.02	645.24	644.98	645.18	220549	1405																				128528	-92021	0	36507
2025-08-25  12:35:00	644.98	645.04	644.83	645.02	179279	1248																				99222	-80057	0	19165
2025-08-25  12:30:00	644.94	644.99	644.82	644.99	198949	1248																				98701	-100248	0	-1547
2025-08-25  12:25:00	645.01	645.09	644.91	644.94	183329	1331																				84305	-99024	0	-14719
2025-08-25  12:20:00	644.83	645.07	644.83	645.01	261580	1846																				129301	-132279	0	-2978
2025-08-25  12:15:00	645.04	645.09	644.79	644.82	276332	1782																				141514	-134818	0	6696
2025-08-25  12:10:00	644.99	645.08	644.86	645.05	187472	1192																				96517	-90955	0	5562
2025-08-25  12:05:00	644.99	645.15	644.93	645.00	252858	1845																				122142	-130716	0	-8574
2025-08-25  12:00:00	644.96	645.09	644.90	645.01	284673	1962																				130952	-153721	0	-22769
2025-08-25  11:55:00	644.87	645.07	644.79	644.97	255467	1840																				147471	-107996	0	39475
2025-08-25  11:50:00	644.62	645.01	644.60	644.88	272090	1921																				146835	-125255	0	21580
2025-08-25  11:45:00	644.74	644.82	644.55	644.61	260820	2026																				142235	-118585	0	23650
2025-08-25  11:40:00	644.73	644.79	644.51	644.74	257478	1995																				138720	-118758	0	19962
2025-08-25  11:35:00	644.77	644.87	644.55	644.74	333061	2275																				163427	-169634	0	-6207
2025-08-25  11:30:00	644.91	645.01	644.73	644.76	307722	2333																				144825	-162897	0	-18072
2025-08-25  11:25:00	644.97	645.05	644.89	644.91	242644	1753																				108076	-134568	0	-26492
2025-08-25  11:20:00	644.77	645.03	644.75	644.97	305674	2102																				141310	-164364	0	-23054
2025-08-25  11:15:00	644.75	644.91	644.69	644.74	303500	2222																				149814	-153686	0	-3872
2025-08-25  11:10:00	644.61	644.80	644.36	644.75	547383	3653																				220938	-326445	0	-105507
2025-08-25  11:05:00	644.51	644.62	644.40	644.59	286492	1961																				159335	-127157	0	32178
2025-08-25  11:00:00	644.41	644.55	644.23	644.53	336039	2623																				175215	-160824	0	14391
2025-08-25  10:55:00	644.21	644.46	643.97	644.42	301605	2011																				153961	-147644	0	6317
2025-08-25  10:50:00	644.36	644.46	644.12	644.23	336739	2402																				154446	-182293	0	-27847
2025-08-25  10:45:00	643.96	644.40	643.74	644.38	426428	2819																				226862	-199566	0	27296
2025-08-25  10:40:00	644.08	644.18	643.75	643.96	371030	2513																				183612	-187418	0	-3806
2025-08-25  10:35:00	644.12	644.39	644.07	644.09	311653	2247																				163700	-147953	0	15747
2025-08-25  10:30:00	644.15	644.27	643.94	644.11	366318	2721																				198233	-168085	0	30148
2025-08-25  10:25:00	644.08	644.29	643.91	644.15	377997	2669																				180327	-197670	0	-17343
2025-08-25  10:20:00	644.08	644.29	643.76	644.09	451522	3095																				231831	-219691	0	12140
2025-08-25  10:15:00	644.19	644.30	644.03	644.08	497126	3576																				258557	-238569	0	19988
2025-08-25  10:10:00	644.44	644.46	643.81	644.20	707242	4401																				342021	-365221	0	-23200
2025-08-25  10:05:00	644.29	644.52	644.15	644.44	553234	3773																				303958	-249276	0	54682
2025-08-25  10:00:00	644.33	644.67	643.96	644.29	820536	5541																				396372	-424164	0	-27792
2025-08-25  09:55:00	643.89	644.34	643.76	644.34	642982	4360																				369188	-273794	0	95394
2025-08-25  09:50:00	644.05	644.17	643.72	643.90	718114	5166																				348712	-369402	0	-20690
2025-08-25  09:45:00	644.13	644.14	643.63	644.06	755668	5180																				348744	-406924	0	-58180
2025-08-25  09:40:00	644.10	644.37	643.80	644.13	800796	5879																				413601	-387195	0	26406
2025-08-25  09:35:00	643.74	644.35	643.71	644.08	933337	6553																				435978	-497359	0	-61381
2025-08-25  09:30:00	644.03	644.27	643.41	643.74	1600832	10329																				661700	-939132	0	-277432
2025-08-25  09:26:00	643.94	644.05	643.83	644.05	35403	182																				22093	-13310	0	8783
2025-08-25  09:21:00	643.68	643.97	643.68	643.94	15327	82																				8345	-6982	0	1363
2025-08-25  09:16:00	643.56	643.75	643.55	643.71	12388	58																				5878	-6510	0	-632
2025-08-25  09:11:00	643.53	643.69	643.52	643.56	17621	81																				5172	-12449	0	-7277
2025-08-25  09:06:00	643.67	643.74	643.56	643.56	15307	62																				6132	-9175	0	-3043
2025-08-25  09:01:00	643.48	643.80	643.45	643.66	40366	155																				24889	-15477	0	9412
2025-08-25  08:56:00	643.54	643.59	643.46	643.46	15630	97																				6520	-9110	0	-2590
2025-08-25  08:51:00	643.56	643.60	643.48	643.51	15780	77																				7637	-8143	0	-506
2025-08-25  08:46:00	643.47	643.61	643.46	643.60	8144	52																				2200	-5944	0	-3744
2025-08-25  08:41:00	643.43	643.57	643.35	643.50	16449	66																				9644	-6805	0	2839
2025-08-25  08:36:00	643.32	643.44	643.20	643.42	50596	129																				36477	-14119	0	22358
2025-08-25  08:31:00	643.25	643.38	643.14	643.31	23366	122																				12642	-10724	0	1918
2025-08-25  08:26:00	643.40	643.44	643.22	643.24	24553	122																				6951	-17602	0	-10651
2025-08-25  08:21:00	643.41	643.50	643.35	643.38	20484	103																				10241	-10243	0	-2
2025-08-25  08:16:00	643.45	643.51	643.27	643.43	9842	50																				5800	-4042	0	1758
2025-08-25  08:11:00	643.35	643.44	643.32	643.44	7676	50																				2900	-4776	0	-1876
2025-08-25  08:06:00	643.53	643.53	643.24	643.35	47101	262																				16787	-30314	0	-13527
2025-08-25  08:01:00	643.78	643.84	643.52	643.53	15034	87																				7292	-7742	0	-450
2025-08-25  07:56:00	643.90	645.14	643.38	643.78	27993	132																				13191	-14802	0	-1611
2025-08-25  07:51:00	643.88	643.88	643.83	643.86	900	9																				300	-600	0	-300
2025-08-25  07:46:00	643.87	643.94	643.78	643.82	4727	32																				1727	-3000	0	-1273
2025-08-25  07:41:00	643.87	643.88	643.82	643.88	3397	22																				1497	-1900	0	-403
2025-08-25  07:36:00	643.90	643.90	643.90	643.90	100	1																				100	0	0	100
2025-08-25  07:31:00	643.88	643.92	643.83	643.92	4938	45																				3838	-1100	0	2738
2025-08-25  07:26:00	643.89	643.94	643.89	643.92	4441	36																				2250	-2191	0	59
2025-08-25  07:21:00	643.89	643.94	643.88	643.88	1432	8																				832	-600	0	232
2025-08-25  07:16:00	643.87	643.92	643.84	643.92	1711	16																				1000	-711	0	289
2025-08-25  07:11:00	643.68	643.88	643.63	643.88	4870	40																				2770	-2100	0	670
2025-08-25  07:06:00	643.57	643.70	643.52	643.68	55278	339																				39788	-15490	0	24298
2025-08-25  07:01:00	643.40	643.56	643.38	643.56	3854	30																				2275	-1579	0	696
2025-08-25  06:56:00	643.53	643.58	643.40	643.46	12810	95																				9066	-3744	0	5322
2025-08-25  06:51:00	643.56	643.56	643.50	643.52	900	9																				400	-500	0	-100
2025-08-25  06:46:00	643.61	643.63	643.50	643.61	4840	34																				1332	-3508	0	-2176
2025-08-25  06:41:00	643.52	643.63	643.52	643.63	3074	21																				3074	0	0	3074
2025-08-25  06:36:00	643.55	643.57	643.47	643.52	11430	68																				6778	-4652	0	2126
2025-08-25  06:31:00	643.40	643.53	643.37	643.53	21484	122																				14985	-6499	0	8486
2025-08-25  06:26:00	643.60	643.60	643.45	643.52	8726	76																				5300	-3426	0	1874
2025-08-25  06:21:00	643.71	643.76	643.61	643.64	3114	25																				2644	-470	0	2174
2025-08-25  06:16:00	643.81	643.83	643.71	643.71	5260	44																				3200	-2060	0	1140
2025-08-25  06:11:00	643.93	643.94	643.87	643.88	3396	18																				1759	-1637	0	122
2025-08-25  06:06:00	643.99	644.02	643.99	644.02	1200	12																				1200	0	0	1200
2025-08-25  06:01:00	644.04	644.04	643.97	644.01	2437	16																				1200	-1237	0	-37
2025-08-25  05:56:00	643.95	644.04	643.95	644.04	2104	14																				1704	-400	0	1304
2025-08-25  05:51:00	643.83	643.84	643.81	643.82	400	4																				400	0	0	400
2025-08-25  05:46:00	643.85	643.85	643.79	643.83	3324	19																				1924	-1400	0	524
2025-08-25  05:41:00	643.94	643.97	643.86	643.86	2038	13																				400	-1638	0	-1238
2025-08-25  05:36:00	643.99	643.99	643.99	643.99	100	1																				100	0	0	100
2025-08-25  05:31:00	643.91	644.00	643.83	643.99	1125	11																				700	-425	0	275
2025-08-25  05:26:00	643.89	643.89	643.85	643.85	500	5																				300	-200	0	100
2025-08-25  05:21:00	643.95	643.98	643.90	643.90	3700	31																				1000	-2700	0	-1700
2025-08-25  05:16:00	644.02	644.04	643.97	643.98	8587	80																				7700	-887	0	6813
2025-08-25  05:11:00	643.97	644.00	643.92	644.00	1130	9																				0	-1130	0	-1130
2025-08-25  05:06:00	644.12	644.12	644.00	644.00	4091	25																				987	-3104	0	-2117
2025-08-25  05:01:00	644.10	644.13	644.01	644.13	3837	24																				1700	-2137	0	-437
2025-08-25  04:56:00	644.23	644.25	644.13	644.13	890	4																				100	-790	0	-690
2025-08-25  04:51:00	644.36	644.36	644.21	644.21	600	5																				400	-200	0	200
2025-08-25  04:46:00	644.20	644.37	644.20	644.37	2207	11																				1907	-300	0	1607
2025-08-25  04:41:00	644.45	644.45	644.24	644.30	1960	15																				1360	-600	0	760
2025-08-25  04:36:00	644.53	644.55	644.53	644.53	600	6																				400	-200	0	200
2025-08-25  04:31:00	644.54	644.55	644.49	644.49	1300	13																				400	-900	0	-500
2025-08-25  04:26:00	644.50	644.51	644.50	644.51	500	5																				500	0	0	500
2025-08-25  04:21:00	644.27	644.35	644.23	644.28	1000	8																				200	-800	0	-600
2025-08-25  04:16:00	644.36	644.37	644.32	644.32	400	4																				400	0	0	400
2025-08-25  04:11:00	644.45	644.45	644.36	644.36	2496	18																				509	-1987	0	-1478
2025-08-25  04:06:00	644.50	644.50	644.40	644.40	2656	23																				600	-2056	0	-1456
2025-08-25  04:01:00	644.51	644.52	644.42	644.50	2086	14																				500	-1586	0	-1086
2025-08-25  03:56:00	644.41	644.47	644.37	644.44	4593	37																				3000	-1593	0	1407
2025-08-22  19:56:00	645.50	645.55	645.44	645.50	4410	23																				3087	-1323	0	1764
2025-08-22  19:51:00	645.50	645.51	645.45	645.46	5264	26																				3913	-1351	0	2562
2025-08-22  19:46:00	645.68	645.70	645.50	645.50	2706	14																				806	-1900	0	-1094
2025-08-22  19:41:00	645.72	645.72	645.63	645.63	616	5																				416	-200	0	216
2025-08-22  19:36:00	645.72	645.72	645.72	645.72	526	1																				526	0	0	526
2025-08-22  19:31:00	645.63	645.63	645.63	645.63	300	1																				0	-300	0	-300
2025-08-22  19:21:00	645.70	645.70	645.70	645.70	626	1																				0	-626	0	-626
2025-08-22  19:16:00	645.69	645.70	645.61	645.66	738	5																				638	-100	0	538
2025-08-22  19:11:00	645.66	645.70	645.66	645.69	2784	14																				2684	-100	0	2584
2025-08-22  19:06:00	645.62	645.66	645.61	645.66	1923	8																				0	-1923	0	-1923
2025-08-22  19:01:00	645.60	645.61	645.60	645.61	347	2																				0	-347	0	-347
2025-08-22  18:56:00	645.54	645.61	645.54	645.61	1974	8																				800	-1174	0	-374
2025-08-22  18:51:00	645.40	645.53	645.40	645.53	2394	15																				696	-1698	0	-1002
2025-08-22  18:41:00	645.40	645.50	645.31	645.31	13998	28																				1427	-12571	0	-11144
2025-08-22  18:36:00	645.39	645.39	645.39	645.39	100	1																				100	0	0	100
2025-08-22  18:31:00	645.36	645.36	645.32	645.33	1147	4																				200	-947	0	-747
2025-08-22  18:26:00	645.40	645.40	645.31	645.31	101	2																				100	-1	0	99
2025-08-22  18:21:00	645.33	645.39	645.33	645.39	1833	3																				1676	-157	0	1519
2025-08-22  18:16:00	645.33	645.33	645.32	645.33	2090	5																				2090	0	0	2090
2025-08-22  18:11:00	645.31	645.32	645.31	645.32	243	2																				243	0	0	243
2025-08-22  18:06:00	645.32	645.32	645.25	645.25	9024	9																				2109	-6915	0	-4806
2025-08-22  18:01:00	645.31	645.33	645.29	645.33	6646	14																				5285	-1361	0	3924
2025-08-22  17:56:00	645.33	645.33	645.29	645.29	3690	12																				1690	-2000	0	-310
2025-08-22  17:51:00	645.45	645.46	645.31	645.31	7144	29																				4026	-3118	0	908
2025-08-22  17:46:00	645.52	645.53	645.51	645.53	9674	12																				9674	0	0	9674
2025-08-22  17:41:00	645.53	645.53	645.52	645.52	10071	11																				9519	-552	0	8967
2025-08-22  17:36:00	645.58	645.58	645.51	645.51	9839	16																				4350	-5489	0	-1139
2025-08-22  17:31:00	645.50	645.55	645.50	645.55	5524	17																				2243	-3281	0	-1038
2025-08-22  17:26:00	645.49	645.49	645.39	645.48	6717	23																				5897	-820	0	5077
2025-08-22  17:21:00	645.33	645.49	645.33	645.48	7551	30																				6109	-1442	0	4667
2025-08-22  17:16:00	645.28	645.35	645.21	645.35	4584	15																				2114	-2470	0	-356
2025-08-22  17:11:00	645.30	645.44	645.30	645.39	8250	21																				3050	-5200	0	-2150
2025-08-22  17:06:00	645.24	645.32	645.15	645.20	6531	28																				3386	-3145	0	241
2025-08-22  17:01:00	645.43	645.43	645.26	645.26	2758	13																				200	-2558	0	-2358
2025-08-22  16:56:00	645.32	645.40	645.32	645.40	2690	17																				2190	-500	0	1690
2025-08-22  16:51:00	645.34	645.38	645.34	645.35	5651	24																				5202	-449	0	4753
2025-08-22  16:46:00	645.41	645.43	645.35	645.35	5447	19																				3853	-1594	0	2259
2025-08-22  16:41:00	645.59	645.59	645.42	645.45	8354	35																				4439	-3915	0	524
2025-08-22  16:36:00	645.54	645.57	645.51	645.57	8097	38																				4596	-3501	0	1095
2025-08-22  16:31:00	645.41	645.51	645.36	645.51	7487	35																				2994	-4493	0	-1499
2025-08-22  16:26:00	645.52	645.56	645.40	645.43	64449	215																				32156	-32293	0	-137
2025-08-22  16:21:00	645.41	645.58	645.40	645.52	63909	220																				43815	-20094	0	23721
2025-08-22  16:16:00	645.48	645.51	645.35	645.41	109257	275																				84867	-24390	0	60477
2025-08-22  16:11:00	645.33	645.44	645.28	645.40	111715	420																				79361	-32354	0	47007
2025-08-22  16:06:00	645.28	645.59	645.28	645.33	192478	585																				86564	-105914	0	-19350
2025-08-22  16:01:00	645.20	645.32	644.94	645.27	305665	1076																				172975	-132690	0	40285
2025-08-22  16:00:00	645.25	645.41	645.24	645.39	1360954	139																				1338738	-22216	0	1316522
2025-08-22  15:55:00	645.18	645.45	644.63	645.27	5214190	23921																				3151429	-2062761	0	1088668
2025-08-22  15:50:00	645.00	645.46	645.00	645.19	2028352	11965																				997632	-1030720	0	-33088
2025-08-22  15:45:00	644.82	645.23	644.77	645.00	1199748	8418																				505968	-693780	0	-187812
2025-08-22  15:40:00	644.49	644.85	644.29	644.83	1311704	8846																				616662	-695042	0	-78380
2025-08-22  15:35:00	645.03	645.03	644.37	644.48	902890	6176																				394241	-508649	0	-114408
2025-08-22  15:30:00	645.07	645.27	644.81	645.03	832230	5477																				337643	-494587	0	-156944
2025-08-22  15:25:00	645.33	645.42	645.05	645.08	680317	4971																				344751	-335566	0	9185
2025-08-22  15:20:00	645.17	645.37	645.06	645.34	695399	4664																				306763	-388636	0	-81873
2025-08-22  15:15:00	645.32	645.36	645.12	645.18	531549	3690																				244478	-287071	0	-42593
2025-08-22  15:10:00	645.34	645.41	645.19	645.33	476860	3319																				235165	-241695	0	-6530
2025-08-22  15:05:00	645.58	645.63	645.29	645.35	340413	2486																				171654	-168759	0	2895
2025-08-22  15:00:00	645.45	645.64	645.41	645.58	437369	2972																				204833	-232536	0	-27703
2025-08-22  14:55:00	645.66	645.66	645.31	645.45	437708	3243																				187850	-249858	0	-62008
2025-08-22  14:50:00	645.66	645.78	645.45	645.66	385608	2584																				158946	-226662	0	-67716
2025-08-22  14:45:00	645.41	645.78	645.37	645.66	404996	2437																				172580	-232416	0	-59836
2025-08-22  14:40:00	645.59	645.61	645.26	645.42	406178	2666																				190839	-215339	0	-24500
2025-08-22  14:35:00	645.67	645.86	645.50	645.60	495962	3303																				240168	-255794	0	-15626
2025-08-22  14:30:00	645.44	645.74	645.41	645.68	455630	2988																				209148	-246482	0	-37334
2025-08-22  14:25:00	645.50	645.68	645.34	645.39	387373	2661																				187056	-200317	0	-13261
2025-08-22  14:20:00	645.45	645.62	645.28	645.51	472630	3121																				235669	-236961	0	-1292
2025-08-22  14:15:00	645.64	645.67	645.40	645.44	402756	2621																				194434	-208322	0	-13888
2025-08-22  14:10:00	645.69	645.81	645.55	645.63	375694	2638																				181652	-194042	0	-12390
2025-08-22  14:05:00	645.93	645.96	645.54	645.69	408206	2717																				183388	-224818	0	-41430
2025-08-22  14:00:00	645.78	646.04	645.78	645.93	329850	2302																				134821	-195029	0	-60208
2025-08-22  13:55:00	646.18	646.32	645.69	645.77	380036	2450																				179538	-200498	0	-20960
2025-08-22  13:50:00	646.02	646.19	646.02	646.17	233272	1607																				105017	-128255	0	-23238
2025-08-22  13:45:00	646.23	646.40	646.02	646.03	304004	2082																				122042	-181962	0	-59920
2025-08-22  13:40:00	646.14	646.23	645.97	646.22	205339	1490																				106977	-98362	0	8615
2025-08-22  13:35:00	645.93	646.18	645.90	646.13	242864	1497																				105140	-137724	0	-32584
2025-08-22  13:30:00	646.15	646.23	645.86	645.94	410244	2595																				175680	-234564	0	-58884
2025-08-22  13:25:00	646.02	646.26	645.99	646.15	392629	2821																				225531	-167098	0	58433
2025-08-22  13:20:00	645.79	646.15	645.73	646.03	362463	2298																				181061	-181402	0	-341
2025-08-22  13:15:00	645.66	645.85	645.59	645.80	306584	2080																				166954	-139630	0	27324
2025-08-22  13:10:00	645.38	645.76	645.25	645.66	543033	3808																				296391	-246642	0	49749
2025-08-22  13:05:00	645.28	645.59	645.22	645.37	483468	2878																				258405	-225063	0	33342
2025-08-22  13:00:00	644.70	645.41	644.70	645.28	386212	2666																				198207	-188005	0	10202
2025-08-22  12:55:00	644.79	644.84	644.29	644.72	481300	2939																				255304	-225996	0	29308
2025-08-22  12:50:00	645.06	645.18	644.65	644.78	207148	1497																				100728	-106420	0	-5692
2025-08-22  12:45:00	645.08	645.26	644.98	645.06	188678	1340																				97166	-91512	0	5654
2025-08-22  12:40:00	645.03	645.23	644.92	645.10	276919	2100																				142787	-134132	0	8655
2025-08-22  12:35:00	645.17	645.44	645.01	645.02	256393	1764																				133766	-122627	0	11139
2025-08-22  12:30:00	644.78	645.28	644.78	645.17	211129	1582																				111866	-99263	0	12603
2025-08-22  12:25:00	645.14	645.14	644.70	644.78	349768	2579																				175881	-173887	0	1994
2025-08-22  12:20:00	645.09	645.47	644.99	645.12	403423	2608																				258555	-144868	0	113687
2025-08-22  12:15:00	645.40	645.49	644.76	645.10	738167	5164																				383721	-354446	0	29275
2025-08-22  12:10:00	645.61	645.76	645.22	645.41	340114	2583																				187278	-152836	0	34442
2025-08-22  12:05:00	645.89	645.90	645.55	645.59	424445	2791																				245263	-179182	0	66081
2025-08-22  12:00:00	645.41	645.91	645.30	645.88	457270	3130																				268632	-188638	0	79994
2025-08-22  11:55:00	645.72	645.87	645.30	645.41	543718	3647																				258465	-285253	0	-26788
2025-08-22  11:50:00	645.87	645.94	645.62	645.72	515270	3610																				235221	-280049	0	-44828
2025-08-22  11:45:00	646.04	646.28	645.73	645.88	574885	4034																				295560	-279325	0	16235
2025-08-22  11:40:00	645.94	646.15	645.81	646.05	478785	3343																				256036	-222749	0	33287
2025-08-22  11:35:00	646.36	646.46	645.79	645.92	521012	3392																				279797	-241215	0	38582
2025-08-22  11:30:00	646.01	646.50	645.97	646.39	517469	3138																				310664	-206805	0	103859