 [ID0] SPY[M]  5 Min  #2			Formula Source Sheet #2.  Enter and modify formulas for this sheet on Sheet2																							[ID2] 9ema (Moving Average - Exponential)		[ID3] 21EMA (Moving Average - Exponential)		[ID4] 20SMA (Moving Average - Simple)		[ID5] 50SMA (Moving Average - Simple)		[ID6] 50SMA (Moving Average - Simple)
Date Time	[ID0.SG1] Open	[ID0.SG2] High	[ID0.SG3] Low	[ID0.SG4] Last	[ID0.SG5] Volume	[ID0.SG6] # of Trades				K	L	M	N	O	P	Q	R	S	T	U	V	W	X	Y	Z	[ID2.SG1] Avg		[ID3.SG1] Avg		[ID4.SG1] Avg		[ID5.SG1] Avg		[ID6.SG1] Avg
2025-08-27  17:00:00	645.46	645.66	645.46	645.59	6084	20																				645.5465087890625		645.91552734375		646.0855712890625		646.4938354492188		645.906982421875
2025-08-27  16:55:00	645.43	645.71	645.39	645.68	112460	373																				645.53564453125		645.9480590820312		646.134033203125		646.5112915039062		645.9066162109375
2025-08-27  16:50:00	645.19	645.55	645.04	645.45	367222	1555																				645.4995727539062		645.974853515625		646.1807861328125		646.5226440429688		645.904296875
2025-08-27  16:45:00	645.01	645.24	644.81	645.20	300604	1149																				645.511962890625		646.02734375		646.2142944335938		646.5294189453125		645.9026489257812
2025-08-27  16:40:00	644.96	645.24	644.89	645.01	121932	478																				645.5899658203125		646.1100463867188		646.2967529296875		646.5420532226562		645.9005126953125
2025-08-27  16:35:00	645.15	645.50	644.67	644.94	44625	250																				645.7349243164062		646.2200317382812		646.3927001953125		646.5590209960938		645.896728515625
2025-08-27  16:30:00	645.86	645.96	644.62	645.04	131516	512																				645.9336547851562		646.3480224609375		646.4976806640625		646.5794677734375		645.8917846679688
2025-08-27  16:25:00	644.37	645.96	644.21	645.87	374430	1114																				646.1571044921875		646.4788208007812		646.6011962890625		646.5952758789062		645.8876953125
2025-08-27  16:20:00	646.64	647.64	643.15	644.47	591085	1753																				646.2288818359375		646.5396728515625		646.6676635742188		646.603271484375		645.8815307617188
2025-08-27  16:15:00	646.54	646.72	646.35	646.53	57619	183		Bid (read-only):	645.6799926757812																	646.6686401367188		646.7466430664062		646.8031616210938		646.6428833007812		645.8819580078125
2025-08-27  16:10:00	646.63	646.63	646.42	646.53	152975	610		Bid Size (read-only):	15																	646.7033081054688		646.768310546875		646.837158203125		646.6437377929688		645.871826171875
2025-08-27  16:05:00	646.40	646.72	646.30	646.62	247289	882		Ask (read-only):	645.739990234375																	646.7466430664062		646.7921142578125		646.8706665039062		646.6437377929688		645.858642578125
2025-08-27  16:00:00	646.61	646.71	646.38	646.39	1331628	1634		Ask Size (read-only):	5																	646.7783203125		646.809326171875		646.9026489257812		646.6422119140625		645.8450927734375
2025-08-27  15:55:00	647.03	647.37	646.60	646.62	2171790	12108		Daily Open (read-only):	642.2000122070312																	646.8753662109375		646.8512573242188		646.9488525390625		646.6448974609375		645.8318481445312
2025-08-27  15:50:00	647.10	647.36	646.96	647.03	1037495	6525		Daily High (read-only):	645.510009765625																	646.939208984375		646.8743896484375		646.9744262695312		646.6447143554688		645.8175659179688
2025-08-27  15:45:00	647.15	647.22	647.01	647.10	540487	3325		Daily Low (read-only):	641.5700073242188																	646.917724609375		646.8593139648438		646.9821166992188		646.6304931640625		645.8019409179688
2025-08-27  15:40:00	647.07	647.27	647.04	647.14	544172	3280		Daily Price Change (read-only):	2.69000244140625																	646.8721313476562		646.8352661132812		646.9629516601562		646.6187133789062		645.7852172851562
2025-08-27  15:35:00	646.79	647.09	646.77	647.06	379960	2350		Daily Volume (read-only):	51581565																	646.80517578125		646.8048095703125		646.9376831054688		646.6030883789062		645.7684326171875
2025-08-27  15:30:00	646.65	646.83	646.65	646.79	335708	2150		Tick Size (read-only):	0.009999999776482582																	646.741455078125		646.779296875		646.9227294921875		646.587890625		645.7517700195312
2025-08-27  15:25:00	646.56	646.72	646.52	646.66	264901	1785																				646.7293090820312		646.7782592773438		646.91845703125		646.5821533203125		645.7362670898438
2025-08-27  15:20:00	646.61	646.66	646.39	646.56	307820	1995																				646.7478637695312		646.7905883789062		646.9169311523438		646.575927734375		645.7211303710938
2025-08-27  15:15:00	646.13	646.65	646.10	646.61	767341	4703																				646.7947998046875		646.8136596679688		646.9212646484375		646.5723876953125		645.7058715820312
2025-08-27  15:10:00	646.83	646.84	645.82	646.12	1157421	7371																				646.8397827148438		646.83349609375		646.9224853515625		646.56787109375		645.689697265625
2025-08-27  15:05:00	646.93	646.95	646.79	646.85	362087	2351																				647.0197143554688		646.9048461914062		646.9434814453125		646.5697021484375		645.6764526367188
2025-08-27  15:00:00	647.03	647.06	646.85	646.93	400322	2643																				647.0625610351562		646.9104614257812		646.9232177734375		646.5563354492188		645.658447265625
2025-08-27  14:55:00	647.10	647.18	647.01	647.04	287469	1848																				647.095703125		646.9085083007812		646.8980102539062		646.5429077148438		645.6394653320312
2025-08-27  14:50:00	647.21	647.29	647.09	647.11	270974	1662																				647.109619140625		646.8953857421875		646.8640747070312		646.524169921875		645.6192016601562
2025-08-27  14:45:00	647.18	647.31	647.17	647.20	267138	1794		Number of Rows (read-only):	1000																	647.1094970703125		646.8739013671875		646.8330078125		646.50390625		645.597900390625
2025-08-27  14:40:00	647.20	647.24	647.14	647.18	282428	1566																				647.0868530273438		646.84130859375		646.7952880859375		646.483642578125		645.5745849609375
2025-08-27  14:35:00	647.20	647.28	647.15	647.21	226342	1544																				647.0635986328125		646.8074340820312		646.7542724609375		646.4668579101562		645.553466796875
2025-08-27  14:30:00	647.25	647.31	647.15	647.20	176354	1278																				647.0269775390625		646.7671508789062		646.708740234375		646.4450073242188		645.5325927734375
2025-08-27  14:25:00	647.31	647.35	647.21	647.26	201956	1364																				646.9837036132812		646.723876953125		646.6719360351562		646.4254150390625		645.5122680664062
2025-08-27  14:20:00	647.12	647.34	647.06	647.32	303064	1814																				646.9146118164062		646.6702880859375		646.6213989257812		646.4046630859375		645.491943359375
2025-08-27  14:15:00	647.19	647.35	647.13	647.13	468953	2908		Seconds Per Bar - Intraday (read-only):	300																	646.8145141601562		646.6058349609375		646.5450439453125		646.3751831054688		645.4729614257812
2025-08-27  14:10:00	646.72	647.30	646.72	647.18	537205	3205		Number of Trades Per Bar - Intraday (read-only):	0																	646.7356567382812		646.5534057617188		646.4801025390625		646.3458251953125		645.453857421875
2025-08-27  14:05:00	646.64	646.80	646.58	646.72	235974	1499		Volume Per Bar - Intraday (read-only):	0																	646.6245727539062		646.49072265625		646.4140625		646.3099975585938		645.43359375
2025-08-27  14:00:00	646.76	646.81	646.61	646.64	386714	2235		Range in Ticks - Intraday (read-only):	0																	646.6019287109375		646.46826171875		646.3763427734375		646.2826538085938		645.4163818359375
2025-08-27  13:55:00	646.71	646.82	646.62	646.76	187992	1257		Symbol (read-only):	SPY																	646.5936279296875		646.4515991210938		646.3361206054688		646.2579956054688		645.399169921875
2025-08-27  13:50:00	646.62	646.76	646.58	646.71	160030	1131		Last Bar End DateTime (read-only):	2025-08-26  20:00:00																	646.5520629882812		646.4207763671875		646.3116455078125		646.22119140625		645.3822631835938
2025-08-27  13:45:00	646.63	646.71	646.53	646.63	179666	1208																				646.513671875		646.3922729492188		646.2989501953125		646.1943359375		645.3653564453125
2025-08-27  13:40:00	646.66	646.71	646.57	646.65	166515	933																				646.48583984375		646.3690185546875		646.2962036132812		646.1687622070312		645.3482055664062
2025-08-27  13:35:00	646.55	646.68	646.51	646.64	269234	1543																				646.446044921875		646.3414306640625		646.2904663085938		646.1370849609375		645.3310546875
2025-08-27  13:30:00	646.45	646.64	646.44	646.54	209133	1270																				646.3975219726562		646.3115844726562		646.2855224609375		646.0956420898438		645.3148193359375
2025-08-27  13:25:00	646.42	646.51	646.34	646.45	256177	1485																				646.3618774414062		646.2887573242188		646.2847900390625		646.061279296875		645.298583984375
2025-08-27  13:20:00	646.36	646.46	646.22	646.42	231950	1572																				646.3411254882812		646.2731323242188		646.2930297851562		646.0294189453125		645.2831420898438
2025-08-27  13:15:00	646.48	646.51	646.30	646.36	194259	1401																				646.3201293945312		646.2579345703125		646.28759765625		646.0009155273438		645.2676391601562
2025-08-27  13:10:00	646.42	646.55	646.40	646.49	335464	1738																				646.3101806640625		646.2477416992188		646.2950439453125		645.9710693359375		645.2520141601562
2025-08-27  13:05:00	646.36	646.45	646.29	646.45	231907	1514																				646.2651977539062		646.2235107421875		646.2885131835938		645.9412841796875		645.236572265625
2025-08-27  13:00:00	646.29	646.39	646.04	646.36	265719	1769																				646.22021484375		646.2013549804688		646.2813110351562		645.9176025390625		645.2205200195312
2025-08-27  12:55:00	646.47	646.53	646.28	646.30	423246	2711																				646.185302734375		646.1854858398438		646.2884521484375		645.894287109375		645.2036743164062
2025-08-27  12:50:00	646.24	646.49	646.22	646.47	419917	2369																				646.1567993164062		646.174072265625		646.2905883789062		645.873291015625		645.1873168945312
2025-08-27  12:45:00	645.78	646.26	645.74	646.25	324961	2219																				646.0797729492188		646.1449584960938		646.2864990234375		645.8438110351562		645.1687622070312
2025-08-27  12:40:00	645.82	645.98	645.75	645.79	199221	1486																				646.0374755859375		646.1345825195312		646.2935791015625		645.822998046875		645.1513671875
2025-08-27  12:35:00	645.86	645.98	645.38	645.83	274672	1974		Currency Value Per Tick (read-only):	0.009999999776482582																	646.099365234375		646.1690673828125		646.3146362304688		645.8128051757812		645.1349487304688
2025-08-27  12:30:00	645.96	646.05	645.75	645.86	268498	2000		Connected to Data Feed (read-only):	1																	646.1666870117188		646.2029418945312		646.3321533203125		645.8078002929688		645.1192016601562
2025-08-27  12:25:00	645.85	645.97	645.48	645.96	779789	5251																				646.2433471679688		646.2372436523438		646.3521118164062		645.8090209960938		645.1033325195312
2025-08-27  12:20:00	646.28	646.29	645.78	645.83	360687	2213																				646.314208984375		646.2649536132812		646.3591918945312		645.8090209960938		645.085205078125
2025-08-27  12:15:00	646.44	646.46	646.27	646.27	153980	1008																				646.4352416992188		646.3084716796875		646.3724365234375		645.811279296875		645.0682983398438
2025-08-27  12:10:00	646.57	646.57	646.38	646.45	132931	910																				646.4765625		646.3123168945312		646.368408203125		645.8021240234375		645.0511474609375
2025-08-27  12:05:00	646.51	646.60	646.46	646.57	126119	897																				646.4832153320312		646.2985229492188		646.3629150390625		645.7877197265625		645.0319213867188
2025-08-27  12:00:00	646.55	646.58	646.47	646.53	118932	873																				646.4615478515625		646.2713623046875		646.3402709960938		645.7720947265625		645.0127563476562
2025-08-27  11:55:00	646.53	646.68	646.51	646.54	281063	1707																				646.4443969726562		646.2454833984375		646.3247680664062		645.7587280273438		644.992919921875
2025-08-27  11:50:00	646.61	646.69	646.50	646.53	193266	1229																				646.4200439453125		646.2158203125		646.3087158203125		645.7457275390625		644.9739990234375
2025-08-27  11:45:00	646.31	646.65	646.28	646.61	290006	1911																				646.393798828125		646.1848754882812		646.2744140625		645.7316284179688		644.954833984375
2025-08-27  11:40:00	646.51	646.51	645.91	646.32	507359	3402																				646.3397216796875		646.142333984375		646.2271728515625		645.7166137695312		644.93603515625
2025-08-27  11:35:00	646.34	646.53	646.30	646.51	185585	1120																				646.3458862304688		646.1250610351562		646.1808471679688		645.7059326171875		644.9180908203125
2025-08-27  11:30:00	646.30	646.41	646.11	646.36	224431	1583																				646.3048706054688		646.0865478515625		646.122802734375		645.69091796875		644.9000244140625
2025-08-27  11:25:00	646.49	646.49	646.25	646.30	259145	1823																				646.2910766601562		646.0592041015625		646.0748291015625		645.6785278320312		644.8816528320312
2025-08-27  11:20:00	646.34	646.54	646.33	646.51	311584	1813																				646.288818359375		646.03515625		646.0059814453125		645.6679077148438		644.8646240234375
2025-08-27  11:15:00	646.38	646.48	646.30	646.34	224031	1457																				646.2348022460938		645.9881591796875		645.9487915039062		645.65283203125		644.8474731445312
2025-08-27  11:10:00	646.39	646.49	646.29	646.39	198589	1408																				646.20849609375		645.9530029296875		645.8992919921875		645.6380615234375		644.8316650390625
2025-08-27  11:05:00	646.22	646.42	646.18	646.39	335751	2256																				646.1643676757812		645.9097900390625		645.8330688476562		645.6215209960938		644.8134155273438
2025-08-27  11:00:00	646.19	646.40	646.19	646.21	228073	1574		Chart Start Time (read-only):	09:30:00																	646.1079711914062		645.8617553710938		645.7420654296875		645.6065063476562		644.7953491210938
2025-08-27  10:55:00	646.27	646.41	646.18	646.18	262875	1820		Chart End Time (read-only):	16:00:00																	646.0824584960938		645.826904296875		645.6725463867188		645.5964965820312		644.7775268554688
2025-08-27  10:50:00	646.09	646.30	646.02	646.26	226832	1644		Number of Bars (read-only):	4360																	646.05810546875		645.7916259765625		645.6060791015625		645.586669921875		644.7601318359375
2025-08-27  10:45:00	646.09	646.13	645.75	646.10	407385	2915																				646.007568359375		645.7447509765625		645.5430908203125		645.574462890625		644.7416381835938
2025-08-27  10:40:00	646.18	646.25	646.06	646.09	365224	2417																				645.9844970703125		645.709228515625		645.4815673828125		645.566650390625		644.7242431640625
2025-08-27  10:35:00	646.34	646.38	646.13	646.19	300582	1984																				645.9568481445312		645.670654296875		645.4268188476562		645.5599975585938		644.7024536132812
2025-08-27  10:30:00	646.11	646.41	646.04	646.34	482989	2958																				645.8985595703125		645.6187133789062		645.3803100585938		645.547607421875		644.6852416992188
2025-08-27  10:25:00	646.22	646.29	646.02	646.12	344617	2070																				645.7882080078125		645.5465698242188		645.3228149414062		645.5338134765625		644.6651000976562
2025-08-27  10:20:00	646.23	646.34	645.99	646.22	589179	3898																				645.7059936523438		645.489501953125		645.2794189453125		645.5228881835938		644.6475219726562
2025-08-27  10:15:00	645.84	646.26	645.83	646.22	641154	4162																				645.5775146484375		645.4164428710938		645.2179565429688		645.510986328125		644.6270141601562
2025-08-27  10:10:00	645.66	645.87	645.55	645.84	445458	2942																				645.4168701171875		645.3361206054688		645.16748046875		645.4992065429688		644.6070556640625
2025-08-27  10:05:00	645.38	645.71	645.31	645.66	383238	2702																				645.3110961914062		645.2857666015625		645.1394653320312		645.4957885742188		644.5890502929688
2025-08-27  10:00:00	645.35	645.62	645.26	645.39	579721	4010																				645.2225952148438		645.2478637695312		645.1351928710938		645.49609375		644.572265625
2025-08-27  09:55:00	645.39	645.42	645.03	645.35	448182	3347																				645.1807250976562		645.233642578125		645.1617431640625		645.503662109375		644.556640625
2025-08-27  09:50:00	644.94	645.44	644.82	645.40	564163	3980																				645.138427734375		645.2219848632812		645.1922607421875		645.5109252929688		644.5408325195312
2025-08-27  09:45:00	645.39	645.40	644.81	644.92	841424	5887																				645.072998046875		645.2041625976562		645.21923828125		645.5153198242188		644.5247192382812
2025-08-27  09:40:00	645.34	645.53	645.04	645.36	676406	4765		Chart Number (read-only):	2																	645.1099853515625		645.2320556640625		645.2635498046875		645.5277709960938		644.5101928710938
2025-08-27  09:35:00	645.06	645.45	644.89	645.35	703475	5101		Trade Account (read-only):	NewTestAccount1234																	645.0474243164062		645.21923828125		645.2821044921875		645.5317993164062		644.49462890625
2025-08-27  09:30:00	644.57	645.13	644.42	645.06	913182	5709		Last Working Entry Order Date-Time (read-only):																		644.9718017578125		645.2061767578125		645.3040771484375		645.5349731445312		644.4786376953125
2025-08-27  09:25:00	644.79	644.88	644.57	644.57	24852	122		Last Working Entry Order Price (read-only):																		644.9497680664062		645.2207641601562		645.3441162109375		645.5421752929688		644.4639282226562
2025-08-27  09:20:00	644.85	644.85	644.69	644.82	15408	79		Last Working Exit Order Date-Time (read-only):																		645.0447387695312		645.2858276367188		645.4100952148438		645.5585327148438		644.4522094726562
2025-08-27  09:15:00	645.00	645.02	644.81	644.85	19015	88		Last Working Exit Order Price (read-only):																		645.1009521484375		645.3323974609375		645.4600830078125		645.5643920898438		644.4378051757812
2025-08-27  09:10:00	644.89	645.04	644.85	645.00	34438	127		Bar Period Type (read-only):	0																	645.1636962890625		645.380615234375		645.5106201171875		645.5671997070312		644.4236450195312
2025-08-27  09:05:00	644.98	645.08	644.75	644.87	37573	177		Bar Parameter 1 (read-only):	300																	645.20458984375		645.418701171875		645.5496215820312		645.5735473632812		644.4083862304688
2025-08-27  09:00:00	645.23	645.26	645.00	645.00	11934	59		Bar Parameter 2 (read-only):	0																	645.2882690429688		645.4735717773438		645.5941162109375		645.5813598632812		644.39208984375
2025-08-27  08:55:00	645.19	645.26	645.11	645.26	7976	41		Bar Parameter 3 (read-only):	0																	645.3603515625		645.5209350585938		645.631103515625		645.5833740234375		644.3756103515625
2025-08-27  08:50:00	645.21	645.23	645.13	645.19	7391	30		Bar Parameter 4 (read-only):	0																	645.3854370117188		645.5469970703125		645.6566162109375		645.5830688476562		644.3585205078125
2025-08-27  08:45:00	645.06	645.29	645.03	645.25	18696	80		Order Text Tag (write-only):																		645.4342651367188		645.5827026367188		645.6846313476562		645.5823974609375		644.3428955078125
2025-08-27  08:40:00	645.20	645.20	644.95	644.99	28141	124		All Symbols Daily Net Profit/Loss (read-only):																		645.4803466796875		645.615966796875		645.7020874023438		645.5836181640625		644.3258666992188
2025-08-27  08:35:00	645.29	645.31	645.19	645.21	9462	54		All Symbols Cumulative Net Profit/Loss (read-only):																		645.6029052734375		645.6785888671875		645.7305908203125		645.5881958007812		644.3089599609375
2025-08-27  08:30:00	645.58	645.66	645.26	645.28	18039	106		All Symbols Cumulative Profit/Loss (read-only):																		645.7011108398438		645.7254638671875		645.7520751953125		645.5907592773438		644.2916259765625
2025-08-27  08:25:00	645.79	645.79	645.56	645.58	4618	31		Use Order Fill Calculated Position (read-only):	0																	645.806396484375		645.77001953125		645.7735595703125		645.5946044921875		644.2733764648438
2025-08-27  08:20:00	645.91	645.95	645.89	645.92	1419	8																				645.8629760742188		645.7890014648438		645.779052734375		645.586181640625		644.2540283203125
2025-08-27  08:15:00	645.91	646.00	645.88	645.96	4602	28																				645.8486938476562		645.77587890625		645.7655639648438		645.58203125		644.234130859375
2025-08-27  08:10:00	645.88	645.97	645.86	645.94	6439	20																				645.8209838867188		645.7575073242188		645.7531127929688		645.57763671875		644.21435546875
2025-08-27  08:05:00	645.76	645.82	645.76	645.81	1128	5																				645.7911987304688		645.7392578125		645.7440795898438		645.5733032226562		644.1946411132812
2025-08-27  08:00:00	645.62	645.92	645.08	645.73	43929	134																				645.7860107421875		645.7319946289062		645.7320556640625		645.5730590820312		644.1763916015625
2025-08-27  07:55:00	645.90	645.90	645.77	645.79	4138	21																				645.7999877929688		645.732177734375		645.72802734375		645.5752563476562		644.158447265625
2025-08-27  07:50:00	645.89	645.89	645.86	645.86	241	2																				645.802490234375		645.7263793945312		645.7171020507812		645.57421875		644.1405029296875
2025-08-27  07:45:00	645.82	645.90	645.80	645.89	7405	43																				645.7880859375		645.7130126953125		645.7055053710938		645.571044921875		644.1226806640625
2025-08-27  07:40:00	645.89	645.89	645.80	645.82	4400	22																				645.7625732421875		645.6953125		645.6925659179688		645.5668334960938		644.1044311523438
2025-08-27  07:35:00	645.79	645.86	645.79	645.86	6307	39																				645.7482299804688		645.682861328125		645.6849365234375		645.5640258789062		644.0865478515625
2025-08-27  07:30:00	645.76	645.78	645.75	645.78	500	3																				645.7202758789062		645.6651611328125		645.6759033203125		645.5604858398438		644.0693969726562
2025-08-27  07:25:00	645.73	645.76	645.71	645.76	966	3																				645.705322265625		645.6536865234375		645.6754150390625		645.559326171875		644.0525512695312
2025-08-27  07:20:00	645.78	645.85	645.74	645.74	2534	20																				645.691650390625		645.64306640625		645.6729736328125		645.558837890625		644.03515625
2025-08-27  07:15:00	645.75	645.81	645.75	645.77	1700	11																				645.6795654296875		645.6333618164062		645.6669921875		645.55908203125		644.0184936523438
2025-08-27  07:10:00	645.68	645.75	645.64	645.75	2500	11																				645.656982421875		645.6196899414062		645.6559448242188		645.5588989257812		644.001708984375
2025-08-27  07:05:00	645.62	645.63	645.53	645.60	7900	68																				645.6337280273438		645.6066284179688		645.6464233398438		645.5586547851562		643.9833984375
2025-08-27  07:00:00	645.72	645.72	645.56	645.56	1200	12																				645.6421508789062		645.6072998046875		645.6419677734375		645.5614624023438		643.966796875
2025-08-27  06:50:00	645.61	645.64	645.60	645.64	700	7																				645.6626586914062		645.612060546875		645.635009765625		645.5653076171875		643.9492797851562
2025-08-27  06:45:00	645.68	645.71	645.64	645.71	1200	12																				645.6683349609375		645.6092529296875		645.62255859375		645.5662841796875		643.93115234375
2025-08-27  06:40:00	645.69	645.69	645.69	645.69	400	4																				645.6578979492188		645.5991821289062		645.5925903320312		645.5670776367188		643.9120483398438
2025-08-27  06:35:00	645.65	645.65	645.65	645.65	2770	10																				645.6498413085938		645.590087890625		645.5575561523438		645.567626953125		643.8942260742188
2025-08-27  06:30:00	645.78	645.78	645.71	645.71	1477	11																				645.6497802734375		645.5841064453125		645.541015625		645.569091796875		643.876708984375
2025-08-27  06:25:00	645.76	645.76	645.76	645.76	320	2																				645.6347045898438		645.571533203125		645.5184936523438		645.5704956054688		643.8582763671875
2025-08-27  06:20:00	645.61	645.61	645.57	645.57	200	2																				645.6033935546875		645.5526733398438		645.4854736328125		645.570068359375		643.8400268554688
2025-08-27  06:15:00	645.69	645.69	645.65	645.65	200	2																				645.6117553710938		645.5509643554688		645.4690551757812		645.57470703125		643.8222045898438
2025-08-27  06:10:00	645.60	645.60	645.57	645.57	307	3																				645.6021728515625		645.5410766601562		645.4444580078125		645.5761108398438		643.803466796875
2025-08-27  06:00:00	645.61	645.63	645.61	645.63	600	6																				645.6102294921875		645.5382080078125		645.4314575195312		645.5784912109375		643.783935546875
2025-08-27  05:55:00	645.63	645.63	645.63	645.63	100	1																				645.6052856445312		645.529052734375		645.410888671875		645.5796508789062		643.7647705078125
2025-08-27  05:50:00	645.68	645.68	645.67	645.67	600	6																				645.59912109375		645.5189819335938		645.3963623046875		645.5802612304688		643.7459106445312
2025-08-27  05:40:00	645.68	645.68	645.68	645.68	100	1																				645.5814208984375		645.50390625		645.3864135742188		645.5804443359375		643.72705078125
2025-08-27  05:35:00	645.72	645.77	645.71	645.77	500	5																				645.5567626953125		645.486328125		645.3604736328125		645.5801391601562		643.7064819335938
2025-08-27  05:30:00	645.69	645.71	645.69	645.71	1300	7																				645.50341796875		645.4579467773438		645.3574829101562		645.5777587890625		643.6853637695312
2025-08-27  05:25:00	645.65	645.65	645.62	645.62	200	2																				645.4517822265625		645.4327392578125		645.3589477539062		645.5761108398438		643.6654052734375
2025-08-27  05:15:00	645.50	645.55	645.50	645.55	482	4																				645.4097290039062		645.4140014648438		645.364013671875		645.5765380859375		643.6461181640625
2025-08-27  05:10:00	645.56	645.56	645.56	645.56	100	1																				645.3746337890625		645.400390625		645.3765258789062		645.5794677734375		643.6262817382812
2025-08-27  05:05:00	645.54	645.55	645.51	645.51	1100	11																				645.3283081054688		645.3844604492188		645.3905029296875		645.5820922851562		643.608154296875
2025-08-27  05:00:00	645.42	645.53	645.42	645.42	400	4																				645.2828979492188		645.3718872070312		645.4019775390625		645.5863037109375		643.589599609375
2025-08-27  04:55:00	645.32	645.39	645.32	645.39	400	3																				645.2486572265625		645.3670654296875		645.4159545898438		645.593505859375		643.5707397460938
2025-08-27  04:50:00	645.10	645.11	645.10	645.11	200	2																				645.2133178710938		645.36474609375		645.4304809570312		645.60107421875		643.5507202148438
2025-08-27  04:45:00	645.00	645.00	644.99	644.99	920	4																				645.2391357421875		645.3901977539062		645.458984375		645.6143188476562		643.5375366210938
2025-08-27  04:40:00	645.32	645.32	645.32	645.32	100	1																				645.3013916015625		645.4302368164062		645.4934692382812		645.6295166015625		643.527587890625
2025-08-27  04:35:00	645.07	645.26	645.06	645.26	1860	12																				645.2967529296875		645.4412841796875		645.513427734375		645.6348876953125		643.5155029296875
2025-08-27  04:30:00	645.28	645.28	645.10	645.10	400	4																				645.305908203125		645.4594116210938		645.5374145507812		645.6426391601562		643.5039672851562
2025-08-27  04:25:00	645.15	645.28	645.15	645.24	600	5																				645.357421875		645.495361328125		645.5698852539062		645.6535034179688		643.4932250976562
2025-08-27  04:20:00	645.32	645.32	645.16	645.16	2391	8																				645.3867797851562		645.5208740234375		645.595947265625		645.6602783203125		643.4821166992188
2025-08-27  04:15:00	645.18	645.35	645.18	645.31	1410	10																				645.4434814453125		645.5569458007812		645.6249389648438		645.6692504882812		643.4722900390625
2025-08-27  04:10:00	645.32	645.35	645.22	645.22	1309	10																				645.4768676757812		645.5816650390625		645.646484375		645.6766357421875		643.4610595703125
2025-08-27  04:05:00	645.45	645.46	645.34	645.34	1712	16																				645.5410766601562		645.6178588867188		645.6729736328125		645.682861328125		643.4502563476562
2025-08-27  04:00:00	645.50	645.50	645.41	645.47	1687	13																				645.59130859375		645.6456298828125		645.6905517578125		645.6802368164062		643.4395751953125
2025-08-26  20:00:00	645.16	645.16	645.16	645.16	1	1																				645.6216430664062		645.6632080078125		645.7045288085938		645.6734619140625		643.4282836914062
2025-08-26  19:55:00	645.78	645.80	645.71	645.71	15043	45																				645.737060546875		645.7135620117188		645.7325439453125		645.6656494140625		643.4183349609375
2025-08-26  19:50:00	645.72	645.74	645.70	645.74	2599	15																				645.7438354492188		645.7139282226562		645.7330322265625		645.636474609375		643.4061889648438
2025-08-26  19:45:00	645.79	645.80	645.72	645.72	4623	20																				645.7448120117188		645.7113037109375		645.7349853515625		645.6007080078125		643.393310546875
2025-08-26  19:40:00	645.83	645.83	645.80	645.80	1840	8																				645.7510375976562		645.71044921875		645.7359619140625		645.5706787109375		643.381103515625
2025-08-26  19:35:00	645.84	645.84	645.84	645.84	600	2																				645.7388305664062		645.7014770507812		645.7359619140625		645.54736328125		643.3681030273438
2025-08-26  19:30:00	645.74	645.74	645.74	645.74	100	1																				645.7135009765625		645.6876220703125		645.7300415039062		645.5217895507812		643.3554077148438
2025-08-26  19:25:00	645.70	645.70	645.70	645.70	200	1																				645.7069091796875		645.682373046875		645.7274780273438		645.4971923828125		643.3428344726562
2025-08-26  19:20:00	645.70	645.70	645.68	645.68	368	2																				645.7086181640625		645.6806030273438		645.7269287109375		645.4609985351562		643.3302612304688
2025-08-26  19:15:00	645.68	645.68	645.68	645.68	198	1																				645.7157592773438		645.6806640625		645.7259521484375		645.4256591796875		643.3182373046875
2025-08-26  19:10:00	645.73	645.73	645.68	645.68	200	2																				645.7246704101562		645.6807250976562		645.7259521484375		645.3867797851562		643.30615234375
2025-08-26  19:05:00	645.72	645.72	645.72	645.72	200	1																				645.73583984375		645.6807861328125		645.7250366210938		645.3485717773438		643.2940063476562
2025-08-26  19:00:00	645.75	645.78	645.71	645.74	3100	17																				645.7398071289062		645.6768798828125		645.7215576171875		645.31201171875		643.2813720703125
2025-08-26  18:55:00	645.81	645.81	645.71	645.75	750	4																				645.73974609375		645.6705932617188		645.716064453125		645.2725830078125		643.2685546875
2025-08-26  18:50:00	645.76	645.76	645.76	645.76	100	1																				645.7374267578125		645.6627197265625		645.7105712890625		645.2332153320312		643.255615234375
2025-08-26  18:45:00	645.75	645.75	645.74	645.74	1627	4																				645.7314453125		645.65283203125		645.70751953125		645.1925659179688		643.24169921875
2025-08-26  18:40:00	645.76	645.76	645.74	645.74	298	2																				645.7293090820312		645.6441040039062		645.7050170898438		645.1515502929688		643.2277221679688
2025-08-26  18:35:00	645.79	645.79	645.75	645.75	2100	6																				645.7266235351562		645.634521484375		645.7039794921875		645.1091918945312		643.2138671875
2025-08-26  18:30:00	645.16	645.69	645.16	645.69	1101	3																				645.7207641601562		645.6229858398438		645.7055053710938		645.0643310546875		643.199951171875
2025-08-26  18:25:00	645.69	645.75	645.68	645.75	670	4																				645.7284545898438		645.6162719726562		645.70947265625		645.0183715820312		643.1859741210938
2025-08-26  18:20:00	645.70	645.72	645.70	645.72	600	5																				645.7230834960938		645.6029052734375		645.71044921875		644.9725341796875		643.17138671875
2025-08-26  18:15:00	645.76	645.76	645.72	645.72	500	3																				645.723876953125		645.5911865234375		645.7119140625		644.92333984375		643.1568603515625
2025-08-26  18:10:00	645.73	645.81	645.73	645.78	10177	45																				645.724853515625		645.5783081054688		645.7054443359375		644.8716430664062		643.1430053710938
2025-08-26  18:05:00	645.80	645.80	645.70	645.74	4395	20																				645.7110595703125		645.5581665039062		645.6988525390625		644.815673828125		643.1287841796875
2025-08-26  18:00:00	645.73	645.90	645.60	645.80	17406	67																				645.7037963867188		645.5399780273438		645.6939086914062		644.758056640625		643.114501953125
2025-08-26  17:55:00	645.68	645.72	645.68	645.72	1572	11																				645.6797485351562		645.5139770507812		645.6829223632812		644.692626953125		643.0997924804688
2025-08-26  17:50:00	645.67	645.69	645.67	645.69	370	3																				645.669677734375		645.4933471679688		645.6773681640625		644.637451171875		643.0858764648438
2025-08-26  17:45:00	645.67	645.69	645.65	645.69	1767	13																				645.6646118164062		645.4736938476562		645.6768798828125		644.584228515625		643.0723266601562
2025-08-26  17:40:00	645.67	645.69	645.65	645.66	1380	9																				645.6582641601562		645.4520874023438		645.6689453125		644.5332641601562		643.0584716796875
2025-08-26  17:35:00	645.66	645.68	645.66	645.68	1801	8																				645.6578369140625		645.4312744140625		645.6464233398438		644.48388671875		643.045166015625
2025-08-26  17:30:00	645.65	645.70	645.65	645.66	1957	7																				645.6522827148438		645.4063720703125		645.6189575195312		644.4404907226562		643.0316772460938
2025-08-26  17:25:00	645.62	645.65	645.61	645.65	5313	18																				645.650390625		645.3809814453125		645.5744018554688		644.3936157226562		643.0183715820312
2025-08-26  17:20:00	645.64	645.67	645.63	645.63	8019	28																				645.6504516601562		645.3540649414062		645.5045166015625		644.343017578125		643.0054931640625
2025-08-26  17:15:00	645.70	645.71	645.61	645.64	10275	27																				645.6555786132812		645.3264770507812		645.4205322265625		644.296142578125		642.9924926757812
2025-08-26  17:10:00	645.70	645.71	645.69	645.70	3755	16																				645.6594848632812		645.2951049804688		645.349609375		644.2469482421875		642.9795532226562
2025-08-26  17:05:00	645.69	645.71	645.68	645.69	6362	20																				645.6493530273438		645.254638671875		645.2963256835938		644.2005615234375		642.9656982421875
2025-08-26  17:00:00	645.78	645.78	645.68	645.72	854	7																				645.6392211914062		645.2111206054688		645.2398681640625		644.1531982421875		642.9519653320312
2025-08-26  16:55:00	645.77	645.79	645.75	645.78	4696	19																				645.6190185546875		645.1602172851562		645.1793212890625		644.102783203125		642.9381103515625
2025-08-26  16:50:00	645.77	645.79	645.74	645.77	6887	37																				645.5787353515625		645.0982666015625		645.0848388671875		644.0515747070312		642.9215698242188
2025-08-26  16:45:00	645.74	645.79	645.73	645.77	6052	41																				645.5308837890625		645.0310668945312		644.9918212890625		644.0040893554688		642.9102172851562
2025-08-26  16:40:00	645.61	645.75	645.61	645.75	19048	70																				645.4712524414062		644.9572143554688		644.8900756835938		643.9544677734375		642.8989868164062
2025-08-26  16:35:00	645.61	645.61	645.57	645.59	10210	53																				645.4015502929688		644.8779296875		644.7911376953125		643.906494140625		642.8881225585938
2025-08-26  16:30:00	645.65	645.75	645.64	645.65	68852	193																				645.3544311523438		644.8067016601562		644.7064208984375		643.8612670898438		642.8790283203125
2025-08-26  16:25:00	645.58	645.65	645.55	645.64	56810	204																				645.280517578125		644.7223510742188		644.6123046875		643.8129272460938		642.8690795898438
2025-08-26  16:20:00	645.60	645.69	645.57	645.58	80830	255																				645.1906127929688		644.630615234375		644.5193481445312		643.7683715820312		642.859375
2025-08-26  16:15:00	645.67	645.67	645.59	645.61	47760	206																				645.09326171875		644.5357055664062		644.4268798828125		643.7215576171875		642.85009765625
2025-08-26  16:10:00	645.16	645.71	645.16	645.68	168620	585																				644.9642944335938		644.4283447265625		644.3309326171875		643.6688842773438		642.8407592773438
2025-08-26  16:05:00	645.21	645.64	645.20	645.53	200520	726																				644.7853393554688		644.3031616210938		644.2279052734375		643.6160278320312		642.8323364257812
2025-08-26  16:00:00	645.13	645.38	644.96	645.21	1775795	1644																				644.5991821289062		644.1804809570312		644.1268920898438		643.5604248046875		642.8248901367188
2025-08-26  15:55:00	644.77	645.51	644.77	645.13	3298844	17204																				644.4464721679688		644.0775146484375		644.035888671875		643.5115966796875		642.8182373046875
2025-08-26  15:50:00	644.26	645.12	644.12	644.77	1676261	9599																				644.2755737304688		643.9722900390625		643.9523315429688		643.4588623046875		642.812255859375
2025-08-26  15:45:00	643.96	644.31	643.92	644.25	696522	4150																				644.1519775390625		643.8925170898438		643.8768920898438		643.4170532226562		642.8089599609375
2025-08-26  15:40:00	644.22	644.25	643.92	643.95	997598	5613																				644.1273193359375		643.856689453125		643.8211059570312		643.3860473632812		642.8087158203125
2025-08-26  15:35:00	644.65	644.66	644.18	644.22	712569	4433																				644.1709594726562		643.8471069335938		643.7724609375		643.3538208007812		642.8092041015625
2025-08-26  15:30:00	644.55	644.85	644.46	644.64	652414	4412																				644.15869140625		643.809814453125		643.7044677734375		643.3181762695312		642.8087768554688
2025-08-26  15:25:00	644.52	644.64	644.29	644.56	680999	3978																				644.0396118164062		643.727294921875		643.5992431640625		643.2821044921875		642.8062744140625
2025-08-26  15:20:00	643.89	644.71	643.87	644.51	875575	5809																				643.9095458984375		643.64404296875		643.5192260742188		643.2432250976562		642.8043212890625
2025-08-26  15:15:00	643.91	643.99	643.83	643.89	335681	2145																				643.7593994140625		643.5574340820312		643.4453125		643.207763671875		642.8029174804688
2025-08-26  15:10:00	643.73	643.92	643.73	643.91	260573	1681																				643.7267456054688		643.524169921875		643.4078369140625		643.1810302734375		642.8046875
2025-08-26  15:05:00	643.76	643.76	643.61	643.73	240332	1556																				643.680908203125		643.485595703125		643.371826171875		643.157958984375		642.8078002929688
2025-08-26  15:00:00	643.89	643.92	643.69	643.77	267765	1497																				643.6674194335938		643.4606323242188		643.3605346679688		643.1370849609375		642.8113403320312
2025-08-26  14:55:00	643.78	644.09	643.77	643.90	468599	2548																				643.6417846679688		643.4296875		643.3377685546875		643.1185302734375		642.814208984375
2025-08-26  14:50:00	643.78	643.79	643.60	643.77	290508	1700																				643.5784912109375		643.3831787109375		643.2991333007812		643.0950927734375		642.8172607421875
2025-08-26  14:45:00	643.73	643.81	643.60	643.78	226174	1516																				643.5306396484375		643.344482421875		643.2750244140625		643.0778198242188		642.8213500976562
2025-08-26  14:40:00	643.68	643.87	643.65	643.73	265080	1623																				643.4683227539062		643.3009033203125		643.2449951171875		643.055908203125		642.825439453125
2025-08-26  14:35:00	643.60	643.75	643.59	643.69	247338	1737																				643.4028930664062		643.2579956054688		643.2275390625		643.0388793945312		642.8286743164062
2025-08-26  14:30:00	643.52	643.74	643.51	643.62	346033	2316																				643.3311157226562		643.2147827148438		643.2090454101562		643.0267333984375		642.8321533203125
2025-08-26  14:25:00	643.40	643.53	643.35	643.51	198975	1186																				643.2589111328125		643.1742553710938		643.1881103515625		643.0179443359375		642.8368530273438
2025-08-26  14:20:00	643.47	643.47	643.31	643.39	246634	1548																				643.1961669921875		643.1406860351562		643.1735229492188		643.002197265625		642.8427124023438
2025-08-26  14:15:00	643.26	643.48	643.26	643.46	228227	1455																				643.147705078125		643.11572265625		643.1737670898438		642.9900512695312		642.8489990234375
2025-08-26  14:10:00	643.14	643.40	643.10	643.26	322006	1912																				643.0696411132812		643.081298828125		643.1653442382812		642.9738159179688		642.8554077148438
2025-08-26  14:05:00	642.97	643.16	642.90	643.14	268195	1618																				643.0220336914062		643.0634155273438		643.1697998046875		642.962646484375		642.8629150390625
2025-08-26  14:00:00	642.86	643.06	642.79	642.98	233903	1437																				642.9937744140625		643.0562744140625		643.1795654296875		642.9510498046875		642.8712158203125
2025-08-26  13:55:00	642.53	642.92	642.43	642.86	291275	1841																				642.9971923828125		643.0639038085938		643.1923217773438		642.9436645507812		642.8790893554688
2025-08-26  13:50:00	642.97	643.03	642.47	642.53	303965	1672																				643.031494140625		643.0842895507812		643.2198486328125		642.9215087890625		642.8897094726562
2025-08-26  13:45:00	643.03	643.07	642.89	642.96	161405	1095																				643.1565551757812		643.1395874023438		643.2552490234375		642.9256591796875		642.902099609375
2025-08-26  13:40:00	643.13	643.13	642.88	643.03	298026	1653																				643.2056884765625		643.1575317382812		643.2560424804688		642.91259765625		642.9129028320312
2025-08-26  13:35:00	643.17	643.29	643.07	643.14	150800	1029																				643.2496337890625		643.1702880859375		643.2562866210938		642.9042358398438		642.923583984375
2025-08-26  13:30:00	643.50	643.58	643.16	643.19	280298	1807																				643.2770385742188		643.17333984375		643.23681640625		642.8837890625		642.9329833984375
2025-08-26  13:25:00	643.31	643.59	643.28	643.51	310722	1833																				643.298828125		643.1716918945312		643.2157592773438		642.8644409179688		642.9419555664062
2025-08-26  13:20:00	643.12	643.34	643.12	643.32	130978	818																				643.2460327148438		643.1378784179688		643.1650390625		642.83935546875		642.9491577148438
2025-08-26  13:15:00	643.29	643.29	643.09	643.12	119338	809																				643.228759765625		643.1201782226562		643.1332397460938		642.819091796875		642.9576416015625
2025-08-26  13:10:00	643.14	643.31	642.89	643.29	277986	1746																				643.2559814453125		643.1201782226562		643.1121826171875		642.8020629882812		642.966064453125
2025-08-26  13:05:00	643.38	643.47	643.17	643.18	160460	1025																				643.2474975585938		643.1032104492188		643.0648193359375		642.7799072265625		642.9749145507812
2025-08-26  13:00:00	643.30	643.43	643.20	643.38	139884	937																				643.264404296875		643.0955200195312		643.0277099609375		642.7599487304688		642.9840087890625
2025-08-26  12:55:00	643.22	643.36	643.13	643.32	115997	735																				643.2354736328125		643.0670776367188		643.0003051757812		642.7327270507812		642.9921264648438
2025-08-26  12:50:00	643.23	643.36	643.10	643.20	157494	1171																				643.21435546875		643.0418090820312		642.9650268554688		642.7111206054688		643.0003662109375
2025-08-26  12:45:00	643.40	643.47	643.20	643.22	295061	1885																				643.2179565429688		643.0260009765625		642.9420166015625		642.6901245117188		643.0087280273438
2025-08-26  12:40:00	643.28	643.50	643.27	643.40	178269	1175																				643.2174682617188		643.006591796875		642.9088134765625		642.6682739257812		643.0156860351562
2025-08-26  12:35:00	643.35	643.44	643.29	643.29	146649	1071																				643.173095703125		642.9677734375		642.8767700195312		642.644775390625		643.0223999023438
2025-08-26  12:30:00	643.33	643.42	643.29	643.35	143610	1015																				643.1438598632812		642.935546875		642.8468627929688		642.6178588867188		643.0296630859375
2025-08-26  12:25:00	643.24	643.38	643.11	643.33	205214	1287																				643.0923461914062		642.8941040039062		642.8214111328125		642.5914306640625		643.0367431640625
2025-08-26  12:20:00	643.41	643.55	643.17	643.23	359935	2235																				643.032958984375		642.8505249023438		642.7911376953125		642.5634765625		643.0446166992188
2025-08-26  12:15:00	643.23	643.47	643.21	643.41	388637	2574																				642.982421875		642.8120727539062		642.7745971679688		642.531005859375		643.0532836914062
2025-08-26  12:10:00	642.98	643.24	642.96	643.24	216912	1488																				642.8755493164062		642.7522583007812		642.7383422851562		642.4969482421875		643.0599975585938
2025-08-26  12:05:00	643.04	643.08	642.90	642.97	211327	1360																				642.784423828125		642.7034912109375		642.7203369140625		642.4689331054688		643.0675659179688
2025-08-26  12:00:00	642.76	643.09	642.76	643.03	264081	1561																				642.73681640625		642.6763305664062		642.7255859375		642.45068359375		643.07568359375
2025-08-26  11:55:00	642.78	642.91	642.69	642.75	162811	1019																				642.6622924804688		642.6404418945312		642.7328491210938		642.4269409179688		643.0831909179688
2025-08-26  11:50:00	642.50	642.83	642.40	642.77	223403	1433																				642.640380859375		642.6294555664062		642.7315673828125		642.4041137695312		643.0914916992188
2025-08-26  11:45:00	642.69	642.78	642.45	642.49	123537	919																				642.6079711914062		642.6154174804688		642.7322998046875		642.383544921875		643.0986938476562
2025-08-26  11:40:00	642.69	642.77	642.60	642.68	144643	1014																				642.63623046875		642.62744140625		642.7400512695312		642.366455078125		643.108154296875
2025-08-26  11:35:00	642.34	642.76	642.29	642.70	166481	1246																				642.6253051757812		642.6221923828125		642.7410888671875		642.3468627929688		643.114501953125
2025-08-26  11:30:00	642.41	642.64	642.33	642.34	217067	1503																				642.6066284179688		642.6144409179688		642.7337646484375		642.3317260742188		643.1214599609375
2025-08-26  11:25:00	642.83	642.87	642.40	642.44	209995	1460																				642.6732788085938		642.6419067382812		642.7473754882812		642.3248901367188		643.1303100585938
2025-08-26  11:20:00	642.61	642.88	642.59	642.83	206848	1469																				642.7315673828125		642.662109375		642.7128295898438		642.3161010742188		643.1388549804688
2025-08-26  11:15:00	642.73	642.79	642.29	642.61	361359	1928																				642.7069702148438		642.6453247070312		642.7083740234375		642.302490234375		643.1451416015625
2025-08-26  11:10:00	642.56	642.78	642.32	642.74	505796	2901																				642.72998046875		642.6483764648438		642.6929931640625		642.293212890625		643.1525268554688
2025-08-26  11:05:00	642.75	642.86	642.52	642.55	134146	937																				642.7274780273438		642.6392211914062		642.6865844726562		642.2824096679688		643.1597900390625
2025-08-26  11:00:00	642.70	642.88	642.56	642.76	224144	1486																				642.7706298828125		642.6476440429688		642.664794921875		642.277099609375		643.169189453125
2025-08-26  10:55:00	642.85	643.09	642.67	642.69	381257	2268																				642.7745361328125		642.6369018554688		642.6380615234375		642.2669677734375		643.1768188476562
2025-08-26  10:50:00	642.73	642.88	642.60	642.84	248190	1829																				642.7952270507812		642.6314086914062		642.6163940429688		642.2579956054688		643.18505859375
2025-08-26  10:45:00	642.91	643.01	642.54	642.72	326860	2141																				642.7839965820312		642.6105346679688		642.5894165039062		642.2499389648438		643.1903686523438
2025-08-26  10:40:00	642.68	642.91	642.49	642.91	313071	2168																				642.7987670898438		642.5990600585938		642.5667114257812		642.24365234375		643.1970825195312
2025-08-26  10:35:00	642.89	643.10	642.66	642.68	291596	1800																				642.772216796875		642.5684814453125		642.5303955078125		642.23095703125		643.2031860351562
2025-08-26  10:30:00	643.07	643.18	642.82	642.88	355449	2372																				642.7940063476562		642.5568237304688		642.5051879882812		642.2254638671875		643.2101440429688
2025-08-26  10:25:00	643.17	643.27	642.93	643.08	366394	2496																				642.7725219726562		642.5244750976562		642.4622192382812		642.216064453125		643.2144165039062
2025-08-26  10:20:00	642.73	643.26	642.71	643.18	651700	3956																				642.6956176757812		642.4689331054688		642.4202270507812		642.1962280273438		643.2192993164062
2025-08-26  10:15:00	642.78	643.06	642.67	642.72	437446	2837																				642.5745239257812		642.3978271484375		642.3687133789062		642.178466796875		643.2222290039062
2025-08-26  10:10:00	642.66	643.03	642.38	642.78	526146	3497																				642.5369262695312		642.3651123046875		642.3389892578125		642.1653442382812		643.2271118164062
2025-08-26  10:05:00	642.72	642.81	642.46	642.65	469867	3123																				642.4752807617188		642.3232421875		642.310791015625		642.14990234375		643.2312622070312
2025-08-26  10:00:00	642.49	642.86	642.49	642.70	506869	3203																				642.4315795898438		642.2905883789062		642.2752685546875		642.1347045898438		643.2359008789062
2025-08-26  09:55:00	642.61	642.66	642.26	642.55	437571	2758																				642.364501953125		642.2496337890625		642.2418212890625		642.1231689453125		643.2411499023438
2025-08-26  09:50:00	641.76	642.77	641.71	642.61	797215	4748																				642.31689453125		642.2191162109375		642.2105712890625		642.1150512695312		643.2457885742188
2025-08-26  09:45:00	642.73	642.78	641.57	641.75	875016	5716																				642.2433471679688		642.179931640625		642.1604614257812		642.1034545898438		643.25048828125
2025-08-26  09:40:00	642.28	642.85	642.27	642.74	589755	4020																				642.36669921875		642.222900390625		642.158447265625		642.110595703125		643.2595825195312
2025-08-26  09:35:00	642.60	642.66	641.98	642.31	619644	4084																				642.2733764648438		642.1712036132812		642.1134033203125		642.0960693359375		643.2636108398438
2025-08-26  09:30:00	642.20	642.81	641.93	642.61	1046929	6236																				642.2642211914062		642.1573486328125		642.1009521484375		642.0878295898438		643.2684936523438
2025-08-26  09:25:00	642.24	642.31	642.12	642.12	24578	137																				642.1777954101562		642.1121215820312		642.0629272460938		642.0689697265625		643.272216796875
2025-08-26  09:20:00	642.28	642.31	642.19	642.22	4575	33																				642.1922607421875		642.111328125		642.0374145507812		642.0626220703125		643.2782592773438
2025-08-26  09:15:00	642.25	642.29	642.22	642.26	8607	53																				642.1853637695312		642.1004638671875		642.013427734375		642.055419921875		643.2843627929688
2025-08-26  09:10:00	642.27	642.39	642.26	642.30	6172	34																				642.1666870117188		642.0845336914062		641.9824829101562		642.0481567382812		643.2902221679688
2025-08-26  09:05:00	642.22	642.31	642.15	642.27	24055	118																				642.1333618164062		642.06298828125		641.9524536132812		642.0335693359375		643.295654296875
2025-08-26  09:00:00	642.19	642.36	642.09	642.18	11427	62																				642.0991821289062		642.0422973632812		641.93603515625		642.0191650390625		643.3005981445312
2025-08-26  08:55:00	642.02	642.20	642.00	642.18	6289	30																				642.0789794921875		642.0285034179688		641.9270629882812		642.0101928710938		643.3074951171875
2025-08-26  08:50:00	642.19	642.27	642.00	642.02	6016	29																				642.0537109375		642.0133666992188		641.9180908203125		642.0017700195312		643.3157958984375
2025-08-26  08:45:00	642.17	642.25	642.16	642.24	5640	35																				642.0621337890625		642.0126953125		641.9244995117188		641.992919921875		643.324951171875
2025-08-26  08:40:00	642.21	642.22	642.07	642.15	11776	41																				642.0177001953125		641.989990234375		641.9200439453125		641.9869384765625		643.3327026367188
2025-08-26  08:35:00	642.25	642.25	642.00	642.13	9662	43																				641.9847412109375		641.9740600585938		641.9225463867188		641.979736328125		643.341064453125
2025-08-26  08:30:00	641.87	642.25	641.85	642.22	20073	70																				641.9484252929688		641.9584350585938		641.9305419921875		641.9703369140625		643.349853515625
2025-08-26  08:25:00	642.04	642.05	641.87	641.94	4392	33																				641.8805541992188		641.9323120117188		641.9320678710938		641.9534912109375		643.358154296875
2025-08-26  08:20:00	641.84	642.08	641.84	642.03	4424	23																				641.86572265625		641.9315185546875		641.947021484375		641.964111328125		643.3681030273438
2025-08-26  08:15:00	641.58	641.98	641.44	641.93	7140	46																				641.8246459960938		641.9216918945312		641.967529296875		641.9837646484375		643.3773193359375
2025-08-26  08:10:00	641.71	641.85	641.60	641.61	9121	55																				641.7982788085938		641.9208374023438		641.9915771484375		642.0029907226562		643.3873291015625
2025-08-26  08:05:00	641.87	641.93	641.71	641.71	4748	27																				641.8453369140625		641.951904296875		642.0245361328125		642.02978515625		643.3984985351562
2025-08-26  08:00:00	642.23	642.50	640.73	641.84	33780	163																				641.879150390625		641.97607421875		642.0595092773438		642.0545654296875		643.4080200195312
2025-08-26  07:55:00	641.90	642.11	641.90	642.06	5470	42																				641.8887329101562		641.9896240234375		642.0880126953125		642.0781860351562		643.4161376953125
2025-08-26  07:50:00	641.74	641.87	641.71	641.85	4609	27																				641.845947265625		641.9826049804688		642.0894775390625		642.1007690429688		643.4229736328125
2025-08-26  07:45:00	641.71	641.71	641.53	641.61	2219	13																				641.844970703125		641.995849609375		642.1115112304688		642.1253051757812		643.4314575195312
2025-08-26  07:40:00	641.71	641.80	641.71	641.74	1875	17																				641.9036865234375		642.034423828125		642.1345825195312		642.1541137695312		643.4414672851562
2025-08-26  07:35:00	641.73	641.73	641.64	641.64	4274	27																				641.944580078125		642.0638427734375		642.1480712890625		642.1835327148438		643.450927734375
2025-08-26  07:30:00	641.95	641.95	641.65	641.70	6065	28																				642.0206909179688		642.106201171875		642.1605834960938		642.2149658203125		643.4605102539062
2025-08-26  07:25:00	642.01	642.06	641.94	641.94	4241	27																				642.100830078125		642.1468505859375		642.1815795898438		642.2443237304688		643.4695434570312
2025-08-26  07:20:00	641.94	642.00	641.92	642.00	2821	25																				642.1410522460938		642.1675415039062		642.1920776367188		642.2711791992188		643.4771728515625
2025-08-26  07:15:00	642.02	642.02	641.98	642.00	8577	27																				642.1763305664062		642.184326171875		642.193603515625		642.2945556640625		643.485595703125
2025-08-26  07:10:00	642.16	642.21	642.14	642.15	2100	14																				642.2203979492188		642.2027587890625		642.1990966796875		642.3201293945312		643.4944458007812
2025-08-26  07:05:00	642.15	642.15	642.15	642.15	498	4																				642.2379760742188		642.2080078125		642.1920776367188		642.341064453125		643.5031127929688
2025-08-26  07:00:00	642.31	642.32	642.20	642.20	4637	30																				642.2599487304688		642.2138061523438		642.1795654296875		642.3640747070312		643.512451171875
2025-08-26  06:55:00	642.29	642.29	642.29	642.29	300	1																				642.2749633789062		642.2152099609375		642.1530151367188		642.3845825195312		643.5214233398438
2025-08-26  06:50:00	642.28	642.28	642.21	642.25	6905	40																				642.271240234375		642.207763671875		642.1285400390625		642.402587890625		643.5302124023438
2025-08-26  06:45:00	642.30	642.30	642.24	642.24	1033	2																				642.2765502929688		642.2035522460938		642.1090087890625		642.4230346679688		643.5380859375
2025-08-26  06:35:00	642.44	642.44	642.43	642.44	600	6																				642.2857055664062		642.1998901367188		642.092041015625		642.4435424804688		643.5460815429688
2025-08-26  06:30:00	642.28	642.41	642.28	642.41	600	6																				642.2471313476562		642.1759033203125		642.0485229492188		642.4597778320312		643.553466796875
2025-08-26  06:20:00	642.27	642.27	642.23	642.27	900	8																				642.2064208984375		642.1524658203125		642.0054931640625		642.4752197265625		643.5613403320312
2025-08-26  06:15:00	642.38	642.42	642.37	642.41	5443	25																				642.1905517578125		642.1406860351562		641.9784545898438		642.4933471679688		643.5699462890625
2025-08-26  06:10:00	642.21	642.41	642.20	642.41	1550	10																				642.1356811523438		642.11376953125		641.9459838867188		642.5084228515625		643.577392578125
2025-08-26  06:05:00	642.24	642.25	642.09	642.09	500	5																				642.0670776367188		642.0841674804688		641.9044799804688		642.519775390625		643.5848388671875
2025-08-26  06:00:00	642.07	642.31	642.07	642.29	3643	25																				642.0613403320312		642.0835571289062		641.8970336914062		642.53662109375		643.5943603515625
2025-08-26  05:55:00	641.99	642.13	641.99	642.07	1060	5																				642.004150390625		642.0629272460938		641.8720092773438		642.5502319335938		643.602783203125
2025-08-26  05:50:00	642.01	642.01	642.01	642.01	500	5																				641.9876708984375		642.0621948242188		641.8514404296875		642.5680541992188		643.6124267578125
2025-08-26  05:40:00	641.89	641.89	641.89	641.89	300	1																				641.9821166992188		642.0674438476562		641.8200073242188		642.5857543945312		643.623046875
2025-08-26  05:35:00	642.25	642.25	642.12	642.12	500	5																				642.005126953125		642.085205078125		641.8489990234375		642.604736328125		643.63427734375
2025-08-26  05:30:00	642.16	642.16	642.15	642.15	540	5																				641.9763793945312		642.0817260742188		641.8934936523438		642.618408203125		643.6453247070312
2025-08-26  05:25:00	642.03	642.03	642.02	642.03	2053	7																				641.9329833984375		642.0748901367188		641.9305419921875		642.634521484375		643.6563110351562
2025-08-26  05:15:00	642.11	642.11	642.11	642.11	100	1																				641.9087524414062		642.0794067382812		641.9765014648438		642.652587890625		643.6676025390625
2025-08-26  05:10:00	642.01	642.01	642.01	642.01	100	1																				641.8584594726562		642.0763549804688		642.0185546875		642.6680297851562		643.6797485351562
2025-08-26  05:05:00	641.90	641.90	641.90	641.90	250	1																				641.820556640625		642.0830078125		642.069091796875		642.68505859375		643.692138671875
2025-08-26  05:00:00	641.79	641.79	641.60	641.67	1875	9																				641.8007202148438		642.101318359375		642.133544921875		642.7056274414062		643.7052001953125
2025-08-26  04:55:00	641.80	641.80	641.80	641.80	100	1																				641.8333740234375		642.1444702148438		642.2039794921875		642.7318115234375		643.71826171875
2025-08-26  04:50:00	641.91	641.91	641.86	641.86	1917	5																				641.8417358398438		642.1788940429688		642.2664794921875		642.7539672851562		643.7310791015625
2025-08-26  04:45:00	641.87	641.90	641.87	641.90	1480	7																				641.837158203125		642.2108154296875		642.3340454101562		642.7767333984375		643.7437744140625
2025-08-26  04:40:00	641.58	641.62	641.50	641.57	11220	40																				641.8214721679688		642.2418823242188		642.3995361328125		642.79833984375		643.7564086914062
2025-08-26  04:35:00	641.70	641.70	641.55	641.55	1050	5																				641.8843383789062		642.30908203125		642.4795532226562		642.8269653320312		643.7710571289062
2025-08-26  04:30:00	641.60	641.76	641.60	641.73	1180	6																				641.9679565429688		642.385009765625		642.5660400390625		642.8573608398438		643.7908325195312
2025-08-26  04:25:00	641.76	641.76	641.76	641.76	500	1																				642.0274658203125		642.4505004882812		642.6380615234375		642.883544921875		643.8094482421875
2025-08-26  04:20:00	641.60	641.60	641.46	641.58	3596	23																				642.0943603515625		642.51953125		642.7139892578125		642.9093627929688		643.8281860351562
2025-08-26  04:15:00	641.95	641.95	641.79	641.94	700	7																				642.2229614257812		642.6134643554688		642.7949829101562		642.9363403320312		643.848876953125
2025-08-26  04:10:00	641.70	641.84	641.70	641.79	589	5																				642.293701171875		642.6807861328125		642.8629150390625		642.95654296875		643.8677978515625
2025-08-26  04:05:00	641.47	641.70	641.47	641.66	1274	7																				642.4196166992188		642.7698364257812		642.9344482421875		642.9795532226562		643.886962890625
2025-08-26  04:00:00	641.37	641.88	641.33	641.38	4684	36																				642.6094970703125		642.8807983398438		643.010986328125		642.9957275390625		643.9072265625
2025-08-25  20:00:00	642.47	642.47	642.47	642.47	1	1																				642.9168701171875		643.0308837890625		643.10546875		643.0381469726562		643.9285888671875
2025-08-25  19:55:00	643.00	643.05	642.87	643.01	11679	52																				643.028564453125		643.0869750976562		643.1454467773438		643.05908203125		643.9443359375
2025-08-25  19:50:00	642.91	642.91	642.83	642.89	7217	25																				643.033203125		643.0946655273438		643.1575927734375		643.0704956054688		643.957763671875
2025-08-25  19:45:00	643.00	643.00	642.87	642.95	2154	17																				643.0690307617188		643.1151123046875		643.1720581054688		643.088134765625		643.9716186523438
2025-08-25  19:40:00	643.03	643.03	642.95	642.95	499	4																				643.0988159179688		643.1316528320312		643.1835327148438		643.1024169921875		643.98486328125
2025-08-25  19:35:00	643.07	643.07	643.00	643.02	6795	22																				643.1360473632812		643.1498413085938		643.1940307617188		643.1172485351562		643.9981689453125
2025-08-25  19:30:00	643.08	643.19	643.03	643.19	1141	6																				643.1650390625		643.162841796875		643.1920166015625		643.13134765625		644.0107421875
2025-08-25  19:25:00	643.10	643.10	642.94	643.08	5897	26																				643.1588134765625		643.1600952148438		643.1790161132812		643.1425170898438		644.0213012695312
2025-08-25  19:20:00	643.18	643.18	643.01	643.05	3443	19																				643.1785278320312		643.1680908203125		643.1734619140625		643.16064453125		644.0325927734375
2025-08-25  19:15:00	643.20	643.21	643.20	643.21	360	2																				643.210693359375		643.1798706054688		643.1690063476562		643.180419921875		644.0440063476562
2025-08-25  19:10:00	643.17	643.21	643.17	643.21	509	2																				643.2108764648438		643.1768798828125		643.1534423828125		643.19384765625		644.054931640625
2025-08-25  19:05:00	643.26	643.27	643.17	643.17	3324	22																				643.2110595703125		643.173583984375		643.1349487304688		643.2083740234375		644.0658569335938
2025-08-25  19:00:00	643.27	643.33	643.27	643.28	1100	6																				643.2213134765625		643.1739501953125		643.1165161132812		643.2271728515625		644.07666015625
2025-08-25  18:55:00	643.28	643.28	643.17	643.17	2202	14																				643.2066040039062		643.163330078125		643.1004638671875		643.2454223632812		644.0867309570312
2025-08-25  18:50:00	643.28	643.28	643.28	643.28	250	2																				643.2157592773438		643.1626586914062		643.0885009765625		643.2631225585938		644.09716796875
2025-08-25  18:45:00	643.25	643.26	643.18	643.20	1577	7																				643.19970703125		643.1509399414062		643.0684814453125		643.2799072265625		644.107421875
2025-08-25  18:40:00	643.22	643.32	643.22	643.30	2416	9																				643.1996459960938		643.1460571289062		643.0513916015625		643.2987670898438		644.117919921875
2025-08-25  18:35:00	643.22	643.22	643.22	643.22	200	1																				643.174560546875		643.1306762695312		643.0328979492188		643.316162109375		644.1281127929688
2025-08-25  18:30:00	642.47	643.20	642.47	643.19	927	9																				643.1632080078125		643.1217651367188		643.0209350585938		643.3361206054688		644.1397094726562
2025-08-25  18:25:00	643.31	643.38	643.27	643.27	1819	11																				643.156494140625		643.1149291992188		643.0068359375		643.3573608398438		644.1514282226562
2025-08-25  18:20:00	643.21	643.27	643.20	643.27	906	8																				643.1281127929688		643.0994262695312		642.9933471679688		643.382568359375		644.162841796875
2025-08-25  18:15:00	643.20	643.29	643.20	643.25	1917	7																				643.0926513671875		643.0823974609375		642.9788208007812		643.406005859375		644.1741333007812
2025-08-25  18:10:00	643.22	643.25	643.18	643.18	3110	15																				643.0533447265625		643.0656127929688		642.9664306640625		643.427978515625		644.1849365234375
2025-08-25  18:05:00	643.19	643.22	643.15	643.18	8360	29																				643.0216674804688		643.05419921875		642.9609375		643.4544677734375		644.1962890625
2025-08-25  18:00:00	642.98	643.26	642.97	643.16	16914	64																				642.9821166992188		643.0416259765625		642.9539184570312		643.4827880859375		644.2068481445312
2025-08-25  17:55:00	642.94	642.98	642.90	642.98	1022	3																				642.9376220703125		643.02978515625		642.9484252929688		643.5115356445312		644.218017578125
2025-08-25  17:45:00	642.93	642.93	642.93	642.93	522	1																				642.927001953125		643.0347900390625		642.9459228515625		643.5393676757812		644.229248046875
2025-08-25  17:40:00	642.98	642.98	642.97	642.97	375	2																				642.92626953125		643.0452880859375		642.9468994140625		643.5685424804688		644.2410888671875
2025-08-25  17:35:00	642.89	642.96	642.87	642.96	3530	19																				642.9153442382812		643.0527954101562		642.9454345703125		643.600341796875		644.253173828125
2025-08-25  17:30:00	642.84	642.90	642.80	642.90	4825	9																				642.9041748046875		643.0620727539062		642.9208984375		643.634521484375		644.2653198242188
2025-08-25  17:25:00	642.84	642.88	642.84	642.84	4196	16																				642.905517578125		643.078369140625		642.950927734375		643.6697387695312		644.2776489257812
2025-08-25  17:20:00	642.96	642.96	642.80	642.80	15164	23																				642.921875		643.1022338867188		642.9849853515625		643.7078247070312		644.29052734375
2025-08-25  17:15:00	642.93	642.97	642.93	642.96	9317	34																				642.9523315429688		643.1324462890625		643.0238647460938		643.7470092773438		644.3043212890625
2025-08-25  17:10:00	642.90	642.95	642.90	642.93	22136	25																				642.950439453125		643.149658203125		643.0646362304688		643.7835693359375		644.3167724609375
2025-08-25  17:05:00	642.90	642.92	642.88	642.88	30934	20																				642.9555053710938		643.171630859375		643.1012573242188		643.8161010742188		644.3292236328125
2025-08-25  17:00:00	642.92	642.92	642.85	642.86	41411	58																				642.974365234375		643.2008056640625		643.1417236328125		643.8583374023438		644.3425903320312
2025-08-25  16:55:00	643.00	643.02	642.93	642.93	36673	51																				643.0029296875		643.23486328125		643.1849365234375		643.9011840820312		644.3550415039062
2025-08-25  16:50:00	642.90	642.99	642.89	642.98	6515	16																				643.0211791992188		643.2653198242188		643.2259521484375		643.9449462890625		644.3671264648438
2025-08-25  16:45:00	642.98	642.99	642.90	642.91	17968	64																				643.031494140625		643.2938232421875		643.2761840820312		643.9889526367188		644.3798217773438
2025-08-25  16:40:00	642.96	643.02	642.96	643.00	5151	23																				643.0618896484375		643.3322143554688		643.3326416015625		644.031005859375		644.3916625976562
2025-08-25  16:35:00	643.02	643.02	642.97	642.98	22958	82																				643.077392578125		643.3654174804688		643.3766479492188		644.07080078125		644.4030151367188
2025-08-25  16:30:00	643.09	643.15	642.99	643.00	14437	52																				643.1017456054688		643.4039916992188		643.4246826171875		644.1099853515625		644.4140625
2025-08-25  16:25:00	643.07	643.09	643.00	643.07	34866	124																				643.1272583007812		643.4443969726562		643.4801025390625		644.1502075195312		644.424072265625
2025-08-25  16:20:00	643.03	643.06	642.98	643.04	24781	75																				643.1416015625		643.4818115234375		643.5361328125		644.1851806640625		644.432861328125
2025-08-25  16:15:00	642.94	643.05	642.91	643.05	49382	193																				643.1669921875		643.5260009765625		643.5869140625		644.2254028320312		644.4400634765625
2025-08-25  16:10:00	642.47	643.01	642.47	642.93	88318	362																				643.1962280273438		643.5736083984375		643.640380859375		644.264404296875		644.449951171875
2025-08-25  16:05:00	642.98	643.08	642.53	642.95	494220	717																				643.2628173828125		643.6380004882812		643.700927734375		644.3059692382812		644.4607543945312
2025-08-25  16:00:00	642.48	643.03	642.34	642.94	1546116	2245																				643.3410034179688		643.706787109375		643.7619018554688		644.346435546875		644.47265625
2025-08-25  15:55:00	643.50	643.53	642.35	642.47	3212571	17258																				643.4412841796875		643.783447265625		643.825927734375		644.38525390625		644.48388671875
2025-08-25  15:50:00	643.53	643.68	643.35	643.50	1370819	8361																				643.68408203125		643.914794921875		643.9149169921875		644.4281005859375		644.4981689453125
2025-08-25  15:45:00	643.57	643.62	643.40	643.52	864173	5241																				643.7301025390625		643.956298828125		643.9664306640625		644.4529418945312		644.5073852539062
2025-08-25  15:40:00	643.77	643.84	643.54	643.58	509378	3261																				643.7825927734375		643.9999389648438		644.012451171875		644.477294921875		644.5177001953125
2025-08-25  15:35:00	643.65	643.79	643.61	643.78	399575	2579																				643.83349609375		644.0420532226562		644.0509643554688		644.5009155273438		644.527099609375
2025-08-25  15:30:00	643.69	643.78	643.59	643.66	334804	2226																				643.84814453125		644.0687866210938		644.0874633789062		644.523681640625		644.5364990234375
2025-08-25  15:25:00	643.73	643.82	643.62	643.69	344701	2550																				643.8952026367188		644.1096801757812		644.1342163085938		644.5499877929688		644.5465698242188
2025-08-25  15:20:00	643.75	643.85	643.66	643.72	423981	2892																				643.946533203125		644.1516723632812		644.1796875		644.571044921875		644.55517578125
2025-08-25  15:15:00	643.99	644.01	643.62	643.75	632596	4282																				644.0022583007812		644.1945190429688		644.2120361328125		644.5916137695312		644.5645751953125
2025-08-25  15:10:00	644.03	644.15	643.98	643.98	277269	1960																				644.0653076171875		644.2389526367188		644.2440185546875		644.6084594726562		644.57421875
2025-08-25  15:05:00	643.88	644.04	643.83	644.04	354891	2635																				644.0853881835938		644.2643432617188		644.2727661132812		644.6193237304688		644.5812377929688
2025-08-25  15:00:00	643.97	644.04	643.77	643.88	391528	2644																				644.0967407226562		644.2868041992188		644.3042602539062		644.626953125		644.5885620117188
2025-08-25  14:55:00	644.11	644.24	643.93	643.94	249165	1721																				644.15087890625		644.3274536132812		644.34326171875		644.6338500976562		644.5963134765625
2025-08-25  14:50:00	644.19	644.28	644.10	644.11	281825	2083																				644.20361328125		644.3662109375		644.3834838867188		644.642578125		644.604736328125
2025-08-25  14:45:00	644.05	644.25	643.90	644.19	285672	1956																				644.2269897460938		644.391845703125		644.4159545898438		644.6395874023438		644.6126708984375
2025-08-25  14:40:00	644.11	644.18	643.99	644.05	215808	1604																				644.2362060546875		644.4120483398438		644.4459228515625		644.637451171875		644.621337890625
2025-08-25  14:35:00	644.11	644.26	644.06	644.12	247239	1614																				644.2815551757812		644.44775390625		644.470947265625		644.6386108398438		644.6299438476562
2025-08-25  14:30:00	644.16	644.22	644.07	644.14	287312	1889																				644.3219604492188		644.4805297851562		644.5147094726562		644.6392822265625		644.6401977539062
2025-08-25  14:25:00	644.21	644.29	644.06	644.17	307766	1948																				644.367431640625		644.5145874023438		644.5577392578125		644.6382446289062		644.649658203125
2025-08-25  14:20:00	644.24	644.37	643.94	644.22	545840	3298																				644.4168090820312		644.549072265625		644.605224609375		644.636474609375		644.6599731445312
2025-08-25  14:15:00	644.54	644.57	644.24	644.25	249508	1618																				644.4660034179688		644.5819702148438		644.6531982421875		644.6359252929688		644.6695556640625
2025-08-25  14:10:00	644.45	644.56	644.30	644.53	182577	1325																				644.52001953125		644.6151733398438		644.6914672851562		644.6397094726562		644.677978515625
2025-08-25  14:05:00	644.35	644.50	644.25	644.44	272071	1807																				644.5175170898438		644.6237182617188		644.7144165039062		644.6349487304688		644.6860961914062
2025-08-25  14:00:00	644.50	644.54	644.25	644.35	272749	1788																				644.5369262695312		644.64208984375		644.7393798828125		644.6329956054688		644.6940307617188
2025-08-25  13:55:00	644.59	644.65	644.44	644.51	220950	1356																				644.5836791992188		644.6713256835938		644.7723999023438		644.6239624023438		644.7012329101562
2025-08-25  13:50:00	644.60	644.72	644.53	644.59	212584	1462																				644.6033325195312		644.68798828125		644.7882080078125		644.6150512695312		644.7069702148438
2025-08-25  13:45:00	644.38	644.65	644.36	644.60	228584	1600																				644.6054077148438		644.697265625		644.8109741210938		644.6056518554688		644.7108764648438
2025-08-25  13:40:00	644.39	644.40	644.03	644.37	542735	3334																				644.6067504882812		644.7069702148438		644.8309326171875		644.5952758789062		644.7142944335938
2025-08-25  13:35:00	644.55	644.59	644.38	644.39	243907	1586																				644.6659545898438		644.7406616210938		644.8629150390625		644.582763671875		644.716064453125
2025-08-25  13:30:00	644.66	644.82	644.54	644.56	244384	1837																				644.7349243164062		644.7756958007812		644.8919677734375		644.5759887695312		644.718017578125
2025-08-25  13:25:00	644.65	644.68	644.45	644.67	225960	1468																				644.7786254882812		644.7972412109375		644.9080200195312		644.5601806640625		644.7205200195312
2025-08-25  13:20:00	644.75	644.78	644.58	644.66	191178	1369																				644.8057861328125		644.8099365234375		644.9052124023438		644.540771484375		644.72265625
2025-08-25  13:15:00	644.76	644.83	644.67	644.74	174482	1345																				644.8422241210938		644.824951171875		644.9091796875		644.52001953125		644.7244873046875
2025-08-25  13:10:00	644.78	644.96	644.72	644.76	211504	1302																				644.86669921875		644.8330078125		644.9089965820312		644.4965209960938		644.7266235351562
2025-08-25  13:05:00	644.55	644.82	644.50	644.79	300457	1920																				644.8933715820312		644.84033203125		644.9089965820312		644.476318359375		644.7267456054688
2025-08-25  13:00:00	644.98	645.02	644.41	644.55	372161	2486																				644.9192504882812		644.8453979492188		644.9150390625		644.4501342773438		644.7284545898438
2025-08-25  12:55:00	645.01	645.09	644.89	644.99	183344	1291																				645.0103149414062		644.8744506835938		644.93603515625		644.4302368164062		644.731201171875
2025-08-25  12:50:00	645.11	645.15	644.89	645.00	315446	2004																				645.01416015625		644.8623657226562		644.9234619140625		644.4015502929688		644.7332763671875
2025-08-25  12:45:00	645.18	645.29	645.03	645.12	204649	1360																				645.0177001953125		644.8486328125		644.9110107421875		644.37255859375		644.7362670898438
2025-08-25  12:40:00	645.02	645.24	644.98	645.18	220549	1405																				644.9921264648438		644.8214721679688		644.8844604492188		644.3357543945312		644.7400512695312
2025-08-25  12:35:00	644.98	645.04	644.83	645.02	179279	1248																				644.945068359375		644.7855834960938		644.8519287109375		644.2991943359375		644.7412109375
2025-08-25  12:30:00	644.94	644.99	644.82	644.99	198949	1248																				644.9275512695312		644.7626342773438		644.8222045898438		644.2655029296875		644.7447509765625
2025-08-25  12:25:00	645.01	645.09	644.91	644.94	183329	1331																				644.9119873046875		644.7399291992188		644.7840576171875		644.2346801757812		644.7492065429688
2025-08-25  12:20:00	644.83	645.07	644.83	645.01	261580	1846																				644.9049682617188		644.7199096679688		644.7557983398438		644.204345703125		644.7546997070312
2025-08-25  12:15:00	645.04	645.09	644.79	644.82	276332	1782																				644.8787231445312		644.69091796875		644.7033081054688		644.171875		644.75927734375
2025-08-25  12:10:00	644.99	645.08	644.86	645.05	187472	1192																				644.8933715820312		644.6780395507812		644.6665649414062		644.1406860351562		644.76708984375
2025-08-25  12:05:00	644.99	645.15	644.93	645.00	252858	1845																				644.8541870117188		644.640869140625		644.6197509765625		644.111083984375		644.7718505859375
2025-08-25  12:00:00	644.96	645.09	644.90	645.01	284673	1962																				644.8177490234375		644.60498046875		644.5772705078125		644.087646484375		644.775634765625
2025-08-25  11:55:00	644.87	645.07	644.79	644.97	255467	1840																				644.7697143554688		644.564453125		644.53125		644.064697265625		644.7803344726562
2025-08-25  11:50:00	644.62	645.01	644.60	644.88	272090	1921																				644.7196655273438		644.52392578125		644.4867553710938		644.041015625		644.783203125
2025-08-25  11:45:00	644.74	644.82	644.55	644.61	260820	2026																				644.6795654296875		644.4883422851562		644.4525146484375		644.0198364257812		644.787353515625
2025-08-25  11:40:00	644.73	644.79	644.51	644.74	257478	1995																				644.6957397460938		644.4757080078125		644.4437866210938		644.0055541992188		644.795166015625
2025-08-25  11:35:00	644.77	644.87	644.55	644.74	333061	2275																				644.6846923828125		644.4492797851562		644.4212646484375		643.9883422851562		644.7996215820312
2025-08-25  11:30:00	644.91	645.01	644.73	644.76	307722	2333																				644.6708984375		644.4202270507812		644.4012451171875		643.971923828125		644.8048095703125
2025-08-25  11:25:00	644.97	645.05	644.89	644.91	242644	1753																				644.6486206054688		644.38623046875		644.3582763671875		643.954345703125		644.8082275390625
2025-08-25  11:20:00	644.77	645.03	644.75	644.97	305674	2102																				644.583251953125		644.3338623046875		644.3157958984375		643.9345092773438		644.8113403320312
2025-08-25  11:15:00	644.75	644.91	644.69	644.74	303500	2222																				644.4852905273438		644.269775390625		644.2733154296875		643.9120483398438		644.8104858398438
2025-08-25  11:10:00	644.61	644.80	644.36	644.75	547383	3653																				644.420654296875		644.2223510742188		644.2401123046875		643.8894653320312		644.8115844726562
2025-08-25  11:05:00	644.51	644.62	644.40	644.59	286492	1961																				644.3383178710938		644.1696166992188		644.1898193359375		643.8638916015625		644.8084106445312
2025-08-25  11:00:00	644.41	644.55	644.23	644.53	336039	2623																				644.275390625		644.1275634765625		644.162841796875		643.8406982421875		644.8046264648438
2025-08-25  10:55:00	644.21	644.46	643.97	644.42	301605	2011																				644.2117309570312		644.0873413085938		644.1248779296875		643.8209228515625		644.8024291992188
2025-08-25  10:50:00	644.36	644.46	644.12	644.23	336739	2402																				644.15966796875		644.0540771484375		644.0888061523438		643.8047485351562		644.803955078125
2025-08-25  10:45:00	643.96	644.40	643.74	644.38	426428	2819																				644.1429443359375		644.0368041992188		644.0585327148438		643.7928466796875		644.80322265625
2025-08-25  10:40:00	644.08	644.18	643.75	643.96	371030	2513																				644.0848999023438		644.0029907226562		644.018310546875		643.7765502929688		644.7958984375
2025-08-25  10:35:00	644.12	644.39	644.07	644.09	311653	2247																				644.1161499023438		644.0072631835938		644.0078125		643.767578125		644.7681884765625
2025-08-25  10:30:00	644.15	644.27	643.94	644.11	366318	2721																				644.1239013671875		643.99951171875		643.9776000976562		643.7550659179688		644.7437744140625
2025-08-25  10:25:00	644.08	644.29	643.91	644.15	377997	2669																				644.1261596679688		643.9879760742188		643.9498291015625		643.7467041015625		644.7210083007812
2025-08-25  10:20:00	644.08	644.29	643.76	644.09	451522	3095																				644.1201782226562		643.9717407226562		643.9202880859375		643.7390747070312		644.6973266601562
2025-08-25  10:15:00	644.19	644.30	644.03	644.08	497126	3576																				644.1277465820312		643.9598999023438		643.893310546875		643.7349243164062		644.6695556640625
2025-08-25  10:10:00	644.44	644.46	643.81	644.20	707242	4401																				644.1397094726562		643.9478759765625		643.853271484375		643.7337036132812		644.6375122070312
2025-08-25  10:05:00	644.29	644.52	644.15	644.44	553234	3773																				644.1258544921875		643.9231567382812		643.81103515625		643.72998046875		644.6046142578125
2025-08-25  10:00:00	644.33	644.67	643.96	644.29	820536	5541																				644.0473022460938		643.8714599609375		643.7554931640625		643.7219848632812		644.5697021484375
2025-08-25  09:55:00	643.89	644.34	643.76	644.34	642982	4360																				643.9866333007812		643.82958984375		643.7135009765625		643.712646484375		644.5357666015625
2025-08-25  09:50:00	644.05	644.17	643.72	643.90	718114	5166																				643.8982543945312		643.778564453125		643.6675415039062		643.7028198242188		644.5000610351562
2025-08-25  09:45:00	644.13	644.14	643.63	644.06	755668	5180																				643.8978271484375		643.7664184570312		643.6419677734375		643.7030639648438		644.4671020507812
2025-08-25  09:40:00	644.10	644.37	643.80	644.13	800796	5879																				643.8572998046875		643.737060546875		643.60205078125		643.7015380859375		644.4328002929688
2025-08-25  09:35:00	643.74	644.35	643.71	644.08	933337	6553																				643.7903442382812		643.6982421875		643.57421875		643.6988525390625		644.3972778320312
2025-08-25  09:30:00	644.03	644.27	643.41	643.74	1600832	10329																				643.7178955078125		643.6600952148438		643.5617065429688		643.695068359375		644.3624877929688
2025-08-25  09:25:00	643.79	644.05	643.75	644.05	44611	228																				643.7111206054688		643.651611328125		643.5675048828125		643.6981811523438		644.3296508789062
2025-08-25  09:20:00	643.75	643.79	643.67	643.77	7575	49																				643.6264038085938		643.6117553710938		643.5545043945312		643.6972045898438		644.295166015625
2025-08-25  09:15:00	643.64	643.74	643.55	643.70	14772	73																				643.5905151367188		643.595947265625		643.5570068359375		643.7012329101562		644.26220703125
2025-08-25  09:10:00	643.59	643.69	643.52	643.62	18340	63																				643.5631103515625		643.5855102539062		643.5670166015625		643.707275390625		644.2301025390625
2025-08-25  09:05:00	643.77	643.77	643.57	643.57	24132	76																				643.5488891601562		643.58203125		643.580078125		643.7174682617188		644.199462890625
2025-08-25  09:00:00	643.50	643.80	643.45	643.75	31069	156																				643.5436401367188		643.583251953125		643.5974731445312		643.7286987304688		644.1683349609375
2025-08-25  08:55:00	643.55	643.59	643.48	643.48	14425	83																				643.4920654296875		643.5665893554688		643.60400390625		643.7402954101562		644.136474609375
2025-08-25  08:50:00	643.54	643.61	643.53	643.56	16645	85																				643.4950561523438		643.5752563476562		643.6260375976562		643.7576293945312		644.1047973632812
2025-08-25  08:45:00	643.54	643.57	643.46	643.56	9913	43																				643.4788208007812		643.5767822265625		643.6405029296875		643.772216796875		644.0726318359375
2025-08-25  08:40:00	643.27	643.57	643.27	643.55	22274	105																				643.4585571289062		643.5784912109375		643.6434936523438		643.7919921875		644.0405883789062
2025-08-25  08:35:00	643.38	643.38	643.20	643.28	42660	96																				643.4356689453125		643.5813598632812		643.6395263671875		643.810791015625		644.0076904296875
2025-08-25  08:30:00	643.29	643.36	643.14	643.35	35644	179																				643.474609375		643.6115112304688		643.64697265625		643.83544921875		643.9769897460938
2025-08-25  08:25:00	643.44	643.47	643.32	643.33	18434	96																				643.5057983398438		643.6376342773438		643.6565551757812		643.8540649414062		643.94580078125
2025-08-25  08:20:00	643.51	643.51	643.38	643.45	16920	78																				643.5497436523438		643.6683959960938		643.6705322265625		643.8746337890625		643.9141235351562
2025-08-25  08:15:00	643.37	643.45	643.27	643.42	5778	40																				643.57470703125		643.6902465820312		643.6795654296875		643.8938598632812		643.8817138671875
2025-08-25  08:10:00	643.32	643.40	643.30	643.39	16276	79																				643.6134033203125		643.71728515625		643.6865844726562		643.9138793945312		643.85009765625
2025-08-25  08:05:00	643.54	643.55	643.24	643.26	39092	238																				643.6692504882812		643.75		643.692626953125		643.93603515625		643.8186645507812
2025-08-25  08:00:00	643.55	645.14	643.38	643.57	39100	188																				643.7715454101562		643.7990112304688		643.70263671875		643.9808349609375		643.7881469726562
2025-08-25  07:55:00	643.90	643.90	643.82	643.83	1400	14																				643.8218994140625		643.8218994140625		643.7091064453125		644.0186157226562		643.7562255859375
2025-08-25  07:50:00	643.78	643.88	643.78	643.86	2200	14																				643.8198852539062		643.8211059570312		643.7061157226562		644.0521850585938		643.723388671875
2025-08-25  07:45:00	643.85	643.94	643.79	643.79	4024	31																				643.8096313476562		643.817138671875		643.70703125		644.08935546875		643.691650390625
2025-08-25  07:40:00	643.87	643.88	643.82	643.82	2800	18																				643.8145141601562		643.8198852539062		643.718505859375		644.1279907226562		643.6595458984375
2025-08-25  07:35:00	643.92	643.92	643.90	643.90	200	2																				643.8131713867188		643.8198852539062		643.7279663085938		644.1641235351562		643.6275024414062
2025-08-25  07:30:00	643.88	643.90	643.83	643.88	4838	44																				643.7914428710938		643.8118896484375		643.7349853515625		644.2001342773438		643.5945434570312
2025-08-25  07:25:00	643.89	643.94	643.89	643.92	4441	36																				643.769287109375		643.8050537109375		643.73193359375		644.2357177734375		643.5621948242188
2025-08-25  07:20:00	643.89	643.94	643.88	643.88	1432	8																				643.7316284179688		643.7935791015625		643.7284545898438		644.26953125		643.52978515625
2025-08-25  07:15:00	643.86	643.92	643.84	643.92	2011	19																				643.6945190429688		643.784912109375		643.7300415039062		644.3057250976562		643.4978637695312
2025-08-25  07:10:00	643.66	643.85	643.63	643.85	5070	42																				643.63818359375		643.7714233398438		643.7334594726562		644.340576171875		643.465576171875
2025-08-25  07:05:00	643.48	643.70	643.48	643.62	55778	344																				643.585205078125		643.7635498046875		643.740478515625		644.375732421875		643.4335327148438
2025-08-25  07:00:00	643.44	643.55	643.38	643.47	13828	97																				643.5764770507812		643.7778930664062		643.7539672851562		644.4155883789062		643.4015502929688
2025-08-25  06:55:00	643.52	643.58	643.43	643.43	1936	19																				643.6030883789062		643.8087158203125		643.7754516601562		644.456787109375		643.3714599609375
2025-08-25  06:50:00	643.56	643.56	643.50	643.54	800	8																				643.6463623046875		643.8465576171875		643.803955078125		644.494384765625		643.34130859375
2025-08-25  06:45:00	643.61	643.63	643.50	643.61	4840	34																				643.6729736328125		643.877197265625		643.8255615234375		644.5302124023438		643.3101806640625
2025-08-25  06:40:00	643.56	643.63	643.52	643.63	7448	46																				643.688720703125		643.9039306640625		643.8450317382812		644.5646362304688		643.2783813476562
2025-08-25  06:35:00	643.53	643.56	643.47	643.56	10116	56																				643.7034301757812		643.9313354492188		643.8699951171875		644.5999755859375		643.2463989257812
2025-08-25  06:30:00	643.50	643.53	643.37	643.51	23424	159																				643.7392578125		643.9684448242188		643.8985595703125		644.6365356445312		643.2134399414062
2025-08-25  06:25:00	643.61	643.64	643.45	643.46	4026	29																				643.7965698242188		644.0142822265625		643.9395751953125		644.6729736328125		643.181396484375
2025-08-25  06:20:00	643.75	643.76	643.70	643.70	5674	44																				643.8807373046875		644.0697021484375		643.9840087890625		644.7098999023438		643.1497802734375
2025-08-25  06:15:00	643.81	643.83	643.77	643.77	2400	22																				643.9259033203125		644.106689453125		644.0135498046875		644.740966796875		643.1170043945312
2025-08-25  06:10:00	643.93	643.94	643.87	643.88	3396	18																				643.96484375		644.140380859375		644.052490234375		644.7721557617188		643.0838623046875
2025-08-25  06:05:00	643.99	644.02	643.99	644.02	1200	12																				643.986083984375		644.1664428710938		644.0830078125		644.8003540039062		643.049560546875
2025-08-25  06:00:00	644.04	644.04	643.97	644.01	2437	16																				643.9776000976562		644.1810913085938		644.1075439453125		644.8269653320312		643.0146484375
2025-08-25  05:55:00	643.95	644.04	643.95	644.04	2104	14																				643.969482421875		644.1981811523438		644.1210327148438		644.8573608398438		642.9796752929688
2025-08-25  05:50:00	643.84	643.84	643.79	643.82	2740	20																				643.9518432617188		644.2139892578125		644.1370239257812		644.88720703125		642.9446411132812
2025-08-25  05:45:00	643.86	643.86	643.85	643.85	1084	4																				643.9848022460938		644.2533569335938		644.16650390625		644.9218139648438		642.9112548828125
2025-08-25  05:40:00	643.94	643.97	643.91	643.91	1938	12																				644.0184936523438		644.293701171875		644.1950073242188		644.9556884765625		642.8773193359375
2025-08-25  05:35:00	644.00	644.00	643.99	643.99	500	5																				644.0455932617188		644.3320922851562		644.2244873046875		644.9855346679688		642.8413696289062
2025-08-25  05:30:00	643.85	643.99	643.83	643.99	925	9																				644.0595092773438		644.3662719726562		644.2999877929688		645.0147094726562		642.8041381835938
2025-08-25  05:25:00	643.89	643.89	643.89	643.89	300	3																				644.076904296875		644.4039306640625		644.3734130859375		645.0408935546875		642.767822265625
2025-08-25  05:20:00	643.99	643.99	643.90	643.90	5100	44																				644.1235961914062		644.455322265625		644.4544677734375		645.0709228515625		642.73193359375
2025-08-25  05:15:00	644.00	644.04	643.98	644.00	7287	68																				644.1795043945312		644.5108642578125		644.5454711914062		645.0972900390625		642.696533203125
2025-08-25  05:10:00	643.97	643.97	643.92	643.97	1030	8																				644.224365234375		644.5619506835938		644.6314697265625		645.1232299804688		642.6595458984375
2025-08-25  05:05:00	644.12	644.12	644.00	644.00	4091	25																				644.2879638671875		644.6211547851562		644.71435546875		645.1517944335938		642.6221923828125
2025-08-25  05:00:00	644.10	644.13	644.01	644.13	3837	24																				644.3599853515625		644.6832885742188		644.79931640625		645.1793823242188		642.5823974609375
2025-08-25  04:55:00	644.23	644.25	644.13	644.13	1190	7																				644.41748046875		644.7385864257812		644.8758544921875		645.2041625976562		642.5394897460938
2025-08-25  04:50:00	644.37	644.37	644.33	644.33	400	3																				644.4893798828125		644.7994384765625		644.9498901367188		645.2299194335938		642.501708984375
2025-08-25  04:45:00	644.25	644.36	644.20	644.35	3567	20																				644.5292358398438		644.8463745117188		645.0178833007812		645.2543334960938		642.4623413085938
2025-08-25  04:40:00	644.53	644.53	644.29	644.29	600	6																				644.5740356445312		644.89599609375		645.0833740234375		645.2765502929688		642.42236328125
2025-08-25  04:35:00	644.53	644.55	644.53	644.55	500	5																				644.6450805664062		644.9566040039062		645.1493530273438		645.2991333007812		642.3822631835938
2025-08-25  04:30:00	644.51	644.55	644.49	644.49	1500	15																				644.6688842773438		644.9972534179688		645.202392578125		645.3191528320312		642.3409423828125
2025-08-25  04:25:00	644.50	644.51	644.50	644.51	300	3																				644.713623046875		645.0479736328125		645.25439453125		645.3363647460938		642.2994384765625
2025-08-25  04:20:00	644.32	644.35	644.23	644.28	1100	9																				644.7645263671875		645.1017456054688		645.2943725585938		645.3531494140625		642.2592163085938
2025-08-25  04:15:00	644.40	644.40	644.36	644.36	609	6																				644.8856811523438		645.1838989257812		645.3468627929688		645.3779907226562		642.2196655273438
2025-08-25  04:10:00	644.41	644.45	644.40	644.41	3943	30																				645.01708984375		645.2662963867188		645.3953857421875		645.39599609375		642.17919921875
2025-08-25  04:05:00	644.50	644.50	644.41	644.42	900	8																				645.1688842773438		645.3519287109375		645.4447631835938		645.4132080078125		642.1383056640625
2025-08-25  04:00:00	644.41	644.52	644.37	644.50	6679	51																				645.3560791015625		645.4451293945312		645.4932861328125		645.4285888671875		642.0977172851562
2025-08-22  19:55:00	645.46	645.55	645.44	645.50	4660	25																