 [ID0] SPY[M]  1 Min  #1			Formula Source Sheet #2.  Enter and modify formulas for this sheet on Sheet2																							[ID2] Time and Sales Total Ask Size Depth
Date Time	[ID0.SG1] Open	[ID0.SG2] High	[ID0.SG3] Low	[ID0.SG4] Last	[ID0.SG5] Volume	[ID0.SG6] # of Trades				K	L	M	N	O	P	Q	R	S	T	U	V	W	X	Y	Z	[ID2.SG1] Ask Size Depth
2025-08-27  17:04:00	645.52	645.52	645.52	645.52	577	2																				5
2025-08-27  17:03:00	645.53	645.70	645.50	645.69	4588	19																				5
2025-08-27  17:02:00	645.59	645.59	645.54	645.54	300	2																				5
2025-08-27  17:01:00	645.61	645.66	645.51	645.52	5784	18																				1
2025-08-27  17:00:00	645.46	645.46	645.46	645.46	100	1																				3
2025-08-27  16:59:00	645.60	645.68	645.55	645.68	25159	89																				3
2025-08-27  16:58:00	645.57	645.71	645.57	645.60	18012	65																				3
2025-08-27  16:57:00	645.54	645.62	645.54	645.59	11939	35																				3
2025-08-27  16:56:00	645.50	645.57	645.46	645.47	11577	33																				3
2025-08-27  16:55:00	645.43	645.56	645.39	645.39	45773	151		Bid (read-only):	645.510009765625																	3
2025-08-27  16:54:00	645.37	645.48	645.28	645.45	52734	236		Bid Size (read-only):	2																	3
2025-08-27  16:53:00	645.41	645.55	645.33	645.43	12459	70		Ask (read-only):	645.5999755859375																	1
2025-08-27  16:52:00	645.05	645.40	645.05	645.38	12770	101		Ask Size (read-only):	5																	2
2025-08-27  16:51:00	645.11	645.21	645.07	645.09	5853	43		Daily Open (read-only):	644.5700073242188																	16
2025-08-27  16:50:00	645.19	645.35	645.04	645.04	283406	1105		Daily High (read-only):	647.3699951171875																	16
2025-08-27  16:49:00	644.87	645.20	644.81	645.20	218647	811		Daily Low (read-only):	644.4199829101562																	16
2025-08-27  16:48:00	644.87	645.03	644.85	644.86	19931	79		Daily Price Change (read-only):	-1.1099853515625																	1
2025-08-27  16:47:00	644.93	644.97	644.83	644.86	6755	27		Daily Volume (read-only):	47955879																	1
2025-08-27  16:46:00	645.08	645.13	644.95	644.95	14317	77		Tick Size (read-only):	0.009999999776482582																	3
2025-08-27  16:45:00	645.01	645.24	645.01	645.11	40954	155																				3
2025-08-27  16:44:00	644.97	645.11	644.89	645.01	14857	60																				3
2025-08-27  16:43:00	644.98	645.11	644.92	644.94	28130	86																				3
2025-08-27  16:42:00	644.92	645.11	644.90	644.99	13844	61																				3
2025-08-27  16:41:00	645.19	645.19	644.91	644.91	1575	12																				2
2025-08-27  16:40:00	644.96	645.24	644.96	645.19	63526	259																				1
2025-08-27  16:39:00	645.08	645.20	644.94	644.94	11903	73																				2
2025-08-27  16:38:00	644.69	645.12	644.67	645.12	10640	53																				3
2025-08-27  16:37:00	645.20	645.20	644.73	644.73	11383	55		Number of Rows (read-only):	1000																	2
2025-08-27  16:36:00	645.32	645.50	645.20	645.22	6241	46																				1
2025-08-27  16:35:00	645.15	645.30	645.09	645.27	4458	23																				2
2025-08-27  16:34:00	644.70	645.04	644.62	645.04	15106	79																				3
2025-08-27  16:33:00	645.15	645.15	644.70	644.72	48212	150																				2
2025-08-27  16:32:00	645.57	645.57	645.18	645.18	14733	61																				1
2025-08-27  16:31:00	645.94	645.96	645.48	645.66	20214	76		Seconds Per Bar - Intraday (read-only):	60																	2
2025-08-27  16:30:00	645.86	645.86	645.46	645.73	33251	146		Number of Trades Per Bar - Intraday (read-only):	0																	3
2025-08-27  16:29:00	645.48	645.96	645.48	645.87	126416	328		Volume Per Bar - Intraday (read-only):	0																	1
2025-08-27  16:28:00	645.35	645.52	645.25	645.51	61559	161		Range in Ticks - Intraday (read-only):	0																	2
2025-08-27  16:27:00	645.40	645.43	645.08	645.43	19629	97		Symbol (read-only):	SPY																	3
2025-08-27  16:26:00	644.95	645.60	644.92	645.41	77211	261		Last Bar End DateTime (read-only):	2025-08-27  17:04:55																	1
2025-08-27  16:25:00	644.37	644.96	644.21	644.94	89615	267																				2
2025-08-27  16:24:00	644.20	644.72	644.07	644.47	155923	409																				3
2025-08-27  16:23:00	643.86	644.70	643.76	644.31	136115	352																				1
2025-08-27  16:22:00	643.24	644.46	643.15	644.02	91224	345																				2
2025-08-27  16:21:00	645.13	645.17	643.18	643.34	183972	540																				3
2025-08-27  16:20:00	646.64	647.64	645.21	645.31	23851	107																				2
2025-08-27  16:19:00	646.69	646.70	646.35	646.53	18417	49																				1
2025-08-27  16:18:00	646.65	646.72	646.63	646.68	21541	66																				2
2025-08-27  16:17:00	646.57	646.63	646.53	646.63	2496	12																				3
2025-08-27  16:16:00	646.60	646.60	646.51	646.60	3351	18																				1
2025-08-27  16:15:00	646.54	646.65	646.54	646.60	11814	38																				27
2025-08-27  16:14:00	646.50	646.56	646.45	646.53	24692	101																				27
2025-08-27  16:13:00	646.45	646.63	646.45	646.50	29310	75																				21
2025-08-27  16:12:00	646.47	646.54	646.42	646.45	14544	78																				24
2025-08-27  16:11:00	646.59	646.60	646.47	646.49	49737	185		Currency Value Per Tick (read-only):	0.009999999776482582																	25
2025-08-27  16:10:00	646.63	646.63	646.44	646.55	34692	171		Connected to Data Feed (read-only):	1																	17
2025-08-27  16:09:00	646.59	646.65	646.56	646.62	21341	87																				8
2025-08-27  16:08:00	646.51	646.65	646.51	646.59	64035	267																				16
2025-08-27  16:07:00	646.52	646.61	646.47	646.51	22490	84																				8
2025-08-27  16:06:00	646.39	646.59	646.39	646.53	38346	180																				1
2025-08-27  16:05:00	646.40	646.72	646.30	646.40	101077	264																				1
2025-08-27  16:04:00	646.48	646.49	646.38	646.39	29708	144																				1
2025-08-27  16:03:00	646.53	646.65	646.46	646.46	98081	396																				1
2025-08-27  16:02:00	646.64	646.64	646.48	646.52	79320	228																				1
2025-08-27  16:01:00	646.60	646.65	646.52	646.63	24529	110																				2
2025-08-27  16:00:00	646.61	646.71	646.48	646.61	1099990	756																				3
2025-08-27  15:59:00	647.13	647.23	646.60	646.62	1127949	5912																				3
2025-08-27  15:58:00	647.22	647.28	647.07	647.13	326098	2136																				3
2025-08-27  15:57:00	647.31	647.36	647.21	647.22	217909	1314																				3
2025-08-27  15:56:00	647.24	647.37	647.24	647.31	202685	1045																				3
2025-08-27  15:55:00	647.03	647.28	647.03	647.27	297149	1701																				3
2025-08-27  15:54:00	647.15	647.20	646.96	647.03	221047	1376																				3
2025-08-27  15:53:00	647.09	647.18	647.08	647.14	141104	893																				1
2025-08-27  15:52:00	647.17	647.19	647.05	647.09	176588	1084		Chart Start Time (read-only):	09:30:00																	1
2025-08-27  15:51:00	647.13	647.23	647.11	647.16	155919	944		Chart End Time (read-only):	16:00:00																	6
2025-08-27  15:50:00	647.10	647.36	647.10	647.14	342837	2228		Number of Bars (read-only):	18978																	8
2025-08-27  15:49:00	647.10	647.16	647.04	647.10	140003	854																				2
2025-08-27  15:48:00	647.07	647.13	647.01	647.10	67032	465																				2
2025-08-27  15:47:00	647.07	647.13	647.05	647.08	106495	640																				2
2025-08-27  15:46:00	647.16	647.18	647.04	647.08	118937	748																				2
2025-08-27  15:45:00	647.15	647.22	647.09	647.16	108020	618																				2
2025-08-27  15:44:00	647.14	647.18	647.14	647.14	74859	506																				2
2025-08-27  15:43:00	647.21	647.21	647.11	647.13	166087	1030																				3
2025-08-27  15:42:00	647.09	647.27	647.08	647.22	146739	795																				3
2025-08-27  15:41:00	647.07	647.10	647.04	647.09	59273	318																				2
2025-08-27  15:40:00	647.07	647.12	647.04	647.06	97214	631																				1
2025-08-27  15:39:00	647.06	647.09	647.02	647.06	70567	465																				3
2025-08-27  15:38:00	646.87	647.07	646.87	647.06	87677	569																				4
2025-08-27  15:37:00	646.89	646.91	646.82	646.87	60027	306																				1
2025-08-27  15:36:00	646.90	646.93	646.87	646.89	65578	422		Chart Number (read-only):	1																	2
2025-08-27  15:35:00	646.79	646.91	646.77	646.91	96111	588		Trade Account (read-only):	NewTestAccount1234																	1
2025-08-27  15:34:00	646.76	646.83	646.75	646.79	45361	340		Last Working Entry Order Date-Time (read-only):																		1
2025-08-27  15:33:00	646.70	646.77	646.70	646.77	57082	309		Last Working Entry Order Price (read-only):																		1
2025-08-27  15:32:00	646.72	646.77	646.68	646.71	48571	284		Last Working Exit Order Date-Time (read-only):																		1
2025-08-27  15:31:00	646.73	646.78	646.70	646.72	80275	540		Last Working Exit Order Price (read-only):																		1
2025-08-27  15:30:00	646.65	646.77	646.65	646.74	104419	677		Bar Period Type (read-only):	0																	1
2025-08-27  15:29:00	646.60	646.67	646.55	646.66	63689	459		Bar Parameter 1 (read-only):	60																	3
2025-08-27  15:28:00	646.58	646.66	646.52	646.60	58489	383		Bar Parameter 2 (read-only):	0																	1
2025-08-27  15:27:00	646.65	646.66	646.57	646.58	36840	251		Bar Parameter 3 (read-only):	0																	1
2025-08-27  15:26:00	646.71	646.72	646.63	646.65	39947	283		Bar Parameter 4 (read-only):	0																	1
2025-08-27  15:25:00	646.56	646.72	646.52	646.71	65936	409		Order Text Tag (write-only):																		3
2025-08-27  15:24:00	646.63	646.65	646.55	646.56	45139	335		All Symbols Daily Net Profit/Loss (read-only):																		1
2025-08-27  15:23:00	646.60	646.66	646.57	646.63	41039	311		All Symbols Cumulative Net Profit/Loss (read-only):																		3
2025-08-27  15:22:00	646.46	646.61	646.46	646.60	68248	431		All Symbols Cumulative Profit/Loss (read-only):																		3
2025-08-27  15:21:00	646.58	646.60	646.39	646.45	68981	432		Use Order Fill Calculated Position (read-only):	0																	3
2025-08-27  15:20:00	646.61	646.66	646.55	646.59	84413	486																				3
2025-08-27  15:19:00	646.54	646.65	646.52	646.61	146969	917																				3
2025-08-27  15:18:00	646.40	646.57	646.40	646.54	129772	788																				3
2025-08-27  15:17:00	646.42	646.49	646.31	646.41	104599	595																				1
2025-08-27  15:16:00	646.41	646.47	646.30	646.42	175146	1098																				1
2025-08-27  15:15:00	646.13	646.42	646.10	646.41	210855	1305																				1
2025-08-27  15:14:00	646.32	646.34	646.06	646.12	187947	1245																				1
2025-08-27  15:13:00	646.01	646.39	645.82	646.31	357492	2169																				1
2025-08-27  15:12:00	646.63	646.66	645.99	646.02	380870	2571																				1
2025-08-27  15:11:00	646.78	646.78	646.59	646.63	132346	750																				1
2025-08-27  15:10:00	646.83	646.84	646.73	646.78	98766	636																				1
2025-08-27  15:09:00	646.82	646.90	646.79	646.85	77567	496																				1
2025-08-27  15:08:00	646.82	646.89	646.79	646.82	60232	382																				1
2025-08-27  15:07:00	646.90	646.94	646.82	646.82	92228	576																				1
2025-08-27  15:06:00	646.92	646.92	646.85	646.91	90794	596																				1
2025-08-27  15:05:00	646.93	646.95	646.88	646.91	41266	301																				1
2025-08-27  15:04:00	646.96	646.97	646.91	646.93	48740	322																				1
2025-08-27  15:03:00	646.97	646.99	646.96	646.96	33366	222																				1
2025-08-27  15:02:00	646.92	646.99	646.91	646.97	65482	434																				1
2025-08-27  15:01:00	646.92	646.98	646.85	646.91	121248	860																				1
2025-08-27  15:00:00	647.03	647.06	646.91	646.91	131486	805																				1
2025-08-27  14:59:00	647.10	647.10	647.01	647.04	37500	262																				1
2025-08-27  14:58:00	647.03	647.10	647.01	647.10	29251	197																				1
2025-08-27  14:57:00	647.03	647.10	647.02	647.03	41317	282																				1
2025-08-27  14:56:00	647.09	647.10	647.03	647.03	102921	616																				1
2025-08-27  14:55:00	647.10	647.18	647.08	647.09	76480	491																				1
2025-08-27  14:54:00	647.11	647.14	647.09	647.11	61272	333																				1
2025-08-27  14:53:00	647.18	647.18	647.09	647.12	49501	322																				1
2025-08-27  14:52:00	647.22	647.23	647.13	647.17	57037	382																				1
2025-08-27  14:51:00	647.22	647.28	647.22	647.22	53364	273																				1
2025-08-27  14:50:00	647.21	647.29	647.21	647.22	49800	352																				1
2025-08-27  14:49:00	647.27	647.27	647.20	647.20	53392	325																				1
2025-08-27  14:48:00	647.24	647.28	647.22	647.27	42024	275																				1
2025-08-27  14:47:00	647.24	647.26	647.20	647.24	56025	382																				1
2025-08-27  14:46:00	647.24	647.29	647.21	647.24	49500	351																				1
2025-08-27  14:45:00	647.18	647.31	647.17	647.25	66197	461																				1
2025-08-27  14:44:00	647.15	647.21	647.15	647.18	92909	331																				1
2025-08-27  14:43:00	647.19	647.19	647.14	647.15	59302	395																				1
2025-08-27  14:42:00	647.16	647.24	647.15	647.19	53161	319																				3
2025-08-27  14:41:00	647.18	647.18	647.15	647.16	47810	301																				3
2025-08-27  14:40:00	647.20	647.22	647.16	647.18	29246	220																				3
2025-08-27  14:39:00	647.22	647.22	647.18	647.21	26320	183																				3
2025-08-27  14:38:00	647.15	647.24	647.15	647.23	44809	317																				3
2025-08-27  14:37:00	647.20	647.20	647.15	647.15	35323	249																				3
2025-08-27  14:36:00	647.22	647.28	647.19	647.19	63846	397																				1
2025-08-27  14:35:00	647.20	647.28	647.19	647.22	56044	398																				2
2025-08-27  14:34:00	647.23	647.24	647.20	647.20	23080	191																				3
2025-08-27  14:33:00	647.22	647.31	647.22	647.23	32268	212																				3
2025-08-27  14:32:00	647.22	647.23	647.21	647.22	21921	157																				10
2025-08-27  14:31:00	647.24	647.24	647.15	647.22	53031	413																				17
2025-08-27  14:30:00	647.25	647.30	647.22	647.25	46054	305																				18
2025-08-27  14:29:00	647.26	647.29	647.24	647.26	54970	340																				18
2025-08-27  14:28:00	647.34	647.34	647.26	647.26	37170	266																				18
2025-08-27  14:27:00	647.27	647.35	647.26	647.34	41372	307																				18
2025-08-27  14:26:00	647.25	647.30	647.24	647.28	34157	222																				18
2025-08-27  14:25:00	647.31	647.31	647.21	647.26	34287	229																				18
2025-08-27  14:24:00	647.33	647.33	647.27	647.32	39767	248																				18
2025-08-27  14:23:00	647.13	647.34	647.13	647.33	93936	495																				18
2025-08-27  14:22:00	647.15	647.16	647.12	647.13	43763	215																				11
2025-08-27  14:21:00	647.14	647.16	647.06	647.15	62559	383																				8
2025-08-27  14:20:00	647.12	647.20	647.11	647.15	63039	473																				16
2025-08-27  14:19:00	647.18	647.22	647.13	647.13	96331	601																				20
2025-08-27  14:18:00	647.25	647.26	647.17	647.18	61915	352																				20
2025-08-27  14:17:00	647.33	647.33	647.16	647.25	130758	785																				1
2025-08-27  14:16:00	647.20	647.35	647.20	647.33	100595	630																				20
2025-08-27  14:15:00	647.19	647.27	647.18	647.20	79354	540																				20
2025-08-27  14:14:00	647.02	647.30	647.02	647.18	184059	1180																				20
2025-08-27  14:13:00	646.85	647.05	646.82	647.02	183818	1028																				1
2025-08-27  14:12:00	646.79	646.86	646.76	646.86	59929	321																				1
2025-08-27  14:11:00	646.78	646.82	646.78	646.79	58807	345																				20
2025-08-27  14:10:00	646.72	646.81	646.72	646.78	50592	331																				20
2025-08-27  14:09:00	646.73	646.76	646.70	646.72	27165	192																				20
2025-08-27  14:08:00	646.75	646.80	646.72	646.74	70292	396																				20
2025-08-27  14:07:00	646.64	646.77	646.61	646.77	47023	309																				20
2025-08-27  14:06:00	646.62	646.65	646.59	646.63	29256	205																				20
2025-08-27  14:05:00	646.64	646.67	646.58	646.63	62238	397																				20
2025-08-27  14:04:00	646.70	646.71	646.61	646.64	91103	482																				1
2025-08-27  14:03:00	646.70	646.73	646.65	646.70	114123	743																				1
2025-08-27  14:02:00	646.73	646.78	646.69	646.70	47332	233																				20
2025-08-27  14:01:00	646.71	646.76	646.68	646.74	76870	434																				20
2025-08-27  14:00:00	646.76	646.81	646.70	646.71	57286	343																				20
2025-08-27  13:59:00	646.82	646.82	646.74	646.76	24074	171																				20
2025-08-27  13:58:00	646.73	646.82	646.73	646.82	58910	345																				20
2025-08-27  13:57:00	646.64	646.74	646.63	646.73	36036	273																				20
2025-08-27  13:56:00	646.66	646.69	646.62	646.64	33634	207																				20
2025-08-27  13:55:00	646.71	646.71	646.64	646.65	35338	261																				20
2025-08-27  13:54:00	646.71	646.73	646.67	646.71	29317	188																				20
2025-08-27  13:53:00	646.73	646.75	646.70	646.70	32952	206																				20
2025-08-27  13:52:00	646.72	646.76	646.70	646.73	38968	298																				20
2025-08-27  13:51:00	646.59	646.73	646.59	646.72	35674	263																				20
2025-08-27  13:50:00	646.62	646.63	646.58	646.59	23119	176																				20
2025-08-27  13:49:00	646.62	646.65	646.60	646.63	16070	120																				20
2025-08-27  13:48:00	646.60	646.63	646.53	646.63	35205	246																				20
2025-08-27  13:47:00	646.66	646.66	646.58	646.61	46861	307																				20
2025-08-27  13:46:00	646.62	646.71	646.62	646.67	46479	296																				20
2025-08-27  13:45:00	646.63	646.66	646.61	646.63	35051	239																				20
2025-08-27  13:44:00	646.68	646.70	646.64	646.65	24455	145																				20
2025-08-27  13:43:00	646.57	646.69	646.57	646.69	29177	190																				20
2025-08-27  13:42:00	646.63	646.66	646.57	646.58	31011	177																				20
2025-08-27  13:41:00	646.63	646.64	646.59	646.63	22330	119																				20
2025-08-27  13:40:00	646.66	646.71	646.61	646.63	59542	302																				20
2025-08-27  13:39:00	646.62	646.68	646.62	646.64	41143	240																				20
2025-08-27  13:38:00	646.59	646.63	646.57	646.62	30792	191																				3
2025-08-27  13:37:00	646.59	646.67	646.57	646.59	41907	239																				6
2025-08-27  13:36:00	646.62	646.63	646.58	646.59	23717	192																				3
2025-08-27  13:35:00	646.55	646.67	646.51	646.63	131675	681																				3
2025-08-27  13:34:00	646.58	646.60	646.53	646.54	28863	145																				22
2025-08-27  13:33:00	646.59	646.61	646.56	646.58	19326	159																				20
2025-08-27  13:32:00	646.60	646.64	646.56	646.59	28179	170																				3
2025-08-27  13:31:00	646.48	646.63	646.48	646.60	69006	401																				3
2025-08-27  13:30:00	646.45	646.57	646.44	646.47	63759	395																				6
2025-08-27  13:29:00	646.44	646.47	646.42	646.45	99792	505																				3
2025-08-27  13:28:00	646.44	646.51	646.41	646.44	38268	222																				22
2025-08-27  13:27:00	646.39	646.45	646.36	646.44	53943	280																				22
2025-08-27  13:26:00	646.37	646.43	646.36	646.40	30731	248																				20
2025-08-27  13:25:00	646.42	646.44	646.34	646.37	33443	230																				20
2025-08-27  13:24:00	646.40	646.46	646.40	646.42	55518	353																				20
2025-08-27  13:23:00	646.38	646.44	646.37	646.40	42797	215																				20
2025-08-27  13:22:00	646.29	646.39	646.22	646.37	41482	329																				20
2025-08-27  13:21:00	646.27	646.36	646.25	646.29	36235	295																				20
2025-08-27  13:20:00	646.36	646.43	646.27	646.27	55918	380																				20
2025-08-27  13:19:00	646.41	646.43	646.35	646.36	30650	199																				20
2025-08-27  13:18:00	646.33	646.42	646.30	646.42	31632	273																				20
2025-08-27  13:17:00	646.36	646.41	646.33	646.33	29394	253																				20
2025-08-27  13:16:00	646.39	646.40	646.32	646.36	52319	345																				20
2025-08-27  13:15:00	646.48	646.51	646.35	646.39	50264	331																				2
2025-08-27  13:14:00	646.48	646.55	646.47	646.49	58788	300																				2
2025-08-27  13:13:00	646.46	646.52	646.42	646.48	97188	519																				2
2025-08-27  13:12:00	646.46	646.48	646.41	646.45	85591	360																				2
2025-08-27  13:11:00	646.46	646.48	646.40	646.47	45638	294																				2
2025-08-27  13:10:00	646.42	646.48	646.40	646.47	48259	265																				2
2025-08-27  13:09:00	646.42	646.45	646.37	646.45	38553	285																				2
2025-08-27  13:08:00	646.39	646.43	646.36	646.41	31076	213																				2
2025-08-27  13:07:00	646.38	646.41	646.32	646.39	57830	366																				2
2025-08-27  13:06:00	646.41	646.42	646.34	646.36	65036	340																				2
2025-08-27  13:05:00	646.36	646.41	646.29	646.41	39412	310																				20
2025-08-27  13:04:00	646.29	646.39	646.28	646.36	49842	376																				2
2025-08-27  13:03:00	646.20	646.37	646.18	646.28	61064	462																				20
2025-08-27  13:02:00	646.23	646.24	646.05	646.19	39822	267																				2
2025-08-27  13:01:00	646.10	646.27	646.10	646.26	27979	135																				20
2025-08-27  13:00:00	646.29	646.32	646.04	646.08	87012	529																				20
2025-08-27  12:59:00	646.40	646.43	646.29	646.30	78800	553																				20
2025-08-27  12:58:00	646.42	646.49	646.39	646.39	122247	660																				20
2025-08-27  12:57:00	646.48	646.48	646.36	646.42	77155	517																				20
2025-08-27  12:56:00	646.36	646.53	646.36	646.48	69878	479																				12
2025-08-27  12:55:00	646.47	646.48	646.28	646.35	75166	502																				4
2025-08-27  12:54:00	646.42	646.49	646.41	646.47	54158	322																				4
2025-08-27  12:53:00	646.39	646.45	646.35	646.41	52766	376																				4
2025-08-27  12:52:00	646.34	646.44	646.30	646.38	46207	349																				4
2025-08-27  12:51:00	646.30	646.39	646.28	646.34	99214	467																				4
2025-08-27  12:50:00	646.24	646.32	646.22	646.30	167572	855																				4
2025-08-27  12:49:00	646.15	646.26	646.12	646.25	92870	544																				4
2025-08-27  12:48:00	646.11	646.17	646.09	646.14	49850	311																				4
2025-08-27  12:47:00	645.91	646.14	645.90	646.13	84008	669																				3
2025-08-27  12:46:00	645.85	645.92	645.82	645.91	33298	275																				3
2025-08-27  12:45:00	645.78	645.86	645.74	645.85	64935	420																				3
2025-08-27  12:44:00	645.97	645.97	645.79	645.79	40523	317																				3
2025-08-27  12:43:00	645.94	645.97	645.91	645.97	46974	332																				3
2025-08-27  12:42:00	645.94	645.98	645.92	645.95	38329	278																				3
2025-08-27  12:41:00	645.80	645.96	645.79	645.95	42651	324																				3
2025-08-27  12:40:00	645.82	645.88	645.75	645.80	30744	235																				3
2025-08-27  12:39:00	645.59	645.83	645.58	645.83	37062	300																				4
2025-08-27  12:38:00	645.59	645.63	645.57	645.58	25991	226																				3
2025-08-27  12:37:00	645.73	645.77	645.38	645.60	135645	962																				4
2025-08-27  12:36:00	645.96	645.96	645.72	645.72	37912	248																				3
2025-08-27  12:35:00	645.86	645.98	645.84	645.95	38062	238																				3
2025-08-27  12:34:00	645.88	645.89	645.82	645.86	26740	174																				3
2025-08-27  12:33:00	645.93	645.93	645.75	645.87	65285	499																				3
2025-08-27  12:32:00	645.92	645.95	645.89	645.92	40952	301																				3
2025-08-27  12:31:00	645.94	646.05	645.90	645.91	70050	513																				3
2025-08-27  12:30:00	645.96	645.98	645.85	645.95	65471	513																				3
2025-08-27  12:29:00	645.78	645.97	645.76	645.96	113093	872																				3
2025-08-27  12:28:00	645.51	645.78	645.50	645.78	148877	1001																				3
2025-08-27  12:27:00	645.62	645.72	645.48	645.51	154094	1055																				3
2025-08-27  12:26:00	645.75	645.76	645.56	645.63	203255	1340																				3
2025-08-27  12:25:00	645.85	645.91	645.74	645.75	160470	983																				3
2025-08-27  12:24:00	646.00	646.07	645.78	645.83	77362	522																				3
2025-08-27  12:23:00	645.98	646.05	645.93	646.02	68718	425																				3
2025-08-27  12:22:00	646.14	646.15	645.91	645.99	81104	392																				3
2025-08-27  12:21:00	646.10	646.22	646.08	646.16	62718	440																				3
2025-08-27  12:20:00	646.28	646.29	646.07	646.09	70785	434																				3
2025-08-27  12:19:00	646.38	646.38	646.27	646.27	27594	180																				5
2025-08-27  12:18:00	646.32	646.40	646.29	646.38	29250	219																				3
2025-08-27  12:17:00	646.40	646.42	646.29	646.32	37985	259																				3
2025-08-27  12:16:00	646.40	646.41	646.33	646.41	18588	142																				3
2025-08-27  12:15:00	646.44	646.46	646.37	646.40	40563	208																				3
2025-08-27  12:14:00	646.40	646.48	646.40	646.45	29292	209																				3
2025-08-27  12:13:00	646.52	646.56	646.38	646.41	49761	311																				3
2025-08-27  12:12:00	646.53	646.55	646.49	646.52	26061	168																				3
2025-08-27  12:11:00	646.54	646.56	646.52	646.53	6080	56																				3
2025-08-27  12:10:00	646.57	646.57	646.50	646.54	21737	166																				3
2025-08-27  12:09:00	646.60	646.60	646.54	646.57	27710	186																				3
2025-08-27  12:08:00	646.55	646.60	646.52	646.60	28361	192																				3
2025-08-27  12:07:00	646.52	646.60	646.51	646.55	21357	144																				3
2025-08-27  12:06:00	646.51	646.57	646.47	646.53	29209	233																				5
2025-08-27  12:05:00	646.51	646.53	646.46	646.51	19482	142																				3
2025-08-27  12:04:00	646.51	646.56	646.50	646.53	15181	122																				4
2025-08-27  12:03:00	646.52	646.56	646.47	646.51	18312	149																				4
2025-08-27  12:02:00	646.52	646.53	646.47	646.53	19377	149																				3
2025-08-27  12:01:00	646.53	646.58	646.51	646.52	21266	125																				5
2025-08-27  12:00:00	646.55	646.57	646.50	646.52	44796	328																				3
2025-08-27  11:59:00	646.63	646.63	646.52	646.54	51499	352																				3
2025-08-27  11:58:00	646.64	646.68	646.61	646.63	119627	560																				3
2025-08-27  11:57:00	646.67	646.67	646.60	646.64	34158	273																				5
2025-08-27  11:56:00	646.57	646.68	646.57	646.67	52470	389																				3
2025-08-27  11:55:00	646.53	646.59	646.51	646.58	23309	133																				6
2025-08-27  11:54:00	646.60	646.60	646.50	646.53	27179	183																				3
2025-08-27  11:53:00	646.53	646.61	646.53	646.60	24934	155																				3
2025-08-27  11:52:00	646.52	646.57	646.50	646.52	36154	217																				4
2025-08-27  11:51:00	646.54	646.56	646.51	646.53	46056	279																				3
2025-08-27  11:50:00	646.61	646.69	646.55	646.55	58943	395																				5
2025-08-27  11:49:00	646.61	646.65	646.58	646.61	68163	445																				3
2025-08-27  11:48:00	646.50	646.64	646.47	646.62	78662	506																				3
2025-08-27  11:47:00	646.31	646.57	646.29	646.50	83987	522																				3
2025-08-27  11:46:00	646.33	646.34	646.28	646.30	17297	142																				6
2025-08-27  11:45:00	646.31	646.39	646.31	646.33	41897	296																				3
2025-08-27  11:44:00	646.32	646.33	646.23	646.32	48357	317																				5
2025-08-27  11:43:00	646.26	646.35	646.26	646.32	39184	244																				3
2025-08-27  11:42:00	646.22	646.31	646.22	646.26	33121	246																				3
2025-08-27  11:41:00	646.21	646.28	646.14	646.22	79925	525																				3
2025-08-27  11:40:00	646.51	646.51	645.91	646.20	306772	2070																				5
2025-08-27  11:39:00	646.40	646.53	646.40	646.51	66708	368																				3
2025-08-27  11:38:00	646.34	646.41	646.34	646.40	28706	178																				3
2025-08-27  11:37:00	646.35	646.41	646.30	646.34	28073	190																				3
2025-08-27  11:36:00	646.36	646.39	646.34	646.35	29744	192																				5
2025-08-27  11:35:00	646.34	646.36	646.31	646.35	32354	192																				3
2025-08-27  11:34:00	646.32	646.39	646.30	646.36	33465	248																				5
2025-08-27  11:33:00	646.14	646.34	646.13	646.33	42960	289																				3
2025-08-27  11:32:00	646.35	646.35	646.11	646.14	63997	440																				3
2025-08-27  11:31:00	646.39	646.41	646.32	646.34	35197	253																				5
2025-08-27  11:30:00	646.30	646.38	646.24	646.37	48812	353																				3
2025-08-27  11:29:00	646.27	646.31	646.26	646.30	33196	274																				5
2025-08-27  11:28:00	646.26	646.32	646.26	646.28	46050	327																				3
2025-08-27  11:27:00	646.34	646.37	646.25	646.25	56544	390																				3
2025-08-27  11:26:00	646.34	646.41	646.33	646.36	29531	232																				3
2025-08-27  11:25:00	646.49	646.49	646.32	646.34	93824	600																				3
2025-08-27  11:24:00	646.52	646.54	646.46	646.51	48448	285																				3
2025-08-27  11:23:00	646.52	646.54	646.49	646.53	45401	268																				3
2025-08-27  11:22:00	646.37	646.54	646.37	646.52	87529	546																				3
2025-08-27  11:21:00	646.38	646.41	646.33	646.37	89322	465																				3
2025-08-27  11:20:00	646.34	646.42	646.33	646.39	40884	249																				3
2025-08-27  11:19:00	646.40	646.42	646.31	646.34	32383	204																				3
2025-08-27  11:18:00	646.44	646.45	646.36	646.40	45409	288																				3
2025-08-27  11:17:00	646.42	646.48	646.41	646.43	44754	294																				3
2025-08-27  11:16:00	646.40	646.43	646.36	646.42	62746	408																				3
2025-08-27  11:15:00	646.38	646.42	646.30	646.41	38739	263																				3
2025-08-27  11:14:00	646.33	646.39	646.32	646.39	34491	239																				3
2025-08-27  11:13:00	646.32	646.37	646.30	646.33	23672	197																				4
2025-08-27  11:12:00	646.43	646.43	646.29	646.30	50831	335																				4
2025-08-27  11:11:00	646.41	646.49	646.40	646.43	36528	289																				1
2025-08-27  11:10:00	646.39	646.49	646.39	646.40	53067	348																				4
2025-08-27  11:09:00	646.32	646.42	646.28	646.39	67949	369																				1
2025-08-27  11:08:00	646.30	646.38	646.29	646.32	26576	201																				1
2025-08-27  11:07:00	646.33	646.37	646.28	646.30	49161	355																				4
2025-08-27  11:06:00	646.20	646.41	646.19	646.35	137593	978																				3
2025-08-27  11:05:00	646.22	646.27	646.18	646.20	54472	353																				3
2025-08-27  11:04:00	646.27	646.29	646.21	646.21	25252	203																				3
2025-08-27  11:03:00	646.36	646.37	646.26	646.26	37241	289																				3
2025-08-27  11:02:00	646.32	646.34	646.28	646.34	38787	282																				3
2025-08-27  11:01:00	646.30	646.40	646.30	646.32	44269	300																				2
2025-08-27  11:00:00	646.19	646.32	646.19	646.29	82524	500																				2
2025-08-27  10:59:00	646.19	646.23	646.18	646.18	37344	261																				2
2025-08-27  10:58:00	646.23	646.30	646.18	646.20	48564	302																				3
2025-08-27  10:57:00	646.36	646.36	646.22	646.22	40438	267																				3
2025-08-27  10:56:00	646.25	646.41	646.24	646.37	58894	391																				3
2025-08-27  10:55:00	646.27	646.28	646.21	646.24	77635	599																				5
2025-08-27  10:54:00	646.25	646.28	646.24	646.26	41083	235																				5
2025-08-27  10:53:00	646.13	646.30	646.11	646.26	59215	428																				3
2025-08-27  10:52:00	646.05	646.13	646.02	646.13	51407	376																				3
2025-08-27  10:51:00	646.15	646.15	646.04	646.05	26302	201																				3
2025-08-27  10:50:00	646.09	646.20	646.04	646.16	48825	404																				3
2025-08-27  10:49:00	645.97	646.10	645.95	646.10	50185	396																				3
2025-08-27  10:48:00	645.97	646.01	645.93	645.97	42078	334																				2
2025-08-27  10:47:00	645.85	646.07	645.83	645.97	69272	497																				3
2025-08-27  10:46:00	645.82	645.97	645.77	645.86	79331	574																				5
2025-08-27  10:45:00	646.09	646.13	645.75	645.81	166519	1114																				3
2025-08-27  10:44:00	646.16	646.17	646.06	646.09	47974	390																				3
2025-08-27  10:43:00	646.21	646.23	646.08	646.16	50656	379																				3
2025-08-27  10:42:00	646.09	646.23	646.08	646.21	117980	671																				3
2025-08-27  10:41:00	646.16	646.22	646.09	646.10	45772	351																				3
2025-08-27  10:40:00	646.18	646.25	646.13	646.15	102842	626																				5
2025-08-27  10:39:00	646.19	646.22	646.16	646.19	69201	384																				3
2025-08-27  10:38:00	646.16	646.25	646.13	646.19	59722	425																				3
2025-08-27  10:37:00	646.27	646.29	646.13	646.16	56799	389																				3
2025-08-27  10:36:00	646.35	646.35	646.25	646.27	50564	345																				3
2025-08-27  10:35:00	646.34	646.38	646.23	646.36	64296	441																				3
2025-08-27  10:34:00	646.39	646.39	646.30	646.34	58371	371																				3
2025-08-27  10:33:00	646.24	646.41	646.20	646.38	160103	940																				3
2025-08-27  10:32:00	646.27	646.28	646.12	646.23	123713	767																				3
2025-08-27  10:31:00	646.24	646.30	646.20	646.28	78332	486																				3
2025-08-27  10:30:00	646.11	646.25	646.04	646.23	62470	394																				2
2025-08-27  10:29:00	646.06	646.12	646.02	646.12	80377	435																				3
2025-08-27  10:28:00	646.16	646.18	646.05	646.08	70671	439																				5
2025-08-27  10:27:00	646.24	646.26	646.13	646.16	80175	462																				5
2025-08-27  10:26:00	646.21	646.29	646.17	646.23	60439	373																				5
2025-08-27  10:25:00	646.22	646.25	646.18	646.19	52955	361																				5
2025-08-27  10:24:00	646.08	646.23	646.06	646.22	79527	488																				3
2025-08-27  10:23:00	646.18	646.19	645.99	646.08	147676	939																				3
2025-08-27  10:22:00	646.24	646.27	646.17	646.19	74285	492																				3
2025-08-27  10:21:00	646.29	646.34	646.22	646.23	134664	936																				3
2025-08-27  10:20:00	646.23	646.33	646.16	646.28	153027	1043																				3
2025-08-27  10:19:00	645.90	646.26	645.88	646.22	208848	1249																				3
2025-08-27  10:18:00	645.90	645.93	645.85	645.90	55203	454																				3
2025-08-27  10:17:00	645.95	645.97	645.84	645.90	90898	669																				3
2025-08-27  10:16:00	645.94	646.02	645.91	645.94	156289	1027																				3
2025-08-27  10:15:00	645.84	645.97	645.83	645.94	129916	763																				3
2025-08-27  10:14:00	645.84	645.87	645.79	645.84	99269	645																				3
2025-08-27  10:13:00	645.68	645.84	645.67	645.84	122778	827																				3
2025-08-27  10:12:00	645.65	645.70	645.57	645.68	59100	413																				3
2025-08-27  10:11:00	645.65	645.67	645.57	645.66	67633	468																				5
2025-08-27  10:10:00	645.66	645.68	645.55	645.65	96678	589																				3
2025-08-27  10:09:00	645.64	645.70	645.61	645.66	70144	455																				3
2025-08-27  10:08:00	645.57	645.70	645.54	645.65	69196	476																				3
2025-08-27  10:07:00	645.59	645.71	645.56	645.57	80308	582																				3
2025-08-27  10:06:00	645.57	645.62	645.49	645.58	61078	491																				3
2025-08-27  10:05:00	645.38	645.56	645.31	645.54	102512	698																				3
2025-08-27  10:04:00	645.31	645.40	645.29	645.39	89308	637																				3
2025-08-27  10:03:00	645.55	645.62	645.27	645.30	199872	1272																				3
2025-08-27  10:02:00	645.38	645.56	645.33	645.56	73638	528																				3
2025-08-27  10:01:00	645.37	645.43	645.29	645.37	72993	543																				3
2025-08-27  10:00:00	645.35	645.46	645.26	645.38	143910	1030																				3
2025-08-27  09:59:00	645.19	645.36	645.16	645.35	91055	712																				3
2025-08-27  09:58:00	645.25	645.29	645.19	645.19	52888	398																				5
2025-08-27  09:57:00	645.12	645.27	645.08	645.26	70305	583																				3
2025-08-27  09:56:00	645.14	645.22	645.03	645.12	121664	854																				5
2025-08-27  09:55:00	645.39	645.42	645.09	645.13	112270	800																				3
2025-08-27  09:54:00	645.19	645.44	645.16	645.40	150536	1015																				3
2025-08-27  09:53:00	645.00	645.20	644.94	645.18	95970	662																				3
2025-08-27  09:52:00	644.92	645.03	644.86	645.01	80627	580																				3
2025-08-27  09:51:00	644.96	644.96	644.82	644.91	85364	628																				4
2025-08-27  09:50:00	644.94	645.06	644.86	644.98	151666	1095																				2
2025-08-27  09:49:00	645.02	645.12	644.81	644.92	214596	1210																				2
2025-08-27  09:48:00	645.33	645.40	644.93	645.01	212052	1518																				2
2025-08-27  09:47:00	645.19	645.38	645.14	645.33	123768	992																				2
2025-08-27  09:46:00	645.13	645.25	645.04	645.19	147481	1075																				2
2025-08-27  09:45:00	645.39	645.40	645.02	645.14	143527	1092																				2
2025-08-27  09:44:00	645.32	645.53	645.30	645.36	168298	1049																				2
2025-08-27  09:43:00	645.28	645.34	645.15	645.32	116420	853																				2
2025-08-27  09:42:00	645.29	645.38	645.04	645.27	171611	1271																				2
2025-08-27  09:41:00	645.33	645.47	645.27	645.27	110289	757																				2
2025-08-27  09:40:00	645.34	645.39	645.22	645.34	109788	835																				3
2025-08-27  09:39:00	645.26	645.45	645.11	645.35	185403	1260																				3
2025-08-27  09:38:00	645.27	645.32	645.14	645.25	134313	1004																				3
2025-08-27  09:37:00	645.18	645.38	645.09	645.26	110031	817																				3
2025-08-27  09:36:00	644.93	645.20	644.89	645.19	147350	1108																				3
2025-08-27  09:35:00	645.06	645.19	644.93	644.93	126378	912																				3
2025-08-27  09:34:00	644.90	645.13	644.89	645.06	78890	543																				5
2025-08-27  09:33:00	645.06	645.09	644.88	644.90	100577	766																				3
2025-08-27  09:32:00	645.04	645.09	644.84	645.06	145490	1038																				3
2025-08-27  09:31:00	644.48	645.03	644.42	645.02	128267	1010																				7
2025-08-27  09:30:00	644.57	644.77	644.49	644.49	459958	2352																				5
2025-08-27  09:29:00	644.57	644.57	644.57	644.57	1104	6																				2
2025-08-27  09:28:00	644.69	644.82	644.57	644.57	13904	45																				2
2025-08-27  09:27:00	644.78	644.81	644.72	644.74	5198	35																				2
2025-08-27  09:26:00	644.80	644.82	644.74	644.80	1805	16																				1
2025-08-27  09:25:00	644.79	644.88	644.76	644.76	2841	20																				3
2025-08-27  09:24:00	644.81	644.83	644.76	644.82	2305	13																				2
2025-08-27  09:23:00	644.80	644.85	644.80	644.81	1100	9																				1
2025-08-27  09:22:00	644.76	644.80	644.69	644.80	6742	21																				3
2025-08-27  09:21:00	644.81	644.81	644.74	644.77	3454	23																				3
2025-08-27  09:20:00	644.85	644.85	644.81	644.81	1807	13																				3
2025-08-27  09:19:00	644.83	644.88	644.81	644.85	2862	16																				3
2025-08-27  09:18:00	644.90	644.90	644.82	644.87	3765	20																				3
2025-08-27  09:17:00	644.85	644.92	644.82	644.92	3188	18																				3
2025-08-27  09:16:00	644.85	644.86	644.81	644.82	2150	11																				3
2025-08-27  09:15:00	645.00	645.02	644.82	644.82	7050	23																				3
2025-08-27  09:14:00	645.00	645.03	645.00	645.00	1837	10																				3
2025-08-27  09:13:00	645.00	645.03	644.93	645.00	7965	30																				3
2025-08-27  09:12:00	645.00	645.04	644.96	645.04	2908	16																				3
2025-08-27  09:11:00	645.02	645.03	644.94	644.94	19026	51																				3
2025-08-27  09:10:00	644.89	644.94	644.85	644.94	2702	20																				3
2025-08-27  09:09:00	644.82	644.97	644.77	644.87	7776	37																				2
2025-08-27  09:08:00	644.83	644.87	644.75	644.78	5931	27																				1
2025-08-27  09:07:00	644.93	644.93	644.81	644.81	8451	39																				1
2025-08-27  09:06:00	644.96	644.99	644.86	644.86	7601	38																				1
2025-08-27  09:05:00	644.98	645.08	644.95	645.00	7814	36																				1
2025-08-27  09:04:00	645.09	645.10	645.00	645.00	4636	16																				1
2025-08-27  09:03:00	645.26	645.26	645.04	645.08	4481	29																				1
2025-08-27  09:02:00	645.24	645.24	645.20	645.20	808	3																				1
2025-08-27  09:01:00	645.25	645.26	645.23	645.23	1809	9																				1
2025-08-27  09:00:00	645.23	645.26	645.23	645.26	200	2																				1
2025-08-27  08:59:00	645.25	645.26	645.23	645.26	1000	6																				1
2025-08-27  08:58:00	645.22	645.25	645.22	645.25	5632	28																				2
2025-08-27  08:56:00	645.21	645.21	645.11	645.11	1000	5																				2
2025-08-27  08:55:00	645.19	645.22	645.19	645.22	344	2																				2
2025-08-27  08:54:00	645.13	645.20	645.13	645.19	1913	8																				3
2025-08-27  08:53:00	645.20	645.20	645.14	645.14	1704	8																				3
2025-08-27  08:52:00	645.23	645.23	645.19	645.19	1420	2																				3
2025-08-27  08:51:00	645.18	645.18	645.13	645.13	739	5																				2
2025-08-27  08:50:00	645.21	645.23	645.20	645.23	1615	7																				2
2025-08-27  08:49:00	645.26	645.29	645.25	645.25	6754	19																				2
2025-08-27  08:48:00	645.21	645.28	645.21	645.28	3142	14																				3
2025-08-27  08:47:00	645.20	645.23	645.19	645.23	1303	8																				3
2025-08-27  08:46:00	645.08	645.27	645.08	645.23	4569	22																				5
2025-08-27  08:45:00	645.06	645.11	645.03	645.05	2928	17																				8
2025-08-27  08:44:00	645.05	645.07	644.99	644.99	9243	36																				11
2025-08-27  08:43:00	645.02	645.09	645.00	645.03	2832	20																				8
2025-08-27  08:42:00	644.98	645.05	644.95	644.99	8264	37																				8
2025-08-27  08:41:00	645.16	645.18	645.00	645.00	4492	25																				3
2025-08-27  08:40:00	645.20	645.20	645.15	645.19	3310	6																				7
2025-08-27  08:39:00	645.20	645.21	645.19	645.21	1400	5																				5
2025-08-27  08:38:00	645.22	645.23	645.19	645.23	2262	11																				2
2025-08-27  08:37:00	645.24	645.31	645.23	645.23	1300	10																				3
2025-08-27  08:36:00	645.23	645.29	645.23	645.29	3750	23																				3
2025-08-27  08:35:00	645.29	645.29	645.26	645.26	750	5																				6
2025-08-27  08:34:00	645.30	645.30	645.26	645.28	2680	16																				6
2025-08-27  08:33:00	645.35	645.42	645.30	645.33	4462	23																				6
2025-08-27  08:32:00	645.37	645.40	645.33	645.33	2171	14																				8
2025-08-27  08:31:00	645.53	645.54	645.37	645.40	5423	35																				11
2025-08-27  08:30:00	645.58	645.66	645.58	645.58	3303	18																				11
2025-08-27  08:29:00	645.56	645.59	645.56	645.58	541	5																				11
2025-08-27  08:28:00	645.69	645.69	645.59	645.63	1892	11																				11
2025-08-27  08:27:00	645.75	645.75	645.70	645.71	1485	9																				6
2025-08-27  08:26:00	645.77	645.78	645.71	645.71	500	4																				3
2025-08-27  08:25:00	645.79	645.79	645.78	645.78	200	2																				5
2025-08-27  08:23:00	645.92	645.92	645.92	645.92	250	2																				5
2025-08-27  08:22:00	645.93	645.93	645.93	645.93	100	1																				3
2025-08-27  08:21:00	645.89	645.95	645.89	645.95	309	2																				5
2025-08-27  08:20:00	645.91	645.91	645.90	645.90	760	3																				3
2025-08-27  08:19:00	645.96	645.96	645.96	645.96	100	1																				3
2025-08-27  08:18:00	645.95	646.00	645.92	645.99	2171	13																				3
2025-08-27  08:17:00	645.95	645.99	645.95	645.98	1331	7																				5
2025-08-27  08:16:00	645.93	645.93	645.93	645.93	300	3																				3
2025-08-27  08:15:00	645.91	645.91	645.88	645.88	700	4																				3
2025-08-27  08:14:00	645.92	645.94	645.92	645.94	200	2																				3
2025-08-27  08:13:00	645.91	645.97	645.90	645.95	4146	10																				3
2025-08-27  08:12:00	645.93	645.93	645.91	645.91	579	3																				3
2025-08-27  08:11:00	645.88	645.90	645.88	645.90	724	3																				8
2025-08-27  08:10:00	645.88	645.88	645.86	645.86	790	2																				8
2025-08-27  08:07:00	645.78	645.82	645.78	645.81	628	4																				8
2025-08-27  08:05:00	645.76	645.76	645.76	645.76	500	1																				3
2025-08-27  08:04:00	645.76	645.76	645.73	645.73	563	2																				5
2025-08-27  08:03:00	645.73	645.73	645.73	645.73	200	2																				3
2025-08-27  08:02:00	645.85	645.85	645.73	645.73	200	2																				7
2025-08-27  08:01:00	645.73	645.73	645.69	645.71	812	7																				7
2025-08-27  08:00:00	645.62	645.92	645.08	645.71	42154	121																				5
2025-08-27  07:59:00	645.77	645.79	645.77	645.79	450	3																				3
2025-08-27  07:58:00	645.81	645.81	645.80	645.80	756	6																				3
2025-08-27  07:55:00	645.90	645.90	645.90	645.90	2932	12																				3
2025-08-27  07:52:00	645.86	645.86	645.86	645.86	100	1																				2
2025-08-27  07:50:00	645.89	645.89	645.89	645.89	141	1																				3
2025-08-27  07:49:00	645.90	645.90	645.85	645.89	6409	37																				3
2025-08-27  07:47:00	645.85	645.88	645.85	645.88	481	3																				8
2025-08-27  07:46:00	645.83	645.83	645.83	645.83	165	1																				8
2025-08-27  07:45:00	645.82	645.82	645.80	645.80	350	2																				8
2025-08-27  07:44:00	645.85	645.85	645.80	645.82	3600	18																				5
2025-08-27  07:43:00	645.82	645.83	645.82	645.83	300	2																				1
2025-08-27  07:42:00	645.84	645.84	645.84	645.84	100	1																				1
2025-08-27  07:40:00	645.89	645.89	645.89	645.89	400	1																				9
2025-08-27  07:39:00	645.84	645.86	645.79	645.86	6207	38																				6
2025-08-27  07:35:00	645.79	645.79	645.79	645.79	100	1																				1
2025-08-27  07:33:00	645.78	645.78	645.78	645.78	300	1																				1
2025-08-27  07:32:00	645.75	645.75	645.75	645.75	100	1																				3
2025-08-27  07:30:00	645.76	645.76	645.76	645.76	100	1																				2
2025-08-27  07:29:00	645.76	645.76	645.76	645.76	297	1																				2
2025-08-27  07:27:00	645.71	645.71	645.71	645.71	569	1																				2
2025-08-27  07:25:00	645.73	645.73	645.73	645.73	100	1																				2
2025-08-27  07:23:00	645.76	645.76	645.74	645.74	534	3																				2
2025-08-27  07:22:00	645.84	645.85	645.82	645.82	1600	13																				2
2025-08-27  07:21:00	645.76	645.76	645.76	645.76	200	2																				2
2025-08-27  07:20:00	645.78	645.78	645.78	645.78	200	2																				2
2025-08-27  07:19:00	645.77	645.77	645.77	645.77	300	3																				2
2025-08-27  07:18:00	645.80	645.81	645.80	645.81	200	2																				3
2025-08-27  07:17:00	645.76	645.76	645.76	645.76	100	1																				3
2025-08-27  07:15:00	645.75	645.75	645.75	645.75	1100	5																				3
2025-08-27  07:14:00	645.72	645.75	645.72	645.75	1900	5																				3
2025-08-27  07:12:00	645.70	645.71	645.70	645.71	400	4																				2
2025-08-27  07:11:00	645.68	645.68	645.64	645.64	200	2																				3
2025-08-27  07:08:00	645.60	645.60	645.60	645.60	100	1																				2
2025-08-27  07:07:00	645.59	645.59	645.53	645.59	3900	30																				2
2025-08-27  07:05:00	645.62	645.63	645.60	645.63	3900	37																				2
2025-08-27  07:04:00	645.58	645.58	645.56	645.56	300	3																				2
2025-08-27  07:03:00	645.59	645.61	645.59	645.61	700	7																				2
2025-08-27  07:02:00	645.64	645.64	645.64	645.64	100	1																				2
2025-08-27  07:00:00	645.72	645.72	645.72	645.72	100	1																				2
2025-08-27  06:53:00	645.64	645.64	645.64	645.64	100	1																				2
2025-08-27  06:52:00	645.61	645.61	645.60	645.60	600	6																				2
2025-08-27  06:49:00	645.71	645.71	645.71	645.71	100	1																				2
2025-08-27  06:48:00	645.64	645.65	645.64	645.64	1000	10																				2
2025-08-27  06:47:00	645.68	645.68	645.68	645.68	100	1																				2
2025-08-27  06:41:00	645.69	645.69	645.69	645.69	400	4																				2
2025-08-27  06:39:00	645.65	645.65	645.65	645.65	2770	10																				2
2025-08-27  06:33:00	645.71	645.71	645.71	645.71	100	1																				2
2025-08-27  06:32:00	645.73	645.73	645.72	645.73	600	6																				2
2025-08-27  06:31:00	645.75	645.76	645.75	645.76	577	2																				2
2025-08-27  06:30:00	645.78	645.78	645.78	645.78	200	2																				2
2025-08-27  06:28:00	645.76	645.76	645.76	645.76	320	2																				2
2025-08-27  06:22:00	645.57	645.57	645.57	645.57	100	1																				2
2025-08-27  06:20:00	645.61	645.61	645.61	645.61	100	1																				2
2025-08-27  06:18:00	645.65	645.65	645.65	645.65	100	1																				2
2025-08-27  06:16:00	645.69	645.69	645.69	645.69	100	1																				2
2025-08-27  06:13:00	645.57	645.57	645.57	645.57	200	2																				2
2025-08-27  06:12:00	645.60	645.60	645.60	645.60	107	1																				2
2025-08-27  06:02:00	645.63	645.63	645.63	645.63	200	2																				2
2025-08-27  06:01:00	645.61	645.61	645.61	645.61	200	2																				2
2025-08-27  06:00:00	645.61	645.61	645.61	645.61	200	2																				2
2025-08-27  05:55:00	645.63	645.63	645.63	645.63	100	1																				2
2025-08-27  05:52:00	645.67	645.67	645.67	645.67	500	5																				2
2025-08-27  05:51:00	645.68	645.68	645.68	645.68	100	1																				2
2025-08-27  05:43:00	645.68	645.68	645.68	645.68	100	1																				2
2025-08-27  05:39:00	645.74	645.77	645.74	645.77	200	2																				2
2025-08-27  05:37:00	645.72	645.73	645.71	645.73	300	3																				2
2025-08-27  05:32:00	645.69	645.71	645.69	645.71	1300	7																				1
2025-08-27  05:27:00	645.65	645.65	645.62	645.62	200	2																				1
2025-08-27  05:17:00	645.55	645.55	645.55	645.55	182	1																				1
2025-08-27  05:16:00	645.50	645.50	645.50	645.50	300	3																				1
2025-08-27  05:14:00	645.56	645.56	645.56	645.56	100	1																				1
2025-08-27  05:07:00	645.51	645.51	645.51	645.51	100	1																				3
2025-08-27  05:06:00	645.51	645.51	645.51	645.51	100	1																				3
2025-08-27  05:05:00	645.54	645.55	645.54	645.55	900	9																				4
2025-08-27  05:02:00	645.42	645.53	645.42	645.42	400	4																				3
2025-08-27  04:59:00	645.38	645.39	645.38	645.39	300	2																				3
2025-08-27  04:57:00	645.32	645.32	645.32	645.32	100	1																				3
2025-08-27  04:53:00	645.11	645.11	645.11	645.11	100	1																				3
2025-08-27  04:51:00	645.10	645.10	645.10	645.10	100	1																				3
2025-08-27  04:49:00	645.00	645.00	644.99	644.99	920	4																				3
2025-08-27  04:43:00	645.32	645.32	645.32	645.32	100	1																				2
2025-08-27  04:39:00	645.26	645.26	645.26	645.26	100	1																				7
2025-08-27  04:38:00	645.19	645.24	645.19	645.23	760	4																				7
2025-08-27  04:35:00	645.07	645.07	645.06	645.06	1000	7																				5
2025-08-27  04:34:00	645.10	645.10	645.10	645.10	100	1																				5
2025-08-27  04:33:00	645.27	645.27	645.27	645.27	100	1																				3
2025-08-27  04:31:00	645.28	645.28	645.28	645.28	200	2																				3
2025-08-27  04:29:00	645.24	645.24	645.24	645.24	100	1																				3
2025-08-27  04:27:00	645.22	645.28	645.22	645.28	400	3																				3
2025-08-27  04:25:00	645.15	645.15	645.15	645.15	100	1																				3
2025-08-27  04:24:00	645.16	645.16	645.16	645.16	500	2																				3
2025-08-27  04:23:00	645.24	645.24	645.24	645.24	100	1																				3
2025-08-27  04:22:00	645.30	645.30	645.30	645.30	100	1																				3
2025-08-27  04:20:00	645.32	645.32	645.30	645.30	1691	4																				3
2025-08-27  04:19:00	645.35	645.35	645.31	645.31	610	6																				3
2025-08-27  04:18:00	645.29	645.29	645.29	645.29	500	1																				3
2025-08-27  04:17:00	645.22	645.22	645.22	645.22	100	1																				3
2025-08-27  04:15:00	645.18	645.18	645.18	645.18	200	2																				3
2025-08-27  04:14:00	645.24	645.24	645.22	645.22	400	4																				3
2025-08-27  04:12:00	645.33	645.33	645.33	645.33	100	1																				3
2025-08-27  04:11:00	645.35	645.35	645.35	645.35	409	1																				3
2025-08-27  04:10:00	645.32	645.32	645.32	645.32	400	4																				3
2025-08-27  04:09:00	645.34	645.35	645.34	645.34	900	9																				2
2025-08-27  04:08:00	645.46	645.46	645.39	645.39	500	5																				2
2025-08-27  04:06:00	645.45	645.45	645.43	645.43	312	2																				2
2025-08-27  04:00:00	645.50	645.50	645.41	645.47	1687	13																				2
2025-08-26  20:00:00	645.16	645.16	645.16	645.16	1	1																				2
2025-08-26  19:59:00	645.78	645.78	645.71	645.71	10843	31																				2
2025-08-26  19:58:00	645.78	645.78	645.78	645.78	200	1																				2
2025-08-26  19:57:00	645.80	645.80	645.80	645.80	2000	7																				2
2025-08-26  19:56:00	645.78	645.78	645.78	645.78	2000	6																				2
2025-08-26  19:54:00	645.72	645.74	645.72	645.74	599	4																				2
2025-08-26  19:53:00	645.74	645.74	645.74	645.74	400	2																				3
2025-08-26  19:51:00	645.72	645.72	645.71	645.71	1000	3																				3
2025-08-26  19:50:00	645.72	645.72	645.70	645.71	600	6																				3
2025-08-26  19:49:00	645.76	645.76	645.72	645.72	2198	8																				3
2025-08-26  19:48:00	645.78	645.78	645.76	645.78	1025	6																				3
2025-08-26  19:47:00	645.74	645.74	645.74	645.74	200	1																				3
2025-08-26  19:46:00	645.79	645.79	645.79	645.79	700	2																				3
2025-08-26  19:45:00	645.79	645.80	645.78	645.80	500	3																				3
2025-08-26  19:43:00	645.82	645.83	645.80	645.80	1700	7																				3
2025-08-26  19:40:00	645.83	645.83	645.83	645.83	140	1																				3
2025-08-26  19:39:00	645.84	645.84	645.84	645.84	600	2																				3
2025-08-26  19:31:00	645.74	645.74	645.74	645.74	100	1																				3
2025-08-26  19:28:00	645.70	645.70	645.70	645.70	200	1																				3
2025-08-26  19:22:00	645.70	645.70	645.68	645.68	368	2																				3
2025-08-26  19:17:00	645.68	645.68	645.68	645.68	198	1																				3
2025-08-26  19:14:00	645.68	645.68	645.68	645.68	100	1																				3
2025-08-26  19:13:00	645.73	645.73	645.73	645.73	100	1																				3
2025-08-26  19:09:00	645.72	645.72	645.72	645.72	200	1																				3
2025-08-26  19:04:00	645.73	645.74	645.73	645.74	2500	12																				3
2025-08-26  19:03:00	645.76	645.76	645.76	645.76	100	1																				3
2025-08-26  19:01:00	645.78	645.78	645.78	645.78	100	1																				3
2025-08-26  19:00:00	645.75	645.75	645.71	645.71	400	3																				3
2025-08-26  18:59:00	645.71	645.75	645.71	645.75	400	2																				3
2025-08-26  18:58:00	645.78	645.78	645.78	645.78	200	1																				3
2025-08-26  18:55:00	645.81	645.81	645.81	645.81	150	1																				3
2025-08-26  18:54:00	645.76	645.76	645.76	645.76	100	1																				2
2025-08-26  18:49:00	645.75	645.75	645.74	645.74	1500	3																				2
2025-08-26  18:45:00	645.75	645.75	645.75	645.75	127	1																				3
2025-08-26  18:42:00	645.74	645.74	645.74	645.74	198	1																				3
2025-08-26  18:41:00	645.76	645.76	645.76	645.76	100	1																				5
2025-08-26  18:39:00	645.75	645.75	645.75	645.75	100	1																				8
2025-08-26  18:38:00	645.79	645.79	645.79	645.79	2000	5																				3
2025-08-26  18:30:00	645.16	645.69	645.16	645.69	1101	3																				7
2025-08-26  18:29:00	645.69	645.75	645.68	645.75	670	4																				5
2025-08-26  18:22:00	645.72	645.72	645.72	645.72	200	1																				5
2025-08-26  18:21:00	645.70	645.70	645.70	645.70	400	4																				3
2025-08-26  18:19:00	645.72	645.72	645.72	645.72	400	2																				3
2025-08-26  18:15:00	645.76	645.76	645.76	645.76	100	1																				3
2025-08-26  18:12:00	645.75	645.78	645.74	645.78	6277	29																				3
2025-08-26  18:11:00	645.76	645.81	645.75	645.81	3561	13																				3
2025-08-26  18:10:00	645.73	645.75	645.73	645.75	339	3																				5
2025-08-26  18:09:00	645.70	645.74	645.70	645.74	1900	10																				3
2025-08-26  18:08:00	645.75	645.75	645.75	645.75	400	2																				8
2025-08-26  18:07:00	645.79	645.79	645.74	645.74	600	2																				3
2025-08-26  18:06:00	645.72	645.73	645.72	645.73	898	4																				8
2025-08-26  18:05:00	645.80	645.80	645.74	645.74	597	2																				5
2025-08-26  18:04:00	645.80	645.84	645.80	645.80	809	4																				3
2025-08-26  18:03:00	645.82	645.82	645.82	645.82	100	1																				3
2025-08-26  18:02:00	645.81	645.85	645.79	645.85	2299	11																				3
2025-08-26  18:01:00	645.78	645.90	645.78	645.80	2084	9																				3
2025-08-26  18:00:00	645.73	645.77	645.60	645.77	12114	42																				3
2025-08-26  17:59:00	645.69	645.72	645.68	645.72	771	5																				3
2025-08-26  17:58:00	645.68	645.68	645.68	645.68	201	1																				8
2025-08-26  17:57:00	645.68	645.68	645.68	645.68	100	1																				8
2025-08-26  17:56:00	645.68	645.68	645.68	645.68	200	1																				3
2025-08-26  17:55:00	645.68	645.68	645.68	645.68	300	3																				5
2025-08-26  17:54:00	645.68	645.69	645.68	645.69	200	2																				5
2025-08-26  17:53:00	645.67	645.67	645.67	645.67	170	1																				3
2025-08-26  17:49:00	645.69	645.69	645.69	645.69	200	2																				3
2025-08-26  17:48:00	645.68	645.68	645.66	645.66	400	3																				3
2025-08-26  17:47:00	645.66	645.69	645.66	645.69	355	2																				3
2025-08-26  17:46:00	645.66	645.66	645.65	645.65	216	2																				3
2025-08-26  17:45:00	645.67	645.68	645.67	645.68	596	4																				3
2025-08-26  17:44:00	645.66	645.66	645.66	645.66	111	1																				3
2025-08-26  17:43:00	645.66	645.69	645.66	645.68	450	3																				3
2025-08-26  17:42:00	645.68	645.68	645.65	645.65	418	3																				3
2025-08-26  17:41:00	645.67	645.67	645.67	645.67	401	2																				3
2025-08-26  17:39:00	645.66	645.68	645.66	645.68	1382	6																				3
2025-08-26  17:38:00	645.66	645.66	645.66	645.66	300	1																				3
2025-08-26  17:37:00	645.66	645.66	645.66	645.66	119	1																				3
2025-08-26  17:33:00	645.66	645.66	645.66	645.66	200	1																				3
2025-08-26  17:32:00	645.65	645.65	645.65	645.65	1257	3																				5
2025-08-26  17:31:00	645.70	645.70	645.70	645.70	100	1																				5
2025-08-26  17:30:00	645.65	645.65	645.65	645.65	400	2																				5
2025-08-26  17:29:00	645.63	645.65	645.63	645.65	520	3																				5
2025-08-26  17:28:00	645.63	645.63	645.62	645.63	1815	3																				5
2025-08-26  17:27:00	645.63	645.64	645.61	645.62	2386	8																				3
2025-08-26  17:25:00	645.62	645.63	645.62	645.63	592	4																				3
2025-08-26  17:24:00	645.63	645.64	645.63	645.63	2201	7																				3
2025-08-26  17:23:00	645.66	645.67	645.63	645.65	4370	13																				3
2025-08-26  17:22:00	645.65	645.65	645.65	645.65	100	1																				3
2025-08-26  17:21:00	645.66	645.66	645.65	645.65	1148	6																				3
2025-08-26  17:20:00	645.64	645.64	645.64	645.64	200	1																				3
2025-08-26  17:19:00	645.68	645.68	645.61	645.64	9249	21																				3
2025-08-26  17:18:00	645.68	645.69	645.68	645.68	801	4																				1
2025-08-26  17:17:00	645.71	645.71	645.71	645.71	125	1																				3
2025-08-26  17:16:00	645.70	645.70	645.70	645.70	100	1																				1
2025-08-26  17:14:00	645.71	645.71	645.70	645.70	1741	5																				1
2025-08-26  17:13:00	645.70	645.71	645.70	645.71	1314	6																				3
2025-08-26  17:12:00	645.69	645.69	645.69	645.69	200	2																				3
2025-08-26  17:10:00	645.70	645.70	645.69	645.70	500	3																				2
2025-08-26  17:09:00	645.70	645.71	645.69	645.69	2875	10																				3
2025-08-26  17:07:00	645.69	645.69	645.69	645.69	193	1																				3
2025-08-26  17:06:00	645.68	645.68	645.68	645.68	399	1																				3
2025-08-26  17:05:00	645.69	645.69	645.68	645.68	2895	8																				3
2025-08-26  17:03:00	645.68	645.72	645.68	645.72	268	2																				3
2025-08-26  17:00:00	645.78	645.78	645.69	645.72	586	5																				2
2025-08-26  16:59:00	645.78	645.78	645.78	645.78	200	1																				3
2025-08-26  16:58:00	645.76	645.76	645.75	645.75	1400	4																				2
2025-08-26  16:57:00	645.79	645.79	645.79	645.79	200	1																				2
2025-08-26  16:56:00	645.76	645.76	645.75	645.75	867	2																				5
2025-08-26  16:55:00	645.77	645.79	645.76	645.79	2029	11																				3
2025-08-26  16:54:00	645.79	645.79	645.77	645.77	450	2																				2
2025-08-26  16:52:00	645.74	645.77	645.74	645.76	778	6																				7
2025-08-26  16:51:00	645.76	645.76	645.74	645.74	3259	17																				3
2025-08-26  16:50:00	645.77	645.77	645.76	645.76	2400	12																				7
2025-08-26  16:49:00	645.75	645.79	645.74	645.77	2786	17																				5
2025-08-26  16:48:00	645.75	645.76	645.75	645.76	600	5																				2
2025-08-26  16:47:00	645.74	645.77	645.74	645.75	973	5																				3
2025-08-26  16:46:00	645.75	645.75	645.75	645.75	700	6																				3
2025-08-26  16:45:00	645.74	645.74	645.73	645.74	993	8																				3
2025-08-26  16:44:00	645.71	645.75	645.71	645.75	3274	12																				5
2025-08-26  16:43:00	645.71	645.71	645.69	645.69	7206	21																				3
2025-08-26  16:42:00	645.67	645.69	645.66	645.69	2437	13																				3
2025-08-26  16:41:00	645.61	645.68	645.61	645.68	3674	12																				8
2025-08-26  16:40:00	645.61	645.62	645.61	645.62	2457	12																				3
2025-08-26  16:39:00	645.58	645.59	645.58	645.59	2253	7																				5
2025-08-26  16:38:00	645.59	645.59	645.58	645.59	800	4																				3
2025-08-26  16:37:00	645.57	645.59	645.57	645.57	2867	14																				3
2025-08-26  16:36:00	645.60	645.61	645.59	645.59	3497	23																				3
2025-08-26  16:35:00	645.61	645.61	645.60	645.61	793	5																				2
2025-08-26  16:34:00	645.69	645.69	645.65	645.65	3400	14																				2
2025-08-26  16:33:00	645.70	645.75	645.67	645.67	44230	129																				7
2025-08-26  16:32:00	645.69	645.69	645.69	645.69	875	5																				5
2025-08-26  16:31:00	645.64	645.69	645.64	645.69	3129	13																				8
2025-08-26  16:30:00	645.65	645.65	645.64	645.65	17218	32																				5
2025-08-26  16:29:00	645.60	645.65	645.59	645.64	28513	97																				8
2025-08-26  16:28:00	645.59	645.62	645.56	645.62	17286	60																				3
2025-08-26  16:27:00	645.56	645.59	645.55	645.59	4227	15																				5
2025-08-26  16:26:00	645.57	645.58	645.57	645.57	1403	8																				3
2025-08-26  16:25:00	645.58	645.60	645.57	645.58	5381	24																				10
2025-08-26  16:24:00	645.62	645.62	645.58	645.58	12370	17																				10
2025-08-26  16:23:00	645.64	645.64	645.61	645.62	8686	29																				10
2025-08-26  16:22:00	645.58	645.69	645.57	645.66	41731	141																				3
2025-08-26  16:21:00	645.63	645.63	645.58	645.59	14560	54																				8
2025-08-26  16:20:00	645.60	645.62	645.60	645.62	3483	14																				3
2025-08-26  16:19:00	645.63	645.66	645.60	645.61	6606	31																				5
2025-08-26  16:18:00	645.62	645.65	645.62	645.63	3287	23																				5
2025-08-26  16:17:00	645.60	645.63	645.59	645.63	13656	60																				3
2025-08-26  16:16:00	645.63	645.63	645.60	645.61	2427	14																				3
2025-08-26  16:15:00	645.67	645.67	645.60	645.61	21784	78																				3
2025-08-26  16:14:00	645.67	645.71	645.66	645.68	50350	195																				3
2025-08-26  16:13:00	645.62	645.67	645.60	645.67	28167	73																				3
2025-08-26  16:12:00	645.63	645.69	645.61	645.63	49743	172																				3
2025-08-26  16:11:00	645.52	645.62	645.51	645.60	25848	104																				3
2025-08-26  16:10:00	645.16	645.56	645.16	645.53	14512	41																				3
2025-08-26  16:09:00	645.61	645.64	645.52	645.53	12465	62																				3
2025-08-26  16:08:00	645.47	645.63	645.47	645.61	26604	104																				3
2025-08-26  16:07:00	645.47	645.56	645.44	645.46	23120	97																				3
2025-08-26  16:06:00	645.30	645.47	645.29	645.46	58558	200																				8
2025-08-26  16:05:00	645.21	645.30	645.20	645.29	79773	263																				3
2025-08-26  16:04:00	645.20	645.29	645.18	645.21	59049	208																				5
2025-08-26  16:03:00	645.12	645.19	645.09	645.18	58626	206																				5
2025-08-26  16:02:00	645.08	645.15	645.08	645.12	53764	211																				3
2025-08-26  16:01:00	645.12	645.13	645.02	645.09	63101	235																				3
2025-08-26  16:00:00	645.13	645.38	644.96	645.12	1541255	784																				3
2025-08-26  15:59:00	645.29	645.51	645.13	645.13	1744719	8302																				3
2025-08-26  15:58:00	645.46	645.47	645.18	645.29	415854	2604																				8
2025-08-26  15:57:00	645.24	645.48	645.21	645.46	408673	1997																				8
2025-08-26  15:56:00	645.11	645.26	645.07	645.25	288532	1670																				8
2025-08-26  15:55:00	644.77	645.17	644.77	645.13	441066	2631																				3
2025-08-26  15:54:00	645.04	645.09	644.65	644.77	416187	2517																				3
2025-08-26  15:53:00	644.92	645.12	644.90	645.03	152997	950																				5
2025-08-26  15:52:00	644.87	644.98	644.77	644.92	268240	1525																				5
2025-08-26  15:51:00	644.94	644.97	644.73	644.86	255042	1425																				2
2025-08-26  15:50:00	644.26	644.93	644.12	644.93	583795	3182																				2
2025-08-26  15:49:00	644.22	644.31	644.16	644.25	113469	638																				2
2025-08-26  15:48:00	644.16	644.24	644.12	644.22	71256	415																				2
2025-08-26  15:47:00	644.15	644.22	644.09	644.16	135975	814																				2
2025-08-26  15:46:00	644.11	644.19	644.04	644.15	161280	836																				3
2025-08-26  15:45:00	643.96	644.16	643.92	644.12	214542	1447																				6
2025-08-26  15:44:00	643.98	643.99	643.92	643.95	148694	881																				6
2025-08-26  15:43:00	644.05	644.06	643.93	643.98	170540	1140																				3
2025-08-26  15:42:00	644.01	644.14	643.97	644.05	165982	973																				5
2025-08-26  15:41:00	644.09	644.10	643.98	644.01	196726	1134																				5
2025-08-26  15:40:00	644.22	644.25	644.08	644.09	315656	1485																				2
2025-08-26  15:39:00	644.32	644.35	644.18	644.22	152143	802																				2
2025-08-26  15:38:00	644.37	644.40	644.29	644.31	134194	848																				2
2025-08-26  15:37:00	644.42	644.50	644.35	644.37	138892	872																				3
2025-08-26  15:36:00	644.51	644.53	644.41	644.42	147506	1044																				5
2025-08-26  15:35:00	644.65	644.66	644.51	644.51	139834	867																				5
2025-08-26  15:34:00	644.69	644.70	644.62	644.64	130640	773																				8
2025-08-26  15:33:00	644.75	644.77	644.65	644.70	114369	858																				8
2025-08-26  15:32:00	644.78	644.85	644.74	644.76	132873	865																				3
2025-08-26  15:31:00	644.56	644.84	644.55	644.78	153141	1086																				3
2025-08-26  15:30:00	644.55	644.57	644.46	644.57	121391	830																				3
2025-08-26  15:29:00	644.57	644.57	644.51	644.56	101153	577																				3
2025-08-26  15:28:00	644.61	644.62	644.52	644.56	76125	502																				8
2025-08-26  15:27:00	644.52	644.64	644.50	644.60	124777	702																				8
2025-08-26  15:26:00	644.34	644.53	644.33	644.52	129563	738																				8
2025-08-26  15:25:00	644.52	644.52	644.29	644.35	249381	1459																				8
2025-08-26  15:24:00	644.53	644.60	644.49	644.51	122824	779																				3
2025-08-26  15:23:00	644.60	644.60	644.44	644.53	174336	1189																				3
2025-08-26  15:22:00	644.30	644.71	644.24	644.61	250421	1667																				1
2025-08-26  15:21:00	644.09	644.39	644.06	644.30	226589	1473																				2
2025-08-26  15:20:00	643.89	644.10	643.87	644.08	101405	701																				3
2025-08-26  15:19:00	643.89	643.93	643.88	643.89	50450	374																				5
2025-08-26  15:18:00	643.85	643.91	643.84	643.90	50164	383																				5
2025-08-26  15:17:00	643.92	643.92	643.83	643.84	63693	452																				5
2025-08-26  15:16:00	643.90	643.96	643.89	643.91	87223	428																				5
2025-08-26  15:15:00	643.91	643.99	643.85	643.89	84151	508																				5
2025-08-26  15:14:00	643.90	643.92	643.86	643.91	51988	348																				3
2025-08-26  15:13:00	643.82	643.92	643.82	643.90	54290	305																				5
2025-08-26  15:12:00	643.82	643.86	643.77	643.82	30549	209																				5
2025-08-26  15:11:00	643.84	643.85	643.81	643.82	46047	366																				3
2025-08-26  15:10:00	643.73	643.86	643.73	643.85	77699	453																				8
2025-08-26  15:09:00	643.66	643.75	643.65	643.73	58341	355																				5
2025-08-26  15:08:00	643.69	643.71	643.64	643.66	52976	330																				5
2025-08-26  15:07:00	643.71	643.71	643.65	643.68	34127	247																				3
2025-08-26  15:06:00	643.66	643.71	643.66	643.71	43554	281																				3
2025-08-26  15:05:00	643.76	643.76	643.61	643.66	51334	343																				5
2025-08-26  15:04:00	643.70	643.81	643.70	643.77	36037	214																				3
2025-08-26  15:03:00	643.77	643.79	643.69	643.69	45259	189																				5
2025-08-26  15:02:00	643.84	643.85	643.76	643.76	72216	350																				3
2025-08-26  15:01:00	643.90	643.92	643.82	643.83	33284	184																				3
2025-08-26  15:00:00	643.89	643.90	643.79	643.89	80969	560																				5
2025-08-26  14:59:00	643.87	644.09	643.87	643.90	211548	1106																				3
2025-08-26  14:58:00	643.90	643.90	643.86	643.88	49626	253																				3
2025-08-26  14:57:00	643.86	643.92	643.86	643.89	58379	351																				3
2025-08-26  14:56:00	643.87	643.87	643.83	643.86	40888	263																				3
2025-08-26  14:55:00	643.78	643.89	643.77	643.86	108158	575																				3
2025-08-26  14:54:00	643.74	643.78	643.71	643.77	109793	603																				3
2025-08-26  14:53:00	643.75	643.76	643.70	643.72	45161	218																				5
2025-08-26  14:52:00	643.63	643.76	643.60	643.76	52589	331																				5
2025-08-26  14:51:00	643.72	643.76	643.60	643.63	45242	286																				3
2025-08-26  14:50:00	643.78	643.79	643.72	643.72	37723	262																				2
2025-08-26  14:49:00	643.74	643.81	643.74	643.78	41534	253																				2
2025-08-26  14:48:00	643.62	643.78	643.60	643.75	42395	307																				3
2025-08-26  14:47:00	643.67	643.67	643.62	643.62	46462	302																				3
2025-08-26  14:46:00	643.73	643.73	643.64	643.66	46828	309																				3
2025-08-26  14:45:00	643.73	643.74	643.69	643.74	48955	345																				3
2025-08-26  14:44:00	643.71	643.74	643.69	643.73	21314	150																				3
2025-08-26  14:43:00	643.72	643.76	643.65	643.70	39142	204																				7
2025-08-26  14:42:00	643.72	643.77	643.70	643.73	49806	277																				5
2025-08-26  14:41:00	643.74	643.87	643.70	643.73	86518	542																				2
2025-08-26  14:40:00	643.68	643.76	643.66	643.73	68300	450																				7
2025-08-26  14:39:00	643.66	643.69	643.62	643.69	30107	204																				5
2025-08-26  14:38:00	643.72	643.72	643.63	643.66	61242	414																				5
2025-08-26  14:37:00	643.67	643.75	643.66	643.72	51829	380																				3
2025-08-26  14:36:00	643.62	643.67	643.62	643.66	67329	437																				3
2025-08-26  14:35:00	643.60	643.64	643.59	643.62	36831	302																				3
2025-08-26  14:34:00	643.56	643.62	643.56	643.62	33354	256																				3
2025-08-26  14:33:00	643.58	643.60	643.53	643.55	34596	232																				3
2025-08-26  14:32:00	643.66	643.66	643.54	643.58	47243	273																				3
2025-08-26  14:31:00	643.66	643.68	643.58	643.64	80464	457																				3
2025-08-26  14:30:00	643.52	643.74	643.51	643.66	150376	1098																				3
2025-08-26  14:29:00	643.44	643.53	643.42	643.51	48499	313																				3
2025-08-26  14:28:00	643.46	643.47	643.41	643.43	27711	163																				3
2025-08-26  14:27:00	643.42	643.47	643.41	643.47	39392	210																				3
2025-08-26  14:26:00	643.35	643.43	643.35	643.41	36426	253																				3
2025-08-26  14:25:00	643.40	643.42	643.35	643.35	46947	247																				3
2025-08-26  14:24:00	643.43	643.46	643.39	643.39	31355	206																				3
2025-08-26  14:23:00	643.39	643.46	643.33	643.43	34798	211																				2
2025-08-26  14:22:00	643.34	643.40	643.34	643.40	27553	128																				5
2025-08-26  14:21:00	643.39	643.46	643.31	643.34	108876	717																				8
2025-08-26  14:20:00	643.47	643.47	643.37	643.39	44052	286																				8
2025-08-26  14:19:00	643.43	643.48	643.41	643.46	47025	298																				3
2025-08-26  14:18:00	643.35	643.44	643.35	643.41	43215	264																				5
2025-08-26  14:17:00	643.37	643.43	643.33	643.33	36530	221																				8
2025-08-26  14:16:00	643.30	643.41	643.29	643.36	51608	352																				8
2025-08-26  14:15:00	643.26	643.33	643.26	643.29	49849	320																				8
2025-08-26  14:14:00	643.22	643.28	643.19	643.26	26737	169																				5
2025-08-26  14:13:00	643.12	643.27	643.12	643.22	54658	256																				3
2025-08-26  14:12:00	643.28	643.29	643.10	643.11	82601	508																				3
2025-08-26  14:11:00	643.27	643.40	643.23	643.27	74789	481																				3
2025-08-26  14:10:00	643.14	643.29	643.14	643.26	83221	498																				8
2025-08-26  14:09:00	643.12	643.15	643.09	643.14	43828	232																				3
2025-08-26  14:08:00	643.06	643.16	643.06	643.11	89016	456																				3
2025-08-26  14:07:00	643.05	643.11	643.01	643.05	54906	364																				1
2025-08-26  14:06:00	642.95	643.05	642.94	643.05	39395	281																				1
2025-08-26  14:05:00	642.97	643.00	642.90	642.96	41050	285																				1
2025-08-26  14:04:00	643.03	643.06	642.96	642.98	44259	274																				2
2025-08-26  14:03:00	642.92	643.04	642.89	643.04	49538	278																				2
2025-08-26  14:02:00	642.93	642.98	642.86	642.92	44832	304																				2
2025-08-26  14:01:00	642.92	642.95	642.88	642.93	49817	273																				2
2025-08-26  14:00:00	642.86	642.93	642.79	642.93	45457	308																				2
2025-08-26  13:59:00	642.83	642.92	642.83	642.86	57842	386																				2
2025-08-26  13:58:00	642.80	642.87	642.75	642.83	47700	239																				2
2025-08-26  13:57:00	642.77	642.81	642.72	642.81	67485	463																				2
2025-08-26  13:56:00	642.66	642.78	642.66	642.76	33795	224																				2
2025-08-26  13:55:00	642.53	642.70	642.43	642.67	84453	529																				2
2025-08-26  13:54:00	642.82	642.83	642.47	642.53	138818	829																				2
2025-08-26  13:53:00	642.84	642.87	642.78	642.83	75390	304																				2
2025-08-26  13:52:00	642.89	642.95	642.83	642.84	25582	136																				2
2025-08-26  13:51:00	642.99	643.00	642.86	642.88	38546	219																				2
2025-08-26  13:50:00	642.97	643.03	642.92	643.00	25629	184																				2
2025-08-26  13:49:00	642.94	642.99	642.91	642.96	24307	194																				1
2025-08-26  13:48:00	643.00	643.07	642.95	642.95	33363	225																				6
2025-08-26  13:47:00	643.04	643.04	642.97	642.99	30522	210																				7
2025-08-26  13:46:00	642.92	643.06	642.92	643.05	28783	185																				7
2025-08-26  13:45:00	643.03	643.04	642.89	642.92	44430	281																				7
2025-08-26  13:44:00	642.93	643.04	642.93	643.03	73468	409																				7
2025-08-26  13:43:00	643.00	643.01	642.88	642.92	66078	355																				2
2025-08-26  13:42:00	643.03	643.04	642.98	642.99	46354	302																				2
2025-08-26  13:41:00	643.05	643.12	643.03	643.04	29747	156																				2
2025-08-26  13:40:00	643.13	643.13	642.97	643.05	82379	431																				2
2025-08-26  13:39:00	643.18	643.19	643.09	643.14	31497	198																				2
2025-08-26  13:38:00	643.12	643.20	643.11	643.18	25905	159																				2
2025-08-26  13:37:00	643.18	643.18	643.07	643.11	24065	162																				3
2025-08-26  13:36:00	643.27	643.29	643.16	643.20	29889	214																				3
2025-08-26  13:35:00	643.17	643.27	643.14	643.26	39444	296																				3
2025-08-26  13:34:00	643.18	643.26	643.17	643.19	39718	252																				3
2025-08-26  13:33:00	643.36	643.36	643.16	643.17	66662	381																				4
2025-08-26  13:32:00	643.39	643.40	643.34	643.36	43717	285																				4
2025-08-26  13:31:00	643.42	643.43	643.36	643.39	48565	369																				2
2025-08-26  13:30:00	643.50	643.58	643.42	643.42	81636	520																				3
2025-08-26  13:29:00	643.52	643.57	643.48	643.51	59728	371																				3
2025-08-26  13:28:00	643.46	643.59	643.46	643.52	100456	516																				3
2025-08-26  13:27:00	643.45	643.47	643.41	643.45	33249	262																				3
2025-08-26  13:26:00	643.29	643.49	643.28	643.45	56469	297																				3
2025-08-26  13:25:00	643.31	643.37	643.28	643.28	60820	387																				3
2025-08-26  13:24:00	643.30	643.34	643.29	643.32	48093	214																				3
2025-08-26  13:23:00	643.24	643.30	643.21	643.29	24436	161																				5
2025-08-26  13:22:00	643.22	643.29	643.20	643.25	17799	126																				3
2025-08-26  13:21:00	643.22	643.30	643.20	643.21	10967	87																				8
2025-08-26  13:20:00	643.12	643.23	643.12	643.21	29683	230																				5
2025-08-26  13:19:00	643.14	643.20	643.10	643.12	14505	111																				3
2025-08-26  13:18:00	643.16	643.16	643.09	643.13	13636	99																				5
2025-08-26  13:17:00	643.14	643.21	643.09	643.16	18836	127																				8
2025-08-26  13:16:00	643.12	643.19	643.10	643.14	22176	159																				11
2025-08-26  13:15:00	643.29	643.29	643.10	643.11	50185	313																				8
2025-08-26  13:14:00	643.26	643.31	643.23	643.29	22019	174																				3
2025-08-26  13:13:00	643.17	643.26	643.13	643.24	70749	405																				5
2025-08-26  13:12:00	642.94	643.18	642.89	643.18	73600	462																				5
2025-08-26  13:11:00	643.00	643.01	642.91	642.94	44964	268																				5
2025-08-26  13:10:00	643.14	643.14	642.97	642.99	66654	437																				5
2025-08-26  13:09:00	643.20	643.22	643.17	643.18	32821	170																				2
2025-08-26  13:08:00	643.24	643.29	643.17	643.20	29340	168																				2
2025-08-26  13:07:00	643.36	643.37	643.22	643.24	23549	169																				1
2025-08-26  13:06:00	643.46	643.46	643.34	643.34	20551	150																				1
2025-08-26  13:05:00	643.38	643.47	643.38	643.46	54199	368																				2
2025-08-26  13:04:00	643.24	643.43	643.24	643.38	45976	302																				5
2025-08-26  13:03:00	643.27	643.29	643.20	643.26	30659	267																				1
2025-08-26  13:02:00	643.26	643.37	643.25	643.28	22595	138																				1
2025-08-26  13:01:00	643.23	643.27	643.20	643.26	9180	59																				1
2025-08-26  13:00:00	643.30	643.32	643.22	643.23	31474	171																				1
2025-08-26  12:59:00	643.32	643.35	643.22	643.32	29925	201																				1
2025-08-26  12:58:00	643.21	643.36	643.21	643.32	33274	192																				1
2025-08-26  12:57:00	643.16	643.23	643.16	643.20	13206	70																				1
2025-08-26  12:56:00	643.19	643.24	643.13	643.15	22420	150																				2
2025-08-26  12:55:00	643.22	643.23	643.18	643.20	17172	122																				3
2025-08-26  12:54:00	643.18	643.23	643.13	643.20	15374	118																				3
2025-08-26  12:53:00	643.27	643.27	643.15	643.18	21752	167																				3
2025-08-26  12:52:00	643.31	643.36	643.25	643.28	20519	140																				3
2025-08-26  12:51:00	643.17	643.33	643.14	643.30	29312	214																				2
2025-08-26  12:50:00	643.23	643.28	643.10	643.16	70537	532																				3
2025-08-26  12:49:00	643.23	643.26	643.20	643.22	50837	335																				3
2025-08-26  12:48:00	643.28	643.33	643.22	643.23	28906	166																				3