 [ID0] SPY[M]  1 Min  #1			Formula Source Sheet #2.  Enter and modify formulas for this sheet on Sheet2																							[ID3] BidVolume vs. AskVolume
Date Time	[ID0.SG1] Open	[ID0.SG2] High	[ID0.SG3] Low	[ID0.SG4] Last	[ID0.SG5] Volume	[ID0.SG6] # of Trades				K	L	M	N	O	P	Q	R	S	T	U	V	W	X	Y	Z	[ID3.SG1] Ask Volume	[ID3.SG2] Bid Volume	[ID3.SG4] Zero Line	[ID3.SG5] Difference
2025-08-27  17:17:00	646.11	646.11	646.06	646.06	5810	25																				1548	-4262	0	-2714
2025-08-27  17:16:00	646.09	646.13	646.09	646.12	4194	19																				3244	-950	0	2294
2025-08-27  17:15:00	646.05	646.10	646.01	646.08	9276	40																				6214	-3062	0	3152
2025-08-27  17:14:00	646.00	646.06	645.93	646.06	10142	32																				3671	-6471	0	-2800
2025-08-27  17:13:00	645.90	646.20	645.90	646.00	4405	25																				3145	-1260	0	1885
2025-08-27  17:12:00	645.90	645.94	645.90	645.91	1730	9																				350	-1380	0	-1030
2025-08-27  17:11:00	645.84	645.90	645.79	645.90	3136	15																				836	-2300	0	-1464
2025-08-27  17:10:00	645.85	645.85	645.76	645.84	1161	6																				733	-428	0	305
2025-08-27  17:09:00	645.85	645.86	645.70	645.85	7055	31																				3070	-3985	0	-915
2025-08-27  17:08:00	645.77	645.77	645.77	645.77	100	1		Bid (read-only):	646.0499877929688																	0	-100	0	-100
2025-08-27  17:07:00	645.70	645.76	645.62	645.62	11500	41		Bid Size (read-only):	5																	2930	-8570	0	-5640
2025-08-27  17:06:00	645.57	645.70	645.57	645.70	4630	23		Ask (read-only):	646.0800170898438																	2900	-1730	0	1170
2025-08-27  17:05:00	645.59	645.70	645.53	645.56	1967	10		Ask Size (read-only):	1																	1240	-727	0	513
2025-08-27  17:04:00	645.52	645.52	645.52	645.52	577	2		Daily Open (read-only):	644.5700073242188																	0	-577	0	-577
2025-08-27  17:03:00	645.53	645.70	645.50	645.69	4588	19		Daily High (read-only):	647.3699951171875																	4000	-588	0	3412
2025-08-27  17:02:00	645.59	645.59	645.54	645.54	300	2		Daily Low (read-only):	644.4199829101562																	200	-100	0	100
2025-08-27  17:01:00	645.61	645.66	645.51	645.52	5784	18		Daily Price Change (read-only):	-0.57000732421875																	4035	-1749	0	2286
2025-08-27  17:00:00	645.46	645.46	645.46	645.46	100	1		Daily Volume (read-only):	48039636																	0	-100	0	-100
2025-08-27  16:59:00	645.60	645.68	645.55	645.68	25159	89		Tick Size (read-only):	0.009999999776482582																	6363	-18796	0	-12433
2025-08-27  16:58:00	645.57	645.71	645.57	645.60	18012	65																				2618	-15394	0	-12776
2025-08-27  16:57:00	645.54	645.62	645.54	645.59	11939	35																				502	-11437	0	-10935
2025-08-27  16:56:00	645.50	645.57	645.46	645.47	11577	33																				1956	-9621	0	-7665
2025-08-27  16:55:00	645.43	645.56	645.39	645.39	45773	151																				42428	-3345	0	39083
2025-08-27  16:54:00	645.37	645.48	645.28	645.45	52734	236																				47542	-5192	0	42350
2025-08-27  16:53:00	645.41	645.55	645.33	645.43	12459	70																				8395	-4064	0	4331
2025-08-27  16:52:00	645.05	645.40	645.05	645.38	12770	101																				8513	-4257	0	4256
2025-08-27  16:51:00	645.11	645.21	645.07	645.09	5853	43																				2532	-3321	0	-789
2025-08-27  16:50:00	645.19	645.35	645.04	645.04	283406	1105		Number of Rows (read-only):	1000																	178261	-105145	0	73116
2025-08-27  16:49:00	644.87	645.20	644.81	645.20	218647	811																				181713	-36934	0	144779
2025-08-27  16:48:00	644.87	645.03	644.85	644.86	19931	79																				12652	-7279	0	5373
2025-08-27  16:47:00	644.93	644.97	644.83	644.86	6755	27																				1690	-5065	0	-3375
2025-08-27  16:46:00	645.08	645.13	644.95	644.95	14317	77																				6597	-7720	0	-1123
2025-08-27  16:45:00	645.01	645.24	645.01	645.11	40954	155																				20988	-19966	0	1022
2025-08-27  16:44:00	644.97	645.11	644.89	645.01	14857	60		Seconds Per Bar - Intraday (read-only):	60																	9198	-5659	0	3539
2025-08-27  16:43:00	644.98	645.11	644.92	644.94	28130	86		Number of Trades Per Bar - Intraday (read-only):	0																	6100	-22030	0	-15930
2025-08-27  16:42:00	644.92	645.11	644.90	644.99	13844	61		Volume Per Bar - Intraday (read-only):	0																	9302	-4542	0	4760
2025-08-27  16:41:00	645.19	645.19	644.91	644.91	1575	12		Range in Ticks - Intraday (read-only):	0																	1000	-575	0	425
2025-08-27  16:40:00	644.96	645.24	644.96	645.19	63526	259		Symbol (read-only):	SPY																	29862	-33664	0	-3802
2025-08-27  16:39:00	645.08	645.20	644.94	644.94	11903	73		Last Bar End DateTime (read-only):	2025-08-27  17:17:56																	6133	-5770	0	363
2025-08-27  16:38:00	644.69	645.12	644.67	645.12	10640	53																				6058	-4582	0	1476
2025-08-27  16:37:00	645.20	645.20	644.73	644.73	11383	55																				5137	-6246	0	-1109
2025-08-27  16:36:00	645.32	645.50	645.20	645.22	6241	46																				1992	-4249	0	-2257
2025-08-27  16:35:00	645.15	645.30	645.09	645.27	4458	23																				3058	-1400	0	1658
2025-08-27  16:34:00	644.70	645.04	644.62	645.04	15106	79																				8048	-7058	0	990
2025-08-27  16:33:00	645.15	645.15	644.70	644.72	48212	150																				17451	-30761	0	-13310
2025-08-27  16:32:00	645.57	645.57	645.18	645.18	14733	61																				7017	-7716	0	-699
2025-08-27  16:31:00	645.94	645.96	645.48	645.66	20214	76																				14634	-5580	0	9054
2025-08-27  16:30:00	645.86	645.86	645.46	645.73	33251	146																				16474	-16777	0	-303
2025-08-27  16:29:00	645.48	645.96	645.48	645.87	126416	328																				52960	-73456	0	-20496
2025-08-27  16:28:00	645.35	645.52	645.25	645.51	61559	161																				10377	-51182	0	-40805
2025-08-27  16:27:00	645.40	645.43	645.08	645.43	19629	97																				10161	-9468	0	693
2025-08-27  16:26:00	644.95	645.60	644.92	645.41	77211	261																				32111	-45100	0	-12989
2025-08-27  16:25:00	644.37	644.96	644.21	644.94	89615	267																				20334	-69281	0	-48947
2025-08-27  16:24:00	644.20	644.72	644.07	644.47	155923	409		Currency Value Per Tick (read-only):	0.009999999776482582																	68343	-87580	0	-19237
2025-08-27  16:23:00	643.86	644.70	643.76	644.31	136115	352		Connected to Data Feed (read-only):	1																	50984	-85131	0	-34147
2025-08-27  16:22:00	643.24	644.46	643.15	644.02	91224	345																				56643	-34581	0	22062
2025-08-27  16:21:00	645.13	645.17	643.18	643.34	183972	540																				84175	-99797	0	-15622
2025-08-27  16:20:00	646.64	647.64	645.21	645.31	23851	107																				8976	-14875	0	-5899
2025-08-27  16:19:00	646.69	646.70	646.35	646.53	18417	49																				6534	-11883	0	-5349
2025-08-27  16:18:00	646.65	646.72	646.63	646.68	21541	66																				13184	-8357	0	4827
2025-08-27  16:17:00	646.57	646.63	646.53	646.63	2496	12																				1296	-1200	0	96
2025-08-27  16:16:00	646.60	646.60	646.51	646.60	3351	18																				2014	-1337	0	677
2025-08-27  16:15:00	646.54	646.65	646.54	646.60	11814	38																				5164	-6650	0	-1486
2025-08-27  16:14:00	646.50	646.56	646.45	646.53	24692	101																				17243	-7449	0	9794
2025-08-27  16:13:00	646.45	646.63	646.45	646.50	29310	75																				24110	-5200	0	18910
2025-08-27  16:12:00	646.47	646.54	646.42	646.45	14544	78																				6690	-7854	0	-1164
2025-08-27  16:11:00	646.59	646.60	646.47	646.49	49737	185																				32407	-17330	0	15077
2025-08-27  16:10:00	646.63	646.63	646.44	646.55	34692	171																				16644	-18048	0	-1404
2025-08-27  16:09:00	646.59	646.65	646.56	646.62	21341	87																				12334	-9007	0	3327
2025-08-27  16:08:00	646.51	646.65	646.51	646.59	64035	267																				38776	-25259	0	13517
2025-08-27  16:07:00	646.52	646.61	646.47	646.51	22490	84																				8793	-13697	0	-4904
2025-08-27  16:06:00	646.39	646.59	646.39	646.53	38346	180																				19443	-18903	0	540
2025-08-27  16:05:00	646.40	646.72	646.30	646.40	101077	264		Chart Start Time (read-only):	09:30:00																	64911	-36166	0	28745
2025-08-27  16:04:00	646.48	646.49	646.38	646.39	29708	144		Chart End Time (read-only):	16:00:00																	6886	-22822	0	-15936
2025-08-27  16:03:00	646.53	646.65	646.46	646.46	98081	396		Number of Bars (read-only):	18327																	45132	-52949	0	-7817
2025-08-27  16:02:00	646.64	646.64	646.48	646.52	79320	228																				27961	-51359	0	-23398
2025-08-27  16:01:00	646.60	646.65	646.52	646.63	24529	110																				12130	-12399	0	-269
2025-08-27  16:00:00	646.61	646.71	646.48	646.61	1099990	756																				1005384	-94606	0	910778
2025-08-27  15:59:00	647.13	647.23	646.60	646.62	1127949	5912																				627396	-500553	0	126843
2025-08-27  15:58:00	647.22	647.28	647.07	647.13	326098	2136																				165882	-160216	0	5666
2025-08-27  15:57:00	647.31	647.36	647.21	647.22	217909	1314																				124745	-93164	0	31581
2025-08-27  15:56:00	647.24	647.37	647.24	647.31	202685	1045																				100772	-101913	0	-1141
2025-08-27  15:55:00	647.03	647.28	647.03	647.27	297149	1701																				167019	-130130	0	36889
2025-08-27  15:54:00	647.15	647.20	646.96	647.03	221047	1376																				117831	-103216	0	14615
2025-08-27  15:53:00	647.09	647.18	647.08	647.14	141104	893																				79617	-61487	0	18130
2025-08-27  15:52:00	647.17	647.19	647.05	647.09	176588	1084																				79110	-97478	0	-18368
2025-08-27  15:51:00	647.13	647.23	647.11	647.16	155919	944																				74960	-80959	0	-5999
2025-08-27  15:50:00	647.10	647.36	647.10	647.14	342837	2228																				165457	-177380	0	-11923
2025-08-27  15:49:00	647.10	647.16	647.04	647.10	140003	854		Chart Number (read-only):	1																	74227	-65776	0	8451
2025-08-27  15:48:00	647.07	647.13	647.01	647.10	67032	465		Trade Account (read-only):	NewTestAccount1234																	36602	-30430	0	6172
2025-08-27  15:47:00	647.07	647.13	647.05	647.08	106495	640		Last Working Entry Order Date-Time (read-only):																		55661	-50834	0	4827
2025-08-27  15:46:00	647.16	647.18	647.04	647.08	118937	748		Last Working Entry Order Price (read-only):																		63250	-55687	0	7563
2025-08-27  15:45:00	647.15	647.22	647.09	647.16	108020	618		Last Working Exit Order Date-Time (read-only):																		40361	-67659	0	-27298
2025-08-27  15:44:00	647.14	647.18	647.14	647.14	74859	506		Last Working Exit Order Price (read-only):																		32712	-42147	0	-9435
2025-08-27  15:43:00	647.21	647.21	647.11	647.13	166087	1030		Bar Period Type (read-only):	0																	73667	-92420	0	-18753
2025-08-27  15:42:00	647.09	647.27	647.08	647.22	146739	795		Bar Parameter 1 (read-only):	60																	73803	-72936	0	867
2025-08-27  15:41:00	647.07	647.10	647.04	647.09	59273	318		Bar Parameter 2 (read-only):	0																	31341	-27932	0	3409
2025-08-27  15:40:00	647.07	647.12	647.04	647.06	97214	631		Bar Parameter 3 (read-only):	0																	41174	-56040	0	-14866
2025-08-27  15:39:00	647.06	647.09	647.02	647.06	70567	465		Bar Parameter 4 (read-only):	0																	41325	-29242	0	12083
2025-08-27  15:38:00	646.87	647.07	646.87	647.06	87677	569		Order Text Tag (write-only):																		48346	-39331	0	9015
2025-08-27  15:37:00	646.89	646.91	646.82	646.87	60027	306		All Symbols Daily Net Profit/Loss (read-only):																		20381	-39646	0	-19265
2025-08-27  15:36:00	646.90	646.93	646.87	646.89	65578	422		All Symbols Cumulative Net Profit/Loss (read-only):																		34104	-31474	0	2630
2025-08-27  15:35:00	646.79	646.91	646.77	646.91	96111	588		All Symbols Cumulative Profit/Loss (read-only):																		51622	-44489	0	7133
2025-08-27  15:34:00	646.76	646.83	646.75	646.79	45361	340		Use Order Fill Calculated Position (read-only):	0																	25753	-19608	0	6145
2025-08-27  15:33:00	646.70	646.77	646.70	646.77	57082	309																				32965	-24117	0	8848
2025-08-27  15:32:00	646.72	646.77	646.68	646.71	48571	284																				30923	-17648	0	13275
2025-08-27  15:31:00	646.73	646.78	646.70	646.72	80275	540																				48504	-31771	0	16733
2025-08-27  15:30:00	646.65	646.77	646.65	646.74	104419	677																				53582	-50837	0	2745
2025-08-27  15:29:00	646.60	646.67	646.55	646.66	63689	459																				28899	-34790	0	-5891
2025-08-27  15:28:00	646.58	646.66	646.52	646.60	58489	383																				35732	-22757	0	12975
2025-08-27  15:27:00	646.65	646.66	646.57	646.58	36840	251																				20005	-16835	0	3170
2025-08-27  15:26:00	646.71	646.72	646.63	646.65	39947	283																				20129	-19818	0	311
2025-08-27  15:25:00	646.56	646.72	646.52	646.71	65936	409																				34735	-31201	0	3534
2025-08-27  15:24:00	646.63	646.65	646.55	646.56	45139	335																				27473	-17666	0	9807
2025-08-27  15:23:00	646.60	646.66	646.57	646.63	41039	311																				21372	-19667	0	1705
2025-08-27  15:22:00	646.46	646.61	646.46	646.60	68248	431																				37745	-30503	0	7242
2025-08-27  15:21:00	646.58	646.60	646.39	646.45	68981	432																				38307	-30674	0	7633
2025-08-27  15:20:00	646.61	646.66	646.55	646.59	84413	486																				34811	-49602	0	-14791
2025-08-27  15:19:00	646.54	646.65	646.52	646.61	146969	917																				64722	-82247	0	-17525
2025-08-27  15:18:00	646.40	646.57	646.40	646.54	129772	788																				73644	-56128	0	17516
2025-08-27  15:17:00	646.42	646.49	646.31	646.41	104599	595																				51183	-53416	0	-2233
2025-08-27  15:16:00	646.41	646.47	646.30	646.42	175146	1098																				101225	-73921	0	27304
2025-08-27  15:15:00	646.13	646.42	646.10	646.41	210855	1305																				128281	-82574	0	45707
2025-08-27  15:14:00	646.32	646.34	646.06	646.12	187947	1245																				101383	-86564	0	14819
2025-08-27  15:13:00	646.01	646.39	645.82	646.31	357492	2169																				228706	-128786	0	99920
2025-08-27  15:12:00	646.63	646.66	645.99	646.02	380870	2571																				194104	-186766	0	7338
2025-08-27  15:11:00	646.78	646.78	646.59	646.63	132346	750																				60278	-72068	0	-11790
2025-08-27  15:10:00	646.83	646.84	646.73	646.78	98766	636																				49450	-49316	0	134
2025-08-27  15:09:00	646.82	646.90	646.79	646.85	77567	496																				43940	-33627	0	10313
2025-08-27  15:08:00	646.82	646.89	646.79	646.82	60232	382																				35107	-25125	0	9982
2025-08-27  15:07:00	646.90	646.94	646.82	646.82	92228	576																				39200	-53028	0	-13828
2025-08-27  15:06:00	646.92	646.92	646.85	646.91	90794	596																				41170	-49624	0	-8454
2025-08-27  15:05:00	646.93	646.95	646.88	646.91	41266	301																				20663	-20603	0	60
2025-08-27  15:04:00	646.96	646.97	646.91	646.93	48740	322																				25052	-23688	0	1364
2025-08-27  15:03:00	646.97	646.99	646.96	646.96	33366	222																				18835	-14531	0	4304
2025-08-27  15:02:00	646.92	646.99	646.91	646.97	65482	434																				40556	-24926	0	15630
2025-08-27  15:01:00	646.92	646.98	646.85	646.91	121248	860																				65838	-55410	0	10428
2025-08-27  15:00:00	647.03	647.06	646.91	646.91	131486	805																				86359	-45127	0	41232
2025-08-27  14:59:00	647.10	647.10	647.01	647.04	37500	262																				20620	-16880	0	3740
2025-08-27  14:58:00	647.03	647.10	647.01	647.10	29251	197																				15747	-13504	0	2243
2025-08-27  14:57:00	647.03	647.10	647.02	647.03	41317	282																				21862	-19455	0	2407
2025-08-27  14:56:00	647.09	647.10	647.03	647.03	102921	616																				51287	-51634	0	-347
2025-08-27  14:55:00	647.10	647.18	647.08	647.09	76480	491																				26703	-49777	0	-23074
2025-08-27  14:54:00	647.11	647.14	647.09	647.11	61272	333																				27075	-34197	0	-7122
2025-08-27  14:53:00	647.18	647.18	647.09	647.12	49501	322																				35463	-14038	0	21425
2025-08-27  14:52:00	647.22	647.23	647.13	647.17	57037	382																				26406	-30631	0	-4225
2025-08-27  14:51:00	647.22	647.28	647.22	647.22	53364	273																				30234	-23130	0	7104
2025-08-27  14:50:00	647.21	647.29	647.21	647.22	49800	352																				30995	-18805	0	12190
2025-08-27  14:49:00	647.27	647.27	647.20	647.20	53392	325																				19610	-33782	0	-14172
2025-08-27  14:48:00	647.24	647.28	647.22	647.27	42024	275																				18307	-23717	0	-5410
2025-08-27  14:47:00	647.24	647.26	647.20	647.24	56025	382																				25791	-30234	0	-4443
2025-08-27  14:46:00	647.24	647.29	647.21	647.24	49500	351																				27559	-21941	0	5618
2025-08-27  14:45:00	647.18	647.31	647.17	647.25	66197	461																				40057	-26140	0	13917
2025-08-27  14:44:00	647.15	647.21	647.15	647.18	92909	331																				50292	-42617	0	7675
2025-08-27  14:43:00	647.19	647.19	647.14	647.15	59302	395																				26316	-32986	0	-6670
2025-08-27  14:42:00	647.16	647.24	647.15	647.19	53161	319																				23840	-29321	0	-5481
2025-08-27  14:41:00	647.18	647.18	647.15	647.16	47810	301																				30360	-17450	0	12910
2025-08-27  14:40:00	647.20	647.22	647.16	647.18	29246	220																				16341	-12905	0	3436
2025-08-27  14:39:00	647.22	647.22	647.18	647.21	26320	183																				18371	-7949	0	10422
2025-08-27  14:38:00	647.15	647.24	647.15	647.23	44809	317																				29792	-15017	0	14775
2025-08-27  14:37:00	647.20	647.20	647.15	647.15	35323	249																				19623	-15700	0	3923
2025-08-27  14:36:00	647.22	647.28	647.19	647.19	63846	397																				34553	-29293	0	5260
2025-08-27  14:35:00	647.20	647.28	647.19	647.22	56044	398																				31766	-24278	0	7488
2025-08-27  14:34:00	647.23	647.24	647.20	647.20	23080	191																				12565	-10515	0	2050
2025-08-27  14:33:00	647.22	647.31	647.22	647.23	32268	212																				20508	-11760	0	8748
2025-08-27  14:32:00	647.22	647.23	647.21	647.22	21921	157																				12477	-9444	0	3033
2025-08-27  14:31:00	647.24	647.24	647.15	647.22	53031	413																				30339	-22692	0	7647
2025-08-27  14:30:00	647.25	647.30	647.22	647.25	46054	305																				17847	-28207	0	-10360
2025-08-27  14:29:00	647.26	647.29	647.24	647.26	54970	340																				31631	-23339	0	8292
2025-08-27  14:28:00	647.34	647.34	647.26	647.26	37170	266																				19091	-18079	0	1012
2025-08-27  14:27:00	647.27	647.35	647.26	647.34	41372	307																				25273	-16099	0	9174
2025-08-27  14:26:00	647.25	647.30	647.24	647.28	34157	222																				12411	-21746	0	-9335
2025-08-27  14:25:00	647.31	647.31	647.21	647.26	34287	229																				16420	-17867	0	-1447
2025-08-27  14:24:00	647.33	647.33	647.27	647.32	39767	248																				13893	-25874	0	-11981
2025-08-27  14:23:00	647.13	647.34	647.13	647.33	93936	495																				55086	-38850	0	16236
2025-08-27  14:22:00	647.15	647.16	647.12	647.13	43763	215																				13713	-30050	0	-16337
2025-08-27  14:21:00	647.14	647.16	647.06	647.15	62559	383																				27255	-35304	0	-8049
2025-08-27  14:20:00	647.12	647.20	647.11	647.15	63039	473																				38570	-24469	0	14101
2025-08-27  14:19:00	647.18	647.22	647.13	647.13	96331	601																				63322	-33009	0	30313
2025-08-27  14:18:00	647.25	647.26	647.17	647.18	61915	352																				37104	-24811	0	12293
2025-08-27  14:17:00	647.33	647.33	647.16	647.25	130758	785																				74974	-55784	0	19190
2025-08-27  14:16:00	647.20	647.35	647.20	647.33	100595	630																				42974	-57621	0	-14647
2025-08-27  14:15:00	647.19	647.27	647.18	647.20	79354	540																				36880	-42474	0	-5594
2025-08-27  14:14:00	647.02	647.30	647.02	647.18	184059	1180																				95237	-88822	0	6415
2025-08-27  14:13:00	646.85	647.05	646.82	647.02	183818	1028																				140552	-43266	0	97286
2025-08-27  14:12:00	646.79	646.86	646.76	646.86	59929	321																				31027	-28902	0	2125
2025-08-27  14:11:00	646.78	646.82	646.78	646.79	58807	345																				30345	-28462	0	1883
2025-08-27  14:10:00	646.72	646.81	646.72	646.78	50592	331																				30992	-19600	0	11392
2025-08-27  14:09:00	646.73	646.76	646.70	646.72	27165	192																				16216	-10949	0	5267
2025-08-27  14:08:00	646.75	646.80	646.72	646.74	70292	396																				36120	-34172	0	1948
2025-08-27  14:07:00	646.64	646.77	646.61	646.77	47023	309																				21827	-25196	0	-3369
2025-08-27  14:06:00	646.62	646.65	646.59	646.63	29256	205																				14998	-14258	0	740
2025-08-27  14:05:00	646.64	646.67	646.58	646.63	62238	397																				34593	-27645	0	6948
2025-08-27  14:04:00	646.70	646.71	646.61	646.64	91103	482																				42861	-48242	0	-5381
2025-08-27  14:03:00	646.70	646.73	646.65	646.70	114123	743																				46736	-67387	0	-20651
2025-08-27  14:02:00	646.73	646.78	646.69	646.70	47332	233																				29809	-17523	0	12286
2025-08-27  14:01:00	646.71	646.76	646.68	646.74	76870	434																				30081	-46789	0	-16708
2025-08-27  14:00:00	646.76	646.81	646.70	646.71	57286	343																				28685	-28601	0	84
2025-08-27  13:59:00	646.82	646.82	646.74	646.76	24074	171																				16050	-8024	0	8026
2025-08-27  13:58:00	646.73	646.82	646.73	646.82	58910	345																				34485	-24425	0	10060
2025-08-27  13:57:00	646.64	646.74	646.63	646.73	36036	273																				21429	-14607	0	6822
2025-08-27  13:56:00	646.66	646.69	646.62	646.64	33634	207																				18854	-14780	0	4074
2025-08-27  13:55:00	646.71	646.71	646.64	646.65	35338	261																				17736	-17602	0	134
2025-08-27  13:54:00	646.71	646.73	646.67	646.71	29317	188																				18482	-10835	0	7647
2025-08-27  13:53:00	646.73	646.75	646.70	646.70	32952	206																				19826	-13126	0	6700
2025-08-27  13:52:00	646.72	646.76	646.70	646.73	38968	298																				17187	-21781	0	-4594
2025-08-27  13:51:00	646.59	646.73	646.59	646.72	35674	263																				23996	-11678	0	12318
2025-08-27  13:50:00	646.62	646.63	646.58	646.59	23119	176																				9329	-13790	0	-4461
2025-08-27  13:49:00	646.62	646.65	646.60	646.63	16070	120																				9258	-6812	0	2446
2025-08-27  13:48:00	646.60	646.63	646.53	646.63	35205	246																				17273	-17932	0	-659
2025-08-27  13:47:00	646.66	646.66	646.58	646.61	46861	307																				28265	-18596	0	9669
2025-08-27  13:46:00	646.62	646.71	646.62	646.67	46479	296																				20065	-26414	0	-6349
2025-08-27  13:45:00	646.63	646.66	646.61	646.63	35051	239																				24307	-10744	0	13563
2025-08-27  13:44:00	646.68	646.70	646.64	646.65	24455	145																				12314	-12141	0	173
2025-08-27  13:43:00	646.57	646.69	646.57	646.69	29177	190																				11054	-18123	0	-7069
2025-08-27  13:42:00	646.63	646.66	646.57	646.58	31011	177																				12371	-18640	0	-6269
2025-08-27  13:41:00	646.63	646.64	646.59	646.63	22330	119																				9754	-12576	0	-2822
2025-08-27  13:40:00	646.66	646.71	646.61	646.63	59542	302																				36991	-22551	0	14440
2025-08-27  13:39:00	646.62	646.68	646.62	646.64	41143	240																				24114	-17029	0	7085
2025-08-27  13:38:00	646.59	646.63	646.57	646.62	30792	191																				18249	-12543	0	5706
2025-08-27  13:37:00	646.59	646.67	646.57	646.59	41907	239																				26431	-15476	0	10955
2025-08-27  13:36:00	646.62	646.63	646.58	646.59	23717	192																				8916	-14801	0	-5885
2025-08-27  13:35:00	646.55	646.67	646.51	646.63	131675	681																				62840	-68835	0	-5995
2025-08-27  13:34:00	646.58	646.60	646.53	646.54	28863	145																				17801	-11062	0	6739
2025-08-27  13:33:00	646.59	646.61	646.56	646.58	19326	159																				11034	-8292	0	2742
2025-08-27  13:32:00	646.60	646.64	646.56	646.59	28179	170																				17591	-10588	0	7003
2025-08-27  13:31:00	646.48	646.63	646.48	646.60	69006	401																				42275	-26731	0	15544
2025-08-27  13:30:00	646.45	646.57	646.44	646.47	63759	395																				42505	-21254	0	21251
2025-08-27  13:29:00	646.44	646.47	646.42	646.45	99792	505																				38151	-61641	0	-23490
2025-08-27  13:28:00	646.44	646.51	646.41	646.44	38268	222																				21028	-17240	0	3788
2025-08-27  13:27:00	646.39	646.45	646.36	646.44	53943	280																				30042	-23901	0	6141
2025-08-27  13:26:00	646.37	646.43	646.36	646.40	30731	248																				14471	-16260	0	-1789
2025-08-27  13:25:00	646.42	646.44	646.34	646.37	33443	230																				14136	-19307	0	-5171
2025-08-27  13:24:00	646.40	646.46	646.40	646.42	55518	353																				35557	-19961	0	15596
2025-08-27  13:23:00	646.38	646.44	646.37	646.40	42797	215																				26715	-16082	0	10633
2025-08-27  13:22:00	646.29	646.39	646.22	646.37	41482	329																				22430	-19052	0	3378
2025-08-27  13:21:00	646.27	646.36	646.25	646.29	36235	295																				17146	-19089	0	-1943
2025-08-27  13:20:00	646.36	646.43	646.27	646.27	55918	380																				23652	-32266	0	-8614
2025-08-27  13:19:00	646.41	646.43	646.35	646.36	30650	199																				15060	-15590	0	-530
2025-08-27  13:18:00	646.33	646.42	646.30	646.42	31632	273																				17994	-13638	0	4356
2025-08-27  13:17:00	646.36	646.41	646.33	646.33	29394	253																				16677	-12717	0	3960
2025-08-27  13:16:00	646.39	646.40	646.32	646.36	52319	345																				30327	-21992	0	8335
2025-08-27  13:15:00	646.48	646.51	646.35	646.39	50264	331																				26909	-23355	0	3554
2025-08-27  13:14:00	646.48	646.55	646.47	646.49	58788	300																				34360	-24428	0	9932
2025-08-27  13:13:00	646.46	646.52	646.42	646.48	97188	519																				59318	-37870	0	21448
2025-08-27  13:12:00	646.46	646.48	646.41	646.45	85591	360																				52842	-32749	0	20093
2025-08-27  13:11:00	646.46	646.48	646.40	646.47	45638	294																				24023	-21615	0	2408
2025-08-27  13:10:00	646.42	646.48	646.40	646.47	48259	265																				31922	-16337	0	15585
2025-08-27  13:09:00	646.42	646.45	646.37	646.45	38553	285																				22980	-15573	0	7407
2025-08-27  13:08:00	646.39	646.43	646.36	646.41	31076	213																				14655	-16421	0	-1766
2025-08-27  13:07:00	646.38	646.41	646.32	646.39	57830	366																				27991	-29839	0	-1848
2025-08-27  13:06:00	646.41	646.42	646.34	646.36	65036	340																				34941	-30095	0	4846
2025-08-27  13:05:00	646.36	646.41	646.29	646.41	39412	310																				18261	-21151	0	-2890
2025-08-27  13:04:00	646.29	646.39	646.28	646.36	49842	376																				24440	-25402	0	-962
2025-08-27  13:03:00	646.20	646.37	646.18	646.28	61064	462																				32367	-28697	0	3670
2025-08-27  13:02:00	646.23	646.24	646.05	646.19	39822	267																				12250	-27572	0	-15322
2025-08-27  13:01:00	646.10	646.27	646.10	646.26	27979	135																				15964	-12015	0	3949
2025-08-27  13:00:00	646.29	646.32	646.04	646.08	87012	529																				40290	-46722	0	-6432
2025-08-27  12:59:00	646.40	646.43	646.29	646.30	78800	553																				39184	-39616	0	-432
2025-08-27  12:58:00	646.42	646.49	646.39	646.39	122247	660																				55412	-66835	0	-11423
2025-08-27  12:57:00	646.48	646.48	646.36	646.42	77155	517																				30306	-46849	0	-16543
2025-08-27  12:56:00	646.36	646.53	646.36	646.48	69878	479																				38828	-31050	0	7778
2025-08-27  12:55:00	646.47	646.48	646.28	646.35	75166	502																				34994	-40172	0	-5178
2025-08-27  12:54:00	646.42	646.49	646.41	646.47	54158	322																				28556	-25602	0	2954
2025-08-27  12:53:00	646.39	646.45	646.35	646.41	52766	376																				27748	-25018	0	2730
2025-08-27  12:52:00	646.34	646.44	646.30	646.38	46207	349																				22181	-24026	0	-1845
2025-08-27  12:51:00	646.30	646.39	646.28	646.34	99214	467																				58418	-40796	0	17622
2025-08-27  12:50:00	646.24	646.32	646.22	646.30	167572	855																				78922	-88650	0	-9728
2025-08-27  12:49:00	646.15	646.26	646.12	646.25	92870	544																				47313	-45557	0	1756
2025-08-27  12:48:00	646.11	646.17	646.09	646.14	49850	311																				25201	-24649	0	552
2025-08-27  12:47:00	645.91	646.14	645.90	646.13	84008	669																				46892	-37116	0	9776
2025-08-27  12:46:00	645.85	645.92	645.82	645.91	33298	275																				16315	-16983	0	-668
2025-08-27  12:45:00	645.78	645.86	645.74	645.85	64935	420																				26452	-38483	0	-12031
2025-08-27  12:44:00	645.97	645.97	645.79	645.79	40523	317																				24106	-16417	0	7689
2025-08-27  12:43:00	645.94	645.97	645.91	645.97	46974	332																				30590	-16384	0	14206
2025-08-27  12:42:00	645.94	645.98	645.92	645.95	38329	278																				15871	-22458	0	-6587
2025-08-27  12:41:00	645.80	645.96	645.79	645.95	42651	324																				24520	-18131	0	6389
2025-08-27  12:40:00	645.82	645.88	645.75	645.80	30744	235																				14884	-15860	0	-976
2025-08-27  12:39:00	645.59	645.83	645.58	645.83	37062	300																				18710	-18352	0	358
2025-08-27  12:38:00	645.59	645.63	645.57	645.58	25991	226																				13512	-12479	0	1033
2025-08-27  12:37:00	645.73	645.77	645.38	645.60	135645	962																				62681	-72964	0	-10283
2025-08-27  12:36:00	645.96	645.96	645.72	645.72	37912	248																				14718	-23194	0	-8476
2025-08-27  12:35:00	645.86	645.98	645.84	645.95	38062	238																				25142	-12920	0	12222
2025-08-27  12:34:00	645.88	645.89	645.82	645.86	26740	174																				10031	-16709	0	-6678
2025-08-27  12:33:00	645.93	645.93	645.75	645.87	65285	499																				34588	-30697	0	3891
2025-08-27  12:32:00	645.92	645.95	645.89	645.92	40952	301																				18112	-22840	0	-4728
2025-08-27  12:31:00	645.94	646.05	645.90	645.91	70050	513																				37039	-33011	0	4028
2025-08-27  12:30:00	645.96	645.98	645.85	645.95	65471	513																				36835	-28636	0	8199
2025-08-27  12:29:00	645.78	645.97	645.76	645.96	113093	872																				58743	-54350	0	4393
2025-08-27  12:28:00	645.51	645.78	645.50	645.78	148877	1001																				84055	-64822	0	19233
2025-08-27  12:27:00	645.62	645.72	645.48	645.51	154094	1055																				62700	-91394	0	-28694
2025-08-27  12:26:00	645.75	645.76	645.56	645.63	203255	1340																				92124	-111131	0	-19007
2025-08-27  12:25:00	645.85	645.91	645.74	645.75	160470	983																				69361	-91109	0	-21748
2025-08-27  12:24:00	646.00	646.07	645.78	645.83	77362	522																				30484	-46878	0	-16394
2025-08-27  12:23:00	645.98	646.05	645.93	646.02	68718	425																				37161	-31557	0	5604
2025-08-27  12:22:00	646.14	646.15	645.91	645.99	81104	392																				33365	-47739	0	-14374
2025-08-27  12:21:00	646.10	646.22	646.08	646.16	62718	440																				28764	-33954	0	-5190
2025-08-27  12:20:00	646.28	646.29	646.07	646.09	70785	434																				34412	-36373	0	-1961
2025-08-27  12:19:00	646.38	646.38	646.27	646.27	27594	180																				17857	-9737	0	8120
2025-08-27  12:18:00	646.32	646.40	646.29	646.38	29250	219																				18144	-11106	0	7038
2025-08-27  12:17:00	646.40	646.42	646.29	646.32	37985	259																				17450	-20535	0	-3085
2025-08-27  12:16:00	646.40	646.41	646.33	646.41	18588	142																				12051	-6537	0	5514
2025-08-27  12:15:00	646.44	646.46	646.37	646.40	40563	208																				21521	-19042	0	2479
2025-08-27  12:14:00	646.40	646.48	646.40	646.45	29292	209																				11596	-17696	0	-6100
2025-08-27  12:13:00	646.52	646.56	646.38	646.41	49761	311																				18322	-31439	0	-13117
2025-08-27  12:12:00	646.53	646.55	646.49	646.52	26061	168																				8294	-17767	0	-9473
2025-08-27  12:11:00	646.54	646.56	646.52	646.53	6080	56																				3027	-3053	0	-26
2025-08-27  12:10:00	646.57	646.57	646.50	646.54	21737	166																				9377	-12360	0	-2983
2025-08-27  12:09:00	646.60	646.60	646.54	646.57	27710	186																				15697	-12013	0	3684
2025-08-27  12:08:00	646.55	646.60	646.52	646.60	28361	192																				10607	-17754	0	-7147
2025-08-27  12:07:00	646.52	646.60	646.51	646.55	21357	144																				10522	-10835	0	-313
2025-08-27  12:06:00	646.51	646.57	646.47	646.53	29209	233																				15777	-13432	0	2345
2025-08-27  12:05:00	646.51	646.53	646.46	646.51	19482	142																				11509	-7973	0	3536
2025-08-27  12:04:00	646.51	646.56	646.50	646.53	15181	122																				9253	-5928	0	3325
2025-08-27  12:03:00	646.52	646.56	646.47	646.51	18312	149																				9011	-9301	0	-290
2025-08-27  12:02:00	646.52	646.53	646.47	646.53	19377	149																				7637	-11740	0	-4103
2025-08-27  12:01:00	646.53	646.58	646.51	646.52	21266	125																				11820	-9446	0	2374
2025-08-27  12:00:00	646.55	646.57	646.50	646.52	44796	328																				24682	-20114	0	4568
2025-08-27  11:59:00	646.63	646.63	646.52	646.54	51499	352																				28154	-23345	0	4809
2025-08-27  11:58:00	646.64	646.68	646.61	646.63	119627	560																				80182	-39445	0	40737
2025-08-27  11:57:00	646.67	646.67	646.60	646.64	34158	273																				20252	-13906	0	6346
2025-08-27  11:56:00	646.57	646.68	646.57	646.67	52470	389																				33269	-19201	0	14068
2025-08-27  11:55:00	646.53	646.59	646.51	646.58	23309	133																				14853	-8456	0	6397
2025-08-27  11:54:00	646.60	646.60	646.50	646.53	27179	183																				10827	-16352	0	-5525
2025-08-27  11:53:00	646.53	646.61	646.53	646.60	24934	155																				10956	-13978	0	-3022
2025-08-27  11:52:00	646.52	646.57	646.50	646.52	36154	217																				18087	-18067	0	20
2025-08-27  11:51:00	646.54	646.56	646.51	646.53	46056	279																				28789	-17267	0	11522
2025-08-27  11:50:00	646.61	646.69	646.55	646.55	58943	395																				36007	-22936	0	13071
2025-08-27  11:49:00	646.61	646.65	646.58	646.61	68163	445																				38502	-29661	0	8841
2025-08-27  11:48:00	646.50	646.64	646.47	646.62	78662	506																				56916	-21746	0	35170
2025-08-27  11:47:00	646.31	646.57	646.29	646.50	83987	522																				44911	-39076	0	5835
2025-08-27  11:46:00	646.33	646.34	646.28	646.30	17297	142																				10616	-6681	0	3935
2025-08-27  11:45:00	646.31	646.39	646.31	646.33	41897	296																				13268	-28629	0	-15361
2025-08-27  11:44:00	646.32	646.33	646.23	646.32	48357	317																				18304	-30053	0	-11749
2025-08-27  11:43:00	646.26	646.35	646.26	646.32	39184	244																				23798	-15386	0	8412
2025-08-27  11:42:00	646.22	646.31	646.22	646.26	33121	246																				21410	-11711	0	9699
2025-08-27  11:41:00	646.21	646.28	646.14	646.22	79925	525																				39981	-39944	0	37
2025-08-27  11:40:00	646.51	646.51	645.91	646.20	306772	2070																				130303	-176469	0	-46166
2025-08-27  11:39:00	646.40	646.53	646.40	646.51	66708	368																				33730	-32978	0	752
2025-08-27  11:38:00	646.34	646.41	646.34	646.40	28706	178																				12767	-15939	0	-3172
2025-08-27  11:37:00	646.35	646.41	646.30	646.34	28073	190																				16603	-11470	0	5133
2025-08-27  11:36:00	646.36	646.39	646.34	646.35	29744	192																				12751	-16993	0	-4242
2025-08-27  11:35:00	646.34	646.36	646.31	646.35	32354	192																				20660	-11694	0	8966
2025-08-27  11:34:00	646.32	646.39	646.30	646.36	33465	248																				13770	-19695	0	-5925
2025-08-27  11:33:00	646.14	646.34	646.13	646.33	42960	289																				21103	-21857	0	-754
2025-08-27  11:32:00	646.35	646.35	646.11	646.14	63997	440																				29159	-34838	0	-5679
2025-08-27  11:31:00	646.39	646.41	646.32	646.34	35197	253																				14499	-20698	0	-6199
2025-08-27  11:30:00	646.30	646.38	646.24	646.37	48812	353																				21635	-27177	0	-5542
2025-08-27  11:29:00	646.27	646.31	646.26	646.30	33196	274																				13908	-19288	0	-5380
2025-08-27  11:28:00	646.26	646.32	646.26	646.28	46050	327																				25462	-20588	0	4874
2025-08-27  11:27:00	646.34	646.37	646.25	646.25	56544	390																				18273	-38271	0	-19998
2025-08-27  11:26:00	646.34	646.41	646.33	646.36	29531	232																				11017	-18514	0	-7497
2025-08-27  11:25:00	646.49	646.49	646.32	646.34	93824	600																				51351	-42473	0	8878
2025-08-27  11:24:00	646.52	646.54	646.46	646.51	48448	285																				22765	-25683	0	-2918
2025-08-27  11:23:00	646.52	646.54	646.49	646.53	45401	268																				13734	-31667	0	-17933
2025-08-27  11:22:00	646.37	646.54	646.37	646.52	87529	546																				52240	-35289	0	16951
2025-08-27  11:21:00	646.38	646.41	646.33	646.37	89322	465																				38733	-50589	0	-11856
2025-08-27  11:20:00	646.34	646.42	646.33	646.39	40884	249																				23788	-17096	0	6692
2025-08-27  11:19:00	646.40	646.42	646.31	646.34	32383	204																				16453	-15930	0	523
2025-08-27  11:18:00	646.44	646.45	646.36	646.40	45409	288																				24909	-20500	0	4409
2025-08-27  11:17:00	646.42	646.48	646.41	646.43	44754	294																				27163	-17591	0	9572
2025-08-27  11:16:00	646.40	646.43	646.36	646.42	62746	408																				33720	-29026	0	4694
2025-08-27  11:15:00	646.38	646.42	646.30	646.41	38739	263																				21609	-17130	0	4479
2025-08-27  11:14:00	646.33	646.39	646.32	646.39	34491	239																				21691	-12800	0	8891
2025-08-27  11:13:00	646.32	646.37	646.30	646.33	23672	197																				10800	-12872	0	-2072
2025-08-27  11:12:00	646.43	646.43	646.29	646.30	50831	335																				22134	-28697	0	-6563
2025-08-27  11:11:00	646.41	646.49	646.40	646.43	36528	289																				21994	-14534	0	7460
2025-08-27  11:10:00	646.39	646.49	646.39	646.40	53067	348																				28641	-24426	0	4215
2025-08-27  11:09:00	646.32	646.42	646.28	646.39	67949	369																				27246	-40703	0	-13457
2025-08-27  11:08:00	646.30	646.38	646.29	646.32	26576	201																				11809	-14767	0	-2958
2025-08-27  11:07:00	646.33	646.37	646.28	646.30	49161	355																				28852	-20309	0	8543
2025-08-27  11:06:00	646.20	646.41	646.19	646.35	137593	978																				69174	-68419	0	755
2025-08-27  11:05:00	646.22	646.27	646.18	646.20	54472	353																				23470	-31002	0	-7532
2025-08-27  11:04:00	646.27	646.29	646.21	646.21	25252	203																				11236	-14016	0	-2780
2025-08-27  11:03:00	646.36	646.37	646.26	646.26	37241	289																				17172	-20069	0	-2897
2025-08-27  11:02:00	646.32	646.34	646.28	646.34	38787	282																				19213	-19574	0	-361
2025-08-27  11:01:00	646.30	646.40	646.30	646.32	44269	300																				24552	-19717	0	4835
2025-08-27  11:00:00	646.19	646.32	646.19	646.29	82524	500																				28110	-54414	0	-26304
2025-08-27  10:59:00	646.19	646.23	646.18	646.18	37344	261																				16407	-20937	0	-4530
2025-08-27  10:58:00	646.23	646.30	646.18	646.20	48564	302																				24624	-23940	0	684
2025-08-27  10:57:00	646.36	646.36	646.22	646.22	40438	267																				20081	-20357	0	-276
2025-08-27  10:56:00	646.25	646.41	646.24	646.37	58894	391																				34886	-24008	0	10878
2025-08-27  10:55:00	646.27	646.28	646.21	646.24	77635	599																				28314	-49321	0	-21007
2025-08-27  10:54:00	646.25	646.28	646.24	646.26	41083	235																				20423	-20660	0	-237
2025-08-27  10:53:00	646.13	646.30	646.11	646.26	59215	428																				29706	-29509	0	197
2025-08-27  10:52:00	646.05	646.13	646.02	646.13	51407	376																				29868	-21539	0	8329
2025-08-27  10:51:00	646.15	646.15	646.04	646.05	26302	201																				13283	-13019	0	264
2025-08-27  10:50:00	646.09	646.20	646.04	646.16	48825	404																				22971	-25854	0	-2883
2025-08-27  10:49:00	645.97	646.10	645.95	646.10	50185	396																				26035	-24150	0	1885
2025-08-27  10:48:00	645.97	646.01	645.93	645.97	42078	334																				25802	-16276	0	9526
2025-08-27  10:47:00	645.85	646.07	645.83	645.97	69272	497																				32961	-36311	0	-3350
2025-08-27  10:46:00	645.82	645.97	645.77	645.86	79331	574																				43557	-35774	0	7783
2025-08-27  10:45:00	646.09	646.13	645.75	645.81	166519	1114																				75982	-90537	0	-14555
2025-08-27  10:44:00	646.16	646.17	646.06	646.09	47974	390																				24320	-23654	0	666
2025-08-27  10:43:00	646.21	646.23	646.08	646.16	50656	379																				24706	-25950	0	-1244
2025-08-27  10:42:00	646.09	646.23	646.08	646.21	117980	671																				70529	-47451	0	23078
2025-08-27  10:41:00	646.16	646.22	646.09	646.10	45772	351																				19530	-26242	0	-6712
2025-08-27  10:40:00	646.18	646.25	646.13	646.15	102842	626																				51117	-51725	0	-608
2025-08-27  10:39:00	646.19	646.22	646.16	646.19	69201	384																				39728	-29473	0	10255
2025-08-27  10:38:00	646.16	646.25	646.13	646.19	59722	425																				30259	-29463	0	796
2025-08-27  10:37:00	646.27	646.29	646.13	646.16	56799	389																				30342	-26457	0	3885
2025-08-27  10:36:00	646.35	646.35	646.25	646.27	50564	345																				21141	-29423	0	-8282
2025-08-27  10:35:00	646.34	646.38	646.23	646.36	64296	441																				30483	-33813	0	-3330
2025-08-27  10:34:00	646.39	646.39	646.30	646.34	58371	371																				20037	-38334	0	-18297
2025-08-27  10:33:00	646.24	646.41	646.20	646.38	160103	940																				71156	-88947	0	-17791
2025-08-27  10:32:00	646.27	646.28	646.12	646.23	123713	767																				49283	-74430	0	-25147
2025-08-27  10:31:00	646.24	646.30	646.20	646.28	78332	486																				24000	-54332	0	-30332
2025-08-27  10:30:00	646.11	646.25	646.04	646.23	62470	394																				27788	-34682	0	-6894
2025-08-27  10:29:00	646.06	646.12	646.02	646.12	80377	435																				43880	-36497	0	7383
2025-08-27  10:28:00	646.16	646.18	646.05	646.08	70671	439																				28355	-42316	0	-13961
2025-08-27  10:27:00	646.24	646.26	646.13	646.16	80175	462																				53310	-26865	0	26445
2025-08-27  10:26:00	646.21	646.29	646.17	646.23	60439	373																				31800	-28639	0	3161
2025-08-27  10:25:00	646.22	646.25	646.18	646.19	52955	361																				23947	-29008	0	-5061
2025-08-27  10:24:00	646.08	646.23	646.06	646.22	79527	488																				40471	-39056	0	1415
2025-08-27  10:23:00	646.18	646.19	645.99	646.08	147676	939																				75561	-72115	0	3446
2025-08-27  10:22:00	646.24	646.27	646.17	646.19	74285	492																				38808	-35477	0	3331
2025-08-27  10:21:00	646.29	646.34	646.22	646.23	134664	936																				62135	-72529	0	-10394
2025-08-27  10:20:00	646.23	646.33	646.16	646.28	153027	1043																				71646	-81381	0	-9735
2025-08-27  10:19:00	645.90	646.26	645.88	646.22	208848	1249																				110148	-98700	0	11448
2025-08-27  10:18:00	645.90	645.93	645.85	645.90	55203	454																				23978	-31225	0	-7247
2025-08-27  10:17:00	645.95	645.97	645.84	645.90	90898	669																				39227	-51671	0	-12444
2025-08-27  10:16:00	645.94	646.02	645.91	645.94	156289	1027																				75616	-80673	0	-5057
2025-08-27  10:15:00	645.84	645.97	645.83	645.94	129916	763																				61821	-68095	0	-6274
2025-08-27  10:14:00	645.84	645.87	645.79	645.84	99269	645																				49975	-49294	0	681
2025-08-27  10:13:00	645.68	645.84	645.67	645.84	122778	827																				67219	-55559	0	11660
2025-08-27  10:12:00	645.65	645.70	645.57	645.68	59100	413																				19004	-40096	0	-21092
2025-08-27  10:11:00	645.65	645.67	645.57	645.66	67633	468																				24846	-42787	0	-17941
2025-08-27  10:10:00	645.66	645.68	645.55	645.65	96678	589																				43912	-52766	0	-8854
2025-08-27  10:09:00	645.64	645.70	645.61	645.66	70144	455																				37594	-32550	0	5044
2025-08-27  10:08:00	645.57	645.70	645.54	645.65	69196	476																				31230	-37966	0	-6736
2025-08-27  10:07:00	645.59	645.71	645.56	645.57	80308	582																				39579	-40729	0	-1150
2025-08-27  10:06:00	645.57	645.62	645.49	645.58	61078	491																				26901	-34177	0	-7276
2025-08-27  10:05:00	645.38	645.56	645.31	645.54	102512	698																				59200	-43312	0	15888
2025-08-27  10:04:00	645.31	645.40	645.29	645.39	89308	637																				49592	-39716	0	9876
2025-08-27  10:03:00	645.55	645.62	645.27	645.30	199872	1272																				93646	-106226	0	-12580
2025-08-27  10:02:00	645.38	645.56	645.33	645.56	73638	528																				46439	-27199	0	19240
2025-08-27  10:01:00	645.37	645.43	645.29	645.37	72993	543																				39942	-33051	0	6891
2025-08-27  10:00:00	645.35	645.46	645.26	645.38	143910	1030																				73024	-70886	0	2138
2025-08-27  09:59:00	645.19	645.36	645.16	645.35	91055	712																				46321	-44734	0	1587
2025-08-27  09:58:00	645.25	645.29	645.19	645.19	52888	398																				20835	-32053	0	-11218
2025-08-27  09:57:00	645.12	645.27	645.08	645.26	70305	583																				34985	-35320	0	-335
2025-08-27  09:56:00	645.14	645.22	645.03	645.12	121664	854																				56452	-65212	0	-8760
2025-08-27  09:55:00	645.39	645.42	645.09	645.13	112270	800																				48054	-64216	0	-16162
2025-08-27  09:54:00	645.19	645.44	645.16	645.40	150536	1015																				72612	-77924	0	-5312
2025-08-27  09:53:00	645.00	645.20	644.94	645.18	95970	662																				43188	-52782	0	-9594
2025-08-27  09:52:00	644.92	645.03	644.86	645.01	80627	580																				49659	-30968	0	18691
2025-08-27  09:51:00	644.96	644.96	644.82	644.91	85364	628																				43797	-41567	0	2230
2025-08-27  09:50:00	644.94	645.06	644.86	644.98	151666	1095																				71961	-79705	0	-7744
2025-08-27  09:49:00	645.02	645.12	644.81	644.92	214596	1210																				83378	-131218	0	-47840
2025-08-27  09:48:00	645.33	645.40	644.93	645.01	212052	1518																				91801	-120251	0	-28450
2025-08-27  09:47:00	645.19	645.38	645.14	645.33	123768	992																				61454	-62314	0	-860
2025-08-27  09:46:00	645.13	645.25	645.04	645.19	147481	1075																				80602	-66879	0	13723
2025-08-27  09:45:00	645.39	645.40	645.02	645.14	143527	1092																				58235	-85292	0	-27057
2025-08-27  09:44:00	645.32	645.53	645.30	645.36	168298	1049																				82714	-85584	0	-2870
2025-08-27  09:43:00	645.28	645.34	645.15	645.32	116420	853																				47847	-68573	0	-20726
2025-08-27  09:42:00	645.29	645.38	645.04	645.27	171611	1271																				78366	-93245	0	-14879
2025-08-27  09:41:00	645.33	645.47	645.27	645.27	110289	757																				57814	-52475	0	5339
2025-08-27  09:40:00	645.34	645.39	645.22	645.34	109788	835																				44149	-65639	0	-21490
2025-08-27  09:39:00	645.26	645.45	645.11	645.35	185403	1260																				92385	-93018	0	-633
2025-08-27  09:38:00	645.27	645.32	645.14	645.25	134313	1004																				67624	-66689	0	935
2025-08-27  09:37:00	645.18	645.38	645.09	645.26	110031	817																				56612	-53419	0	3193
2025-08-27  09:36:00	644.93	645.20	644.89	645.19	147350	1108																				78418	-68932	0	9486
2025-08-27  09:35:00	645.06	645.19	644.93	644.93	126378	912																				67825	-58553	0	9272
2025-08-27  09:34:00	644.90	645.13	644.89	645.06	78890	543																				43043	-35847	0	7196
2025-08-27  09:33:00	645.06	645.09	644.88	644.90	100577	766																				55375	-45202	0	10173
2025-08-27  09:32:00	645.04	645.09	644.84	645.06	145490	1038																				89588	-55902	0	33686
2025-08-27  09:31:00	644.48	645.03	644.42	645.02	128267	1010																				73036	-55231	0	17805
2025-08-27  09:30:00	644.57	644.77	644.49	644.49	459958	2352																				163976	-295982	0	-132006
2025-08-27  09:29:00	644.57	644.57	644.57	644.57	1104	6																				600	-504	0	96
2025-08-27  09:28:00	644.69	644.82	644.57	644.57	13904	45																				6678	-7226	0	-548
2025-08-27  09:27:00	644.78	644.81	644.72	644.74	5198	35																				2650	-2548	0	102
2025-08-27  09:26:00	644.80	644.82	644.74	644.80	1805	16																				1205	-600	0	605
2025-08-27  09:25:00	644.79	644.88	644.76	644.76	2841	20																				1729	-1112	0	617
2025-08-27  09:24:00	644.81	644.83	644.76	644.82	2305	13																				1030	-1275	0	-245
2025-08-27  09:23:00	644.80	644.85	644.80	644.81	1100	9																				900	-200	0	700
2025-08-27  09:22:00	644.76	644.80	644.69	644.80	6742	21																				6055	-687	0	5368
2025-08-27  09:21:00	644.81	644.81	644.74	644.77	3454	23																				1555	-1899	0	-344
2025-08-27  09:20:00	644.85	644.85	644.81	644.81	1807	13																				710	-1097	0	-387
2025-08-27  09:19:00	644.83	644.88	644.81	644.85	2862	16																				2462	-400	0	2062
2025-08-27  09:18:00	644.90	644.90	644.82	644.87	3765	20																				1665	-2100	0	-435
2025-08-27  09:17:00	644.85	644.92	644.82	644.92	3188	18																				1847	-1341	0	506
2025-08-27  09:16:00	644.85	644.86	644.81	644.82	2150	11																				1248	-902	0	346
2025-08-27  09:15:00	645.00	645.02	644.82	644.82	7050	23																				5800	-1250	0	4550
2025-08-27  09:14:00	645.00	645.03	645.00	645.00	1837	10																				1537	-300	0	1237
2025-08-27  09:13:00	645.00	645.03	644.93	645.00	7965	30																				5790	-2175	0	3615
2025-08-27  09:12:00	645.00	645.04	644.96	645.04	2908	16																				1508	-1400	0	108
2025-08-27  09:11:00	645.02	645.03	644.94	644.94	19026	51																				3700	-15326	0	-11626
2025-08-27  09:10:00	644.89	644.94	644.85	644.94	2702	20																				2374	-328	0	2046
2025-08-27  09:09:00	644.82	644.97	644.77	644.87	7776	37																				1800	-5976	0	-4176
2025-08-27  09:08:00	644.83	644.87	644.75	644.78	5931	27																				3434	-2497	0	937
2025-08-27  09:07:00	644.93	644.93	644.81	644.81	8451	39																				1260	-7191	0	-5931
2025-08-27  09:06:00	644.96	644.99	644.86	644.86	7601	38																				4064	-3537	0	527
2025-08-27  09:05:00	644.98	645.08	644.95	645.00	7814	36																				3028	-4786	0	-1758
2025-08-27  09:04:00	645.09	645.10	645.00	645.00	4636	16																				2336	-2300	0	36
2025-08-27  09:03:00	645.26	645.26	645.04	645.08	4481	29																				2300	-2181	0	119
2025-08-27  09:02:00	645.24	645.24	645.20	645.20	808	3																				500	-308	0	192
2025-08-27  09:01:00	645.25	645.26	645.23	645.23	1809	9																				1030	-779	0	251
2025-08-27  09:00:00	645.23	645.26	645.23	645.26	200	2																				100	-100	0	0
2025-08-27  08:59:00	645.25	645.26	645.23	645.26	1000	6																				700	-300	0	400
2025-08-27  08:58:00	645.22	645.25	645.22	645.25	5632	28																				2800	-2832	0	-32
2025-08-27  08:56:00	645.21	645.21	645.11	645.11	1000	5																				100	-900	0	-800
2025-08-27  08:55:00	645.19	645.22	645.19	645.22	344	2																				344	0	0	344
2025-08-27  08:54:00	645.13	645.20	645.13	645.19	1913	8																				1111	-802	0	309
2025-08-27  08:53:00	645.20	645.20	645.14	645.14	1704	8																				1004	-700	0	304
2025-08-27  08:52:00	645.23	645.23	645.19	645.19	1420	2																				100	-1320	0	-1220
2025-08-27  08:51:00	645.18	645.18	645.13	645.13	739	5																				0	-739	0	-739
2025-08-27  08:50:00	645.21	645.23	645.20	645.23	1615	7																				1265	-350	0	915
2025-08-27  08:49:00	645.26	645.29	645.25	645.25	6754	19																				5516	-1238	0	4278
2025-08-27  08:48:00	645.21	645.28	645.21	645.28	3142	14																				2742	-400	0	2342
2025-08-27  08:47:00	645.20	645.23	645.19	645.23	1303	8																				435	-868	0	-433
2025-08-27  08:46:00	645.08	645.27	645.08	645.23	4569	22																				1864	-2705	0	-841
2025-08-27  08:45:00	645.06	645.11	645.03	645.05	2928	17																				2228	-700	0	1528
2025-08-27  08:44:00	645.05	645.07	644.99	644.99	9243	36																				4062	-5181	0	-1119
2025-08-27  08:43:00	645.02	645.09	645.00	645.03	2832	20																				2132	-700	0	1432
2025-08-27  08:42:00	644.98	645.05	644.95	644.99	8264	37																				3552	-4712	0	-1160
2025-08-27  08:41:00	645.16	645.18	645.00	645.00	4492	25																				1896	-2596	0	-700
2025-08-27  08:40:00	645.20	645.20	645.15	645.19	3310	6																				160	-3150	0	-2990
2025-08-27  08:39:00	645.20	645.21	645.19	645.21	1400	5																				700	-700	0	0
2025-08-27  08:38:00	645.22	645.23	645.19	645.23	2262	11																				1200	-1062	0	138
2025-08-27  08:37:00	645.24	645.31	645.23	645.23	1300	10																				1100	-200	0	900
2025-08-27  08:36:00	645.23	645.29	645.23	645.29	3750	23																				2060	-1690	0	370
2025-08-27  08:35:00	645.29	645.29	645.26	645.26	750	5																				350	-400	0	-50
2025-08-27  08:34:00	645.30	645.30	645.26	645.28	2680	16																				638	-2042	0	-1404
2025-08-27  08:33:00	645.35	645.42	645.30	645.33	4462	23																				800	-3662	0	-2862
2025-08-27  08:32:00	645.37	645.40	645.33	645.33	2171	14																				1462	-709	0	753
2025-08-27  08:31:00	645.53	645.54	645.37	645.40	5423	35																				800	-4623	0	-3823
2025-08-27  08:30:00	645.58	645.66	645.58	645.58	3303	18																				2433	-870	0	1563
2025-08-27  08:29:00	645.56	645.59	645.56	645.58	541	5																				400	-141	0	259
2025-08-27  08:28:00	645.69	645.69	645.59	645.63	1892	11																				1592	-300	0	1292
2025-08-27  08:27:00	645.75	645.75	645.70	645.71	1485	9																				490	-995	0	-505
2025-08-27  08:26:00	645.77	645.78	645.71	645.71	500	4																				100	-400	0	-300
2025-08-27  08:25:00	645.79	645.79	645.78	645.78	200	2																				0	-200	0	-200
2025-08-27  08:23:00	645.92	645.92	645.92	645.92	250	2																				0	-250	0	-250
2025-08-27  08:22:00	645.93	645.93	645.93	645.93	100	1																				0	-100	0	-100
2025-08-27  08:21:00	645.89	645.95	645.89	645.95	309	2																				100	-209	0	-109
2025-08-27  08:20:00	645.91	645.91	645.90	645.90	760	3																				0	-760	0	-760
2025-08-27  08:19:00	645.96	645.96	645.96	645.96	100	1																				100	0	0	100
2025-08-27  08:18:00	645.95	646.00	645.92	645.99	2171	13																				1769	-402	0	1367
2025-08-27  08:17:00	645.95	645.99	645.95	645.98	1331	7																				1231	-100	0	1131
2025-08-27  08:16:00	645.93	645.93	645.93	645.93	300	3																				300	0	0	300
2025-08-27  08:15:00	645.91	645.91	645.88	645.88	700	4																				0	-700	0	-700
2025-08-27  08:14:00	645.92	645.94	645.92	645.94	200	2																				0	-200	0	-200
2025-08-27  08:13:00	645.91	645.97	645.90	645.95	4146	10																				3546	-600	0	2946
2025-08-27  08:12:00	645.93	645.93	645.91	645.91	579	3																				329	-250	0	79
2025-08-27  08:11:00	645.88	645.90	645.88	645.90	724	3																				434	-290	0	144
2025-08-27  08:10:00	645.88	645.88	645.86	645.86	790	2																				0	-790	0	-790
2025-08-27  08:07:00	645.78	645.82	645.78	645.81	628	4																				320	-308	0	12
2025-08-27  08:05:00	645.76	645.76	645.76	645.76	500	1																				500	0	0	500
2025-08-27  08:04:00	645.76	645.76	645.73	645.73	563	2																				0	-563	0	-563
2025-08-27  08:03:00	645.73	645.73	645.73	645.73	200	2																				100	-100	0	0
2025-08-27  08:02:00	645.85	645.85	645.73	645.73	200	2																				200	0	0	200
2025-08-27  08:01:00	645.73	645.73	645.69	645.71	812	7																				0	-812	0	-812
2025-08-27  08:00:00	645.62	645.92	645.08	645.71	42154	121																				16738	-25416	0	-8678
2025-08-27  07:59:00	645.77	645.79	645.77	645.79	450	3																				450	0	0	450
2025-08-27  07:58:00	645.81	645.81	645.80	645.80	756	6																				200	-556	0	-356
2025-08-27  07:55:00	645.90	645.90	645.90	645.90	2932	12																				2932	0	0	2932
2025-08-27  07:52:00	645.86	645.86	645.86	645.86	100	1																				100	0	0	100
2025-08-27  07:50:00	645.89	645.89	645.89	645.89	141	1																				141	0	0	141
2025-08-27  07:49:00	645.90	645.90	645.85	645.89	6409	37																				799	-5610	0	-4811
2025-08-27  07:47:00	645.85	645.88	645.85	645.88	481	3																				0	-481	0	-481
2025-08-27  07:46:00	645.83	645.83	645.83	645.83	165	1																				165	0	0	165
2025-08-27  07:45:00	645.82	645.82	645.80	645.80	350	2																				0	-350	0	-350
2025-08-27  07:44:00	645.85	645.85	645.80	645.82	3600	18																				900	-2700	0	-1800
2025-08-27  07:43:00	645.82	645.83	645.82	645.83	300	2																				300	0	0	300
2025-08-27  07:42:00	645.84	645.84	645.84	645.84	100	1																				0	-100	0	-100
2025-08-27  07:40:00	645.89	645.89	645.89	645.89	400	1																				400	0	0	400
2025-08-27  07:39:00	645.84	645.86	645.79	645.86	6207	38																				3607	-2600	0	1007
2025-08-27  07:35:00	645.79	645.79	645.79	645.79	100	1																				100	0	0	100
2025-08-27  07:33:00	645.78	645.78	645.78	645.78	300	1																				300	0	0	300
2025-08-27  07:32:00	645.75	645.75	645.75	645.75	100	1																				0	-100	0	-100
2025-08-27  07:30:00	645.76	645.76	645.76	645.76	100	1																				0	-100	0	-100
2025-08-27  07:29:00	645.76	645.76	645.76	645.76	297	1																				297	0	0	297
2025-08-27  07:27:00	645.71	645.71	645.71	645.71	569	1																				0	-569	0	-569
2025-08-27  07:25:00	645.73	645.73	645.73	645.73	100	1																				100	0	0	100
2025-08-27  07:23:00	645.76	645.76	645.74	645.74	534	3																				0	-534	0	-534
2025-08-27  07:22:00	645.84	645.85	645.82	645.82	1600	13																				1600	0	0	1600
2025-08-27  07:21:00	645.76	645.76	645.76	645.76	200	2																				0	-200	0	-200
2025-08-27  07:20:00	645.78	645.78	645.78	645.78	200	2																				200	0	0	200
2025-08-27  07:19:00	645.77	645.77	645.77	645.77	300	3																				300	0	0	300
2025-08-27  07:18:00	645.80	645.81	645.80	645.81	200	2																				200	0	0	200
2025-08-27  07:17:00	645.76	645.76	645.76	645.76	100	1																				100	0	0	100
2025-08-27  07:15:00	645.75	645.75	645.75	645.75	1100	5																				1100	0	0	1100
2025-08-27  07:14:00	645.72	645.75	645.72	645.75	1900	5																				1800	-100	0	1700
2025-08-27  07:12:00	645.70	645.71	645.70	645.71	400	4																				400	0	0	400
2025-08-27  07:11:00	645.68	645.68	645.64	645.64	200	2																				0	-200	0	-200
2025-08-27  07:08:00	645.60	645.60	645.60	645.60	100	1																				0	-100	0	-100
2025-08-27  07:07:00	645.59	645.59	645.53	645.59	3900	30																				1730	-2170	0	-440
2025-08-27  07:05:00	645.62	645.63	645.60	645.63	3900	37																				3800	-100	0	3700
2025-08-27  07:04:00	645.58	645.58	645.56	645.56	300	3																				100	-200	0	-100
2025-08-27  07:03:00	645.59	645.61	645.59	645.61	700	7																				100	-600	0	-500
2025-08-27  07:02:00	645.64	645.64	645.64	645.64	100	1																				0	-100	0	-100
2025-08-27  07:00:00	645.72	645.72	645.72	645.72	100	1																				0	-100	0	-100
2025-08-27  06:53:00	645.64	645.64	645.64	645.64	100	1																				100	0	0	100
2025-08-27  06:52:00	645.61	645.61	645.60	645.60	600	6																				0	-600	0	-600
2025-08-27  06:49:00	645.71	645.71	645.71	645.71	100	1																				100	0	0	100
2025-08-27  06:48:00	645.64	645.65	645.64	645.64	1000	10																				100	-900	0	-800
2025-08-27  06:47:00	645.68	645.68	645.68	645.68	100	1																				0	-100	0	-100
2025-08-27  06:41:00	645.69	645.69	645.69	645.69	400	4																				0	-400	0	-400
2025-08-27  06:39:00	645.65	645.65	645.65	645.65	2770	10																				2370	-400	0	1970
2025-08-27  06:33:00	645.71	645.71	645.71	645.71	100	1																				0	-100	0	-100
2025-08-27  06:32:00	645.73	645.73	645.72	645.73	600	6																				0	-600	0	-600
2025-08-27  06:31:00	645.75	645.76	645.75	645.76	577	2																				477	-100	0	377
2025-08-27  06:30:00	645.78	645.78	645.78	645.78	200	2																				200	0	0	200
2025-08-27  06:28:00	645.76	645.76	645.76	645.76	320	2																				0	-320	0	-320
2025-08-27  06:22:00	645.57	645.57	645.57	645.57	100	1																				0	-100	0	-100
2025-08-27  06:20:00	645.61	645.61	645.61	645.61	100	1																				100	0	0	100
2025-08-27  06:18:00	645.65	645.65	645.65	645.65	100	1																				0	-100	0	-100
2025-08-27  06:16:00	645.69	645.69	645.69	645.69	100	1																				100	0	0	100
2025-08-27  06:13:00	645.57	645.57	645.57	645.57	200	2																				0	-200	0	-200
2025-08-27  06:12:00	645.60	645.60	645.60	645.60	107	1																				0	-107	0	-107
2025-08-27  06:02:00	645.63	645.63	645.63	645.63	200	2																				0	-200	0	-200
2025-08-27  06:01:00	645.61	645.61	645.61	645.61	200	2																				0	-200	0	-200
2025-08-27  06:00:00	645.61	645.61	645.61	645.61	200	2																				0	-200	0	-200
2025-08-27  05:55:00	645.63	645.63	645.63	645.63	100	1																				0	-100	0	-100
2025-08-27  05:52:00	645.67	645.67	645.67	645.67	500	5																				500	0	0	500
2025-08-27  05:51:00	645.68	645.68	645.68	645.68	100	1																				0	-100	0	-100
2025-08-27  05:43:00	645.68	645.68	645.68	645.68	100	1																				100	0	0	100
2025-08-27  05:39:00	645.74	645.77	645.74	645.77	200	2																				100	-100	0	0
2025-08-27  05:37:00	645.72	645.73	645.71	645.73	300	3																				100	-200	0	-100
2025-08-27  05:32:00	645.69	645.71	645.69	645.71	1300	7																				1300	0	0	1300
2025-08-27  05:27:00	645.65	645.65	645.62	645.62	200	2																				0	-200	0	-200
2025-08-27  05:17:00	645.55	645.55	645.55	645.55	182	1																				182	0	0	182
2025-08-27  05:16:00	645.50	645.50	645.50	645.50	300	3																				0	-300	0	-300
2025-08-27  05:14:00	645.56	645.56	645.56	645.56	100	1																				100	0	0	100
2025-08-27  05:07:00	645.51	645.51	645.51	645.51	100	1																				0	-100	0	-100
2025-08-27  05:06:00	645.51	645.51	645.51	645.51	100	1																				0	-100	0	-100
2025-08-27  05:05:00	645.54	645.55	645.54	645.55	900	9																				900	0	0	900
2025-08-27  05:02:00	645.42	645.53	645.42	645.42	400	4																				100	-300	0	-200
2025-08-27  04:59:00	645.38	645.39	645.38	645.39	300	2																				300	0	0	300
2025-08-27  04:57:00	645.32	645.32	645.32	645.32	100	1																				100	0	0	100
2025-08-27  04:53:00	645.11	645.11	645.11	645.11	100	1																				0	-100	0	-100
2025-08-27  04:51:00	645.10	645.10	645.10	645.10	100	1																				100	0	0	100
2025-08-27  04:49:00	645.00	645.00	644.99	644.99	920	4																				0	-920	0	-920
2025-08-27  04:43:00	645.32	645.32	645.32	645.32	100	1																				100	0	0	100
2025-08-27  04:39:00	645.26	645.26	645.26	645.26	100	1																				100	0	0	100
2025-08-27  04:38:00	645.19	645.24	645.19	645.23	760	4																				660	-100	0	560
2025-08-27  04:35:00	645.07	645.07	645.06	645.06	1000	7																				0	-1000	0	-1000
2025-08-27  04:34:00	645.10	645.10	645.10	645.10	100	1																				0	-100	0	-100
2025-08-27  04:33:00	645.27	645.27	645.27	645.27	100	1																				0	-100	0	-100
2025-08-27  04:31:00	645.28	645.28	645.28	645.28	200	2																				200	0	0	200
2025-08-27  04:29:00	645.24	645.24	645.24	645.24	100	1																				100	0	0	100
2025-08-27  04:27:00	645.22	645.28	645.22	645.28	400	3																				100	-300	0	-200
2025-08-27  04:25:00	645.15	645.15	645.15	645.15	100	1																				0	-100	0	-100
2025-08-27  04:24:00	645.16	645.16	645.16	645.16	500	2																				500	0	0	500
2025-08-27  04:23:00	645.24	645.24	645.24	645.24	100	1																				0	-100	0	-100
2025-08-27  04:22:00	645.30	645.30	645.30	645.30	100	1																				0	-100	0	-100
2025-08-27  04:20:00	645.32	645.32	645.30	645.30	1691	4																				0	-1691	0	-1691
2025-08-27  04:19:00	645.35	645.35	645.31	645.31	610	6																				410	-200	0	210
2025-08-27  04:18:00	645.29	645.29	645.29	645.29	500	1																				500	0	0	500
2025-08-27  04:17:00	645.22	645.22	645.22	645.22	100	1																				0	-100	0	-100
2025-08-27  04:15:00	645.18	645.18	645.18	645.18	200	2																				200	0	0	200
2025-08-27  04:14:00	645.24	645.24	645.22	645.22	400	4																				400	0	0	400
2025-08-27  04:12:00	645.33	645.33	645.33	645.33	100	1																				100	0	0	100
2025-08-27  04:11:00	645.35	645.35	645.35	645.35	409	1																				409	0	0	409
2025-08-27  04:10:00	645.32	645.32	645.32	645.32	200	2																				0	-200	0	-200
2025-08-27  04:09:00	645.34	645.35	645.34	645.34	900	9																				0	-900	0	-900
2025-08-27  04:08:00	645.46	645.46	645.39	645.39	500	5																				100	-400	0	-300
2025-08-27  04:06:00	645.45	645.45	645.43	645.43	312	2																				212	-100	0	112
2025-08-27  04:00:00	645.50	645.50	645.41	645.47	1687	13																				700	-987	0	-287
2025-08-26  20:00:00	645.16	645.16	645.16	645.16	1	1																				0	-1	0	-1
2025-08-26  19:59:00	645.78	645.78	645.71	645.71	10843	31																				7735	-3108	0	4627
2025-08-26  19:58:00	645.78	645.78	645.78	645.78	200	1																				0	-200	0	-200
2025-08-26  19:57:00	645.80	645.80	645.80	645.80	2000	7																				2000	0	0	2000
2025-08-26  19:56:00	645.78	645.78	645.78	645.78	2000	6																				2000	0	0	2000
2025-08-26  19:54:00	645.72	645.74	645.72	645.74	599	4																				300	-299	0	1
2025-08-26  19:53:00	645.74	645.74	645.74	645.74	400	2																				400	0	0	400
2025-08-26  19:51:00	645.72	645.72	645.71	645.71	1000	3																				0	-1000	0	-1000
2025-08-26  19:50:00	645.72	645.72	645.70	645.71	600	6																				100	-500	0	-400
2025-08-26  19:49:00	645.76	645.76	645.72	645.72	2198	8																				900	-1298	0	-398
2025-08-26  19:48:00	645.78	645.78	645.76	645.78	1025	6																				525	-500	0	25
2025-08-26  19:47:00	645.74	645.74	645.74	645.74	200	1																				200	0	0	200
2025-08-26  19:46:00	645.79	645.79	645.79	645.79	700	2																				700	0	0	700
2025-08-26  19:45:00	645.79	645.80	645.78	645.80	500	3																				400	-100	0	300
2025-08-26  19:43:00	645.82	645.83	645.80	645.80	1700	7																				1700	0	0	1700
2025-08-26  19:40:00	645.83	645.83	645.83	645.83	140	1																				0	-140	0	-140
2025-08-26  19:39:00	645.84	645.84	645.84	645.84	600	2																				400	-200	0	200
2025-08-26  19:31:00	645.74	645.74	645.74	645.74	100	1																				0	-100	0	-100
2025-08-26  19:28:00	645.70	645.70	645.70	645.70	200	1																				0	-200	0	-200
2025-08-26  19:22:00	645.70	645.70	645.68	645.68	368	2																				368	0	0	368
2025-08-26  19:17:00	645.68	645.68	645.68	645.68	198	1																				198	0	0	198
2025-08-26  19:14:00	645.68	645.68	645.68	645.68	100	1																				0	-100	0	-100
2025-08-26  19:13:00	645.73	645.73	645.73	645.73	100	1																				100	0	0	100
2025-08-26  19:09:00	645.72	645.72	645.72	645.72	200	1																				0	-200	0	-200
2025-08-26  19:04:00	645.73	645.74	645.73	645.74	2500	12																				2500	0	0	2500
2025-08-26  19:03:00	645.76	645.76	645.76	645.76	100	1																				0	-100	0	-100
2025-08-26  19:01:00	645.78	645.78	645.78	645.78	100	1																				100	0	0	100
2025-08-26  19:00:00	645.75	645.75	645.71	645.71	400	3																				300	-100	0	200
2025-08-26  18:59:00	645.71	645.75	645.71	645.75	400	2																				200	-200	0	0
2025-08-26  18:58:00	645.78	645.78	645.78	645.78	200	1																				200	0	0	200
2025-08-26  18:55:00	645.81	645.81	645.81	645.81	150	1																				150	0	0	150
2025-08-26  18:54:00	645.76	645.76	645.76	645.76	100	1																				0	-100	0	-100
2025-08-26  18:49:00	645.75	645.75	645.74	645.74	1500	3																				0	-1500	0	-1500
2025-08-26  18:45:00	645.75	645.75	645.75	645.75	127	1																				0	-127	0	-127
2025-08-26  18:42:00	645.74	645.74	645.74	645.74	198	1																				0	-198	0	-198
2025-08-26  18:41:00	645.76	645.76	645.76	645.76	100	1																				100	0	0	100
2025-08-26  18:39:00	645.75	645.75	645.75	645.75	100	1																				0	-100	0	-100
2025-08-26  18:38:00	645.79	645.79	645.79	645.79	2000	5																				0	-2000	0	-2000
2025-08-26  18:30:00	645.16	645.69	645.16	645.69	1101	3																				0	-1101	0	-1101
2025-08-26  18:29:00	645.69	645.75	645.68	645.75	670	4																				271	-399	0	-128
2025-08-26  18:22:00	645.72	645.72	645.72	645.72	200	1																				0	-200	0	-200
2025-08-26  18:21:00	645.70	645.70	645.70	645.70	400	4																				300	-100	0	200
2025-08-26  18:19:00	645.72	645.72	645.72	645.72	400	2																				200	-200	0	0
2025-08-26  18:15:00	645.76	645.76	645.76	645.76	100	1																				0	-100	0	-100
2025-08-26  18:12:00	645.75	645.78	645.74	645.78	6277	29																				2677	-3600	0	-923
2025-08-26  18:11:00	645.76	645.81	645.75	645.81	3561	13																				600	-2961	0	-2361
2025-08-26  18:10:00	645.73	645.75	645.73	645.75	339	3																				339	0	0	339
2025-08-26  18:09:00	645.70	645.74	645.70	645.74	1900	10																				1300	-600	0	700
2025-08-26  18:08:00	645.75	645.75	645.75	645.75	400	2																				400	0	0	400
2025-08-26  18:07:00	645.79	645.79	645.74	645.74	600	2																				100	-500	0	-400
2025-08-26  18:06:00	645.72	645.73	645.72	645.73	898	4																				400	-498	0	-98
2025-08-26  18:05:00	645.80	645.80	645.74	645.74	597	2																				100	-497	0	-397
2025-08-26  18:04:00	645.80	645.84	645.80	645.80	809	4																				309	-500	0	-191
2025-08-26  18:03:00	645.82	645.82	645.82	645.82	100	1																				100	0	0	100
2025-08-26  18:02:00	645.81	645.85	645.79	645.85	2299	11																				1501	-798	0	703
2025-08-26  18:01:00	645.78	645.90	645.78	645.80	2084	9																				1177	-907	0	270
2025-08-26  18:00:00	645.73	645.77	645.60	645.77	12114	42																				5508	-6606	0	-1098
2025-08-26  17:59:00	645.69	645.72	645.68	645.72	771	5																				243	-528	0	-285
2025-08-26  17:58:00	645.68	645.68	645.68	645.68	201	1																				201	0	0	201
2025-08-26  17:57:00	645.68	645.68	645.68	645.68	100	1																				100	0	0	100
2025-08-26  17:56:00	645.68	645.68	645.68	645.68	200	1																				200	0	0	200
2025-08-26  17:55:00	645.68	645.68	645.68	645.68	300	3																				100	-200	0	-100
2025-08-26  17:54:00	645.68	645.69	645.68	645.69	200	2																				200	0	0	200
2025-08-26  17:53:00	645.67	645.67	645.67	645.67	170	1																				0	-170	0	-170
2025-08-26  17:49:00	645.69	645.69	645.69	645.69	200	2																				200	0	0	200
2025-08-26  17:48:00	645.68	645.68	645.66	645.66	400	3																				200	-200	0	0
2025-08-26  17:47:00	645.66	645.69	645.66	645.69	355	2																				155	-200	0	-45
2025-08-26  17:46:00	645.66	645.66	645.65	645.65	216	2																				0	-216	0	-216
2025-08-26  17:45:00	645.67	645.68	645.67	645.68	596	4																				496	-100	0	396
2025-08-26  17:44:00	645.66	645.66	645.66	645.66	111	1																				0	-111	0	-111
2025-08-26  17:43:00	645.66	645.69	645.66	645.68	450	3																				350	-100	0	250
2025-08-26  17:42:00	645.68	645.68	645.65	645.65	418	3																				200	-218	0	-18
2025-08-26  17:41:00	645.67	645.67	645.67	645.67	401	2																				0	-401	0	-401
2025-08-26  17:39:00	645.66	645.68	645.66	645.68	1382	6																				200	-1182	0	-982
2025-08-26  17:38:00	645.66	645.66	645.66	645.66	300	1																				0	-300	0	-300
2025-08-26  17:37:00	645.66	645.66	645.66	645.66	119	1																				0	-119	0	-119
2025-08-26  17:33:00	645.66	645.66	645.66	645.66	200	1																				0	-200	0	-200
2025-08-26  17:32:00	645.65	645.65	645.65	645.65	1257	3																				0	-1257	0	-1257
2025-08-26  17:31:00	645.70	645.70	645.70	645.70	100	1																				100	0	0	100
2025-08-26  17:30:00	645.65	645.65	645.65	645.65	400	2																				0	-400	0	-400
2025-08-26  17:29:00	645.63	645.65	645.63	645.65	520	3																				0	-520	0	-520
2025-08-26  17:28:00	645.63	645.63	645.62	645.63	1815	3																				977	-838	0	139
2025-08-26  17:27:00	645.63	645.64	645.61	645.62	2386	8																				335	-2051	0	-1716
2025-08-26  17:25:00	645.62	645.63	645.62	645.63	592	4																				192	-400	0	-208
2025-08-26  17:24:00	645.63	645.64	645.63	645.63	2201	7																				801	-1400	0	-599
2025-08-26  17:23:00	645.66	645.67	645.63	645.65	4370	13																				1800	-2570	0	-770
2025-08-26  17:22:00	645.65	645.65	645.65	645.65	100	1																				100	0	0	100
2025-08-26  17:21:00	645.66	645.66	645.65	645.65	1148	6																				798	-350	0	448
2025-08-26  17:20:00	645.64	645.64	645.64	645.64	200	1																				0	-200	0	-200
2025-08-26  17:19:00	645.68	645.68	645.61	645.64	9249	21																				2018	-7231	0	-5213
2025-08-26  17:18:00	645.68	645.69	645.68	645.68	801	4																				0	-801	0	-801
2025-08-26  17:17:00	645.71	645.71	645.71	645.71	125	1																				125	0	0	125
2025-08-26  17:16:00	645.70	645.70	645.70	645.70	100	1																				0	-100	0	-100
2025-08-26  17:14:00	645.71	645.71	645.70	645.70	1741	5																				0	-1741	0	-1741
2025-08-26  17:13:00	645.70	645.71	645.70	645.71	1314	6																				200	-1114	0	-914
2025-08-26  17:12:00	645.69	645.69	645.69	645.69	200	2																				200	0	0	200
2025-08-26  17:10:00	645.70	645.70	645.69	645.70	500	3																				300	-200	0	100
2025-08-26  17:09:00	645.70	645.71	645.69	645.69	2875	10																				845	-2030	0	-1185
2025-08-26  17:07:00	645.69	645.69	645.69	645.69	193	1																				0	-193	0	-193
2025-08-26  17:06:00	645.68	645.68	645.68	645.68	399	1																				0	-399	0	-399
2025-08-26  17:05:00	645.69	645.69	645.68	645.68	2895	8																				0	-2895	0	-2895
2025-08-26  17:03:00	645.68	645.72	645.68	645.72	268	2																				108	-160	0	-52
2025-08-26  17:00:00	645.78	645.78	645.69	645.72	586	5																				450	-136	0	314
2025-08-26  16:59:00	645.78	645.78	645.78	645.78	200	1																				200	0	0	200
2025-08-26  16:58:00	645.76	645.76	645.75	645.75	1400	4																				0	-1400	0	-1400
2025-08-26  16:57:00	645.79	645.79	645.79	645.79	200	1																				200	0	0	200
2025-08-26  16:56:00	645.76	645.76	645.75	645.75	867	2																				167	-700	0	-533
2025-08-26  16:55:00	645.77	645.79	645.76	645.79	2029	11																				1200	-829	0	371
2025-08-26  16:54:00	645.79	645.79	645.77	645.77	450	2																				0	-450	0	-450
2025-08-26  16:52:00	645.74	645.77	645.74	645.76	778	6																				247	-531	0	-284
2025-08-26  16:51:00	645.76	645.76	645.74	645.74	3259	17																				400	-2859	0	-2459
2025-08-26  16:50:00	645.77	645.77	645.76	645.76	2400	12																				800	-1600	0	-800
2025-08-26  16:49:00	645.75	645.79	645.74	645.77	2786	17																				1976	-810	0	1166
2025-08-26  16:48:00	645.75	645.76	645.75	645.76	600	5																				600	0	0	600
2025-08-26  16:47:00	645.74	645.77	645.74	645.75	973	5																				100	-873	0	-773
2025-08-26  16:46:00	645.75	645.75	645.75	645.75	700	6																				400	-300	0	100
2025-08-26  16:45:00	645.74	645.74	645.73	645.74	993	8																				993	0	0	993
2025-08-26  16:44:00	645.71	645.75	645.71	645.75	3274	12																				2474	-800	0	1674
2025-08-26  16:43:00	645.71	645.71	645.69	645.69	7206	21																				3766	-3440	0	326
2025-08-26  16:42:00	645.67	645.69	645.66	645.69	2437	13																				1279	-1158	0	121
2025-08-26  16:41:00	645.61	645.68	645.61	645.68	3674	12																				1262	-2412	0	-1150
2025-08-26  16:40:00	645.61	645.62	645.61	645.62	2457	12																				1757	-700	0	1057
2025-08-26  16:39:00	645.58	645.59	645.58	645.59	2253	7																				1652	-601	0	1051
2025-08-26  16:38:00	645.59	645.59	645.58	645.59	800	4																				600	-200	0	400
2025-08-26  16:37:00	645.57	645.59	645.57	645.57	2867	14																				977	-1890	0	-913
2025-08-26  16:36:00	645.60	645.61	645.59	645.59	3497	23																				598	-2899	0	-2301
2025-08-26  16:35:00	645.61	645.61	645.60	645.61	793	5																				196	-597	0	-401
2025-08-26  16:34:00	645.69	645.69	645.65	645.65	3400	14																				1600	-1800	0	-200
2025-08-26  16:33:00	645.70	645.75	645.67	645.67	44230	129																				30337	-13893	0	16444
2025-08-26  16:32:00	645.69	645.69	645.69	645.69	875	5																				875	0	0	875
2025-08-26  16:31:00	645.64	645.69	645.64	645.69	3129	13																				1207	-1922	0	-715
2025-08-26  16:30:00	645.65	645.65	645.64	645.65	17218	32																				16633	-585	0	16048
2025-08-26  16:29:00	645.60	645.65	645.59	645.64	28513	97																				21423	-7090	0	14333
2025-08-26  16:28:00	645.59	645.62	645.56	645.62	17286	60																				15600	-1686	0	13914
2025-08-26  16:27:00	645.56	645.59	645.55	645.59	4227	15																				2379	-1848	0	531
2025-08-26  16:26:00	645.57	645.58	645.57	645.57	1403	8																				1003	-400	0	603
2025-08-26  16:25:00	645.58	645.60	645.57	645.58	5381	24																				1594	-3787	0	-2193
2025-08-26  16:24:00	645.62	645.62	645.58	645.58	12370	17																				8400	-3970	0	4430
2025-08-26  16:23:00	645.64	645.64	645.61	645.62	8686	29																				4942	-3744	0	1198
2025-08-26  16:22:00	645.58	645.69	645.57	645.66	41731	141																				26430	-15301	0	11129
2025-08-26  16:21:00	645.63	645.63	645.58	645.59	14560	54																				3943	-10617	0	-6674
2025-08-26  16:20:00	645.60	645.62	645.60	645.62	3483	14																				2583	-900	0	1683
2025-08-26  16:19:00	645.63	645.66	645.60	645.61	6606	31																				2982	-3624	0	-642
2025-08-26  16:18:00	645.62	645.65	645.62	645.63	3287	23																				610	-2677	0	-2067
2025-08-26  16:17:00	645.60	645.63	645.59	645.63	13656	60																				11033	-2623	0	8410
2025-08-26  16:16:00	645.63	645.63	645.60	645.61	2427	14																				200	-2227	0	-2027
2025-08-26  16:15:00	645.67	645.67	645.60	645.61	21784	78																				14126	-7658	0	6468
2025-08-26  16:14:00	645.67	645.71	645.66	645.68	50350	195																				28551	-21799	0	6752
2025-08-26  16:13:00	645.62	645.67	645.60	645.67	28167	73																				19720	-8447	0	11273
2025-08-26  16:12:00	645.63	645.69	645.61	645.63	49743	172																				28338	-21405	0	6933
2025-08-26  16:11:00	645.52	645.62	645.51	645.60	25848	104																				15699	-10149	0	5550
2025-08-26  16:10:00	645.16	645.56	645.16	645.53	14512	41																				9216	-5296	0	3920
2025-08-26  16:09:00	645.61	645.64	645.52	645.53	12465	62																				9253	-3212	0	6041
2025-08-26  16:08:00	645.47	645.63	645.47	645.61	26604	104																				16776	-9828	0	6948
2025-08-26  16:07:00	645.47	645.56	645.44	645.46	23120	97																				15687	-7433	0	8254
2025-08-26  16:06:00	645.30	645.47	645.29	645.46	58558	200																				26449	-32109	0	-5660
2025-08-26  16:05:00	645.21	645.30	645.20	645.29	79773	263																				52759	-27014	0	25745
2025-08-26  16:04:00	645.20	645.29	645.18	645.21	59049	208																				16763	-42286	0	-25523
2025-08-26  16:03:00	645.12	645.19	645.09	645.18	58626	206																				36184	-22442	0	13742
2025-08-26  16:02:00	645.08	645.15	645.08	645.12	53764	211																				44271	-9493	0	34778
2025-08-26  16:01:00	645.12	645.13	645.02	645.09	63101	235																				39483	-23618	0	15865
2025-08-26  16:00:00	645.13	645.38	644.96	645.12	1541255	784																				1409402	-131853	0	1277549
2025-08-26  15:59:00	645.29	645.51	645.13	645.13	1744719	8302																				1003741	-740978	0	262763
2025-08-26  15:58:00	645.46	645.47	645.18	645.29	415854	2604																				197529	-218325	0	-20796
2025-08-26  15:57:00	645.24	645.48	645.21	645.46	408673	1997																				217687	-190986	0	26701
2025-08-26  15:56:00	645.11	645.26	645.07	645.25	288532	1670																				135362	-153170	0	-17808
2025-08-26  15:55:00	644.77	645.17	644.77	645.13	441066	2631																				228971	-212095	0	16876
2025-08-26  15:54:00	645.04	645.09	644.65	644.77	416187	2517																				204388	-211799	0	-7411
2025-08-26  15:53:00	644.92	645.12	644.90	645.03	152997	950																				77236	-75761	0	1475
2025-08-26  15:52:00	644.87	644.98	644.77	644.92	268240	1525																				125107	-143133	0	-18026
2025-08-26  15:51:00	644.94	644.97	644.73	644.86	255042	1425																				122361	-132681	0	-10320
2025-08-26  15:50:00	644.26	644.93	644.12	644.93	583795	3182																				337662	-246133	0	91529
2025-08-26  15:49:00	644.22	644.31	644.16	644.25	113469	638																				54249	-59220	0	-4971
2025-08-26  15:48:00	644.16	644.24	644.12	644.22	71256	415																				45064	-26192	0	18872
2025-08-26  15:47:00	644.15	644.22	644.09	644.16	135975	814																				46244	-89731	0	-43487
2025-08-26  15:46:00	644.11	644.19	644.04	644.15	161280	836																				65899	-95381	0	-29482
2025-08-26  15:45:00	643.96	644.16	643.92	644.12	214542	1447																				126779	-87763	0	39016
2025-08-26  15:44:00	643.98	643.99	643.92	643.95	148694	881																				91340	-57354	0	33986
2025-08-26  15:43:00	644.05	644.06	643.93	643.98	170540	1140																				103214	-67326	0	35888
2025-08-26  15:42:00	644.01	644.14	643.97	644.05	165982	973																				82546	-83436	0	-890
2025-08-26  15:41:00	644.09	644.10	643.98	644.01	196726	1134																				108445	-88281	0	20164
2025-08-26  15:40:00	644.22	644.25	644.08	644.09	315656	1485																				160753	-154903	0	5850
2025-08-26  15:39:00	644.32	644.35	644.18	644.22	152143	802																				104493	-47650	0	56843
2025-08-26  15:38:00	644.37	644.40	644.29	644.31	134194	848																				88907	-45287	0	43620
2025-08-26  15:37:00	644.42	644.50	644.35	644.37	138892	872																				94734	-44158	0	50576
2025-08-26  15:36:00	644.51	644.53	644.41	644.42	147506	1044																				75328	-72178	0	3150
2025-08-26  15:35:00	644.65	644.66	644.51	644.51	139834	867																				75863	-63971	0	11892
2025-08-26  15:34:00	644.69	644.70	644.62	644.64	130640	773																				94572	-36068	0	58504
2025-08-26  15:33:00	644.75	644.77	644.65	644.70	114369	858																				67169	-47200	0	19969
2025-08-26  15:32:00	644.78	644.85	644.74	644.76	132873	865																				80930	-51943	0	28987
2025-08-26  15:31:00	644.56	644.84	644.55	644.78	153141	1086																				88207	-64934	0	23273
2025-08-26  15:30:00	644.55	644.57	644.46	644.57	121391	830																				72003	-49388	0	22615
2025-08-26  15:29:00	644.57	644.57	644.51	644.56	101153	577																				55389	-45764	0	9625
2025-08-26  15:28:00	644.61	644.62	644.52	644.56	76125	502																				28344	-47781	0	-19437
2025-08-26  15:27:00	644.52	644.64	644.50	644.60	124777	702																				59648	-65129	0	-5481
2025-08-26  15:26:00	644.34	644.53	644.33	644.52	129563	738																				67183	-62380	0	4803
2025-08-26  15:25:00	644.52	644.52	644.29	644.35	249381	1459																				117758	-131623	0	-13865
2025-08-26  15:24:00	644.53	644.60	644.49	644.51	122824	779																				54098	-68726	0	-14628
2025-08-26  15:23:00	644.60	644.60	644.44	644.53	174336	1189																				64471	-109865	0	-45394
2025-08-26  15:22:00	644.30	644.71	644.24	644.61	250421	1667																				125078	-125343	0	-265
2025-08-26  15:21:00	644.09	644.39	644.06	644.30	226589	1473																				118721	-107868	0	10853
2025-08-26  15:20:00	643.89	644.10	643.87	644.08	101405	701																				52384	-49021	0	3363
2025-08-26  15:19:00	643.89	643.93	643.88	643.89	50450	374																				25109	-25341	0	-232
2025-08-26  15:18:00	643.85	643.91	643.84	643.90	50164	383																				26388	-23776	0	2612
2025-08-26  15:17:00	643.92	643.92	643.83	643.84	63693	452																				25343	-38350	0	-13007
2025-08-26  15:16:00	643.90	643.96	643.89	643.91	87223	428																				42974	-44249	0	-1275
2025-08-26  15:15:00	643.91	643.99	643.85	643.89	84151	508																				48463	-35688	0	12775
2025-08-26  15:14:00	643.90	643.92	643.86	643.91	51988	348																				31064	-20924	0	10140
2025-08-26  15:13:00	643.82	643.92	643.82	643.90	54290	305																				33568	-20722	0	12846
2025-08-26  15:12:00	643.82	643.86	643.77	643.82	30549	209																				11519	-19030	0	-7511
2025-08-26  15:11:00	643.84	643.85	643.81	643.82	46047	366																				22879	-23168	0	-289
2025-08-26  15:10:00	643.73	643.86	643.73	643.85	77699	453																				52382	-25317	0	27065
2025-08-26  15:09:00	643.66	643.75	643.65	643.73	58341	355																				29122	-29219	0	-97
2025-08-26  15:08:00	643.69	643.71	643.64	643.66	52976	330																				26496	-26480	0	16
2025-08-26  15:07:00	643.71	643.71	643.65	643.68	34127	247																				16699	-17428	0	-729
2025-08-26  15:06:00	643.66	643.71	643.66	643.71	43554	281																				28462	-15092	0	13370
2025-08-26  15:05:00	643.76	643.76	643.61	643.66	51334	343																				25764	-25570	0	194
2025-08-26  15:04:00	643.70	643.81	643.70	643.77	36037	214																				19922	-16115	0	3807
2025-08-26  15:03:00	643.77	643.79	643.69	643.69	45259	189																				18869	-26390	0	-7521
2025-08-26  15:02:00	643.84	643.85	643.76	643.76	72216	350																				31914	-40302	0	-8388
2025-08-26  15:01:00	643.90	643.92	643.82	643.83	33284	184																				17319	-15965	0	1354
2025-08-26  15:00:00	643.89	643.90	643.79	643.89	80969	560																				46662	-34307	0	12355
2025-08-26  14:59:00	643.87	644.09	643.87	643.90	211548	1106																				136502	-75046	0	61456
2025-08-26  14:58:00	643.90	643.90	643.86	643.88	49626	253																				21956	-27670	0	-5714
2025-08-26  14:57:00	643.86	643.92	643.86	643.89	58379	351																				33449	-24930	0	8519
2025-08-26  14:56:00	643.87	643.87	643.83	643.86	40888	263																				26270	-14618	0	11652
2025-08-26  14:55:00	643.78	643.89	643.77	643.86	108158	575																				50732	-57426	0	-6694
2025-08-26  14:54:00	643.74	643.78	643.71	643.77	109793	603																				59368	-50425	0	8943
2025-08-26  14:53:00	643.75	643.76	643.70	643.72	45161	218																				19352	-25809	0	-6457
2025-08-26  14:52:00	643.63	643.76	643.60	643.76	52589	331																				28830	-23759	0	5071
2025-08-26  14:51:00	643.72	643.76	643.60	643.63	45242	286																				23314	-21928	0	1386
2025-08-26  14:50:00	643.78	643.79	643.72	643.72	37723	262																				13779	-23944	0	-10165
2025-08-26  14:49:00	643.74	643.81	643.74	643.78	41534	253																				17637	-23897	0	-6260
2025-08-26  14:48:00	643.62	643.78	643.60	643.75	42395	307																				21791	-20604	0	1187
2025-08-26  14:47:00	643.67	643.67	643.62	643.62	46462	302																				23286	-23176	0	110
2025-08-26  14:46:00	643.73	643.73	643.64	643.66	46828	309																				13362	-33466	0	-20104
2025-08-26  14:45:00	643.73	643.74	643.69	643.74	48955	345																				18923	-30032	0	-11109
2025-08-26  14:44:00	643.71	643.74	643.69	643.73	21314	150																				9797	-11517	0	-1720
2025-08-26  14:43:00	643.72	643.76	643.65	643.70	39142	204																				14392	-24750	0	-10358
2025-08-26  14:42:00	643.72	643.77	643.70	643.73	49806	277																				29115	-20691	0	8424
2025-08-26  14:41:00	643.74	643.87	643.70	643.73	86518	542																				44078	-42440	0	1638
2025-08-26  14:40:00	643.68	643.76	643.66	643.73	68300	450																				30255	-38045	0	-7790
2025-08-26  14:39:00	643.66	643.69	643.62	643.69	30107	204																				13721	-16386	0	-2665
2025-08-26  14:38:00	643.72	643.72	643.63	643.66	61242	414																				19873	-41369	0	-21496
2025-08-26  14:37:00	643.67	643.75	643.66	643.72	51829	380																				21343	-30486	0	-9143
2025-08-26  14:36:00	643.62	643.67	643.62	643.66	67329	437																				37524	-29805	0	7719
2025-08-26  14:35:00	643.60	643.64	643.59	643.62	36831	302																				20110	-16721	0	3389
2025-08-26  14:34:00	643.56	643.62	643.56	643.62	33354	256																				17762	-15592	0	2170
2025-08-26  14:33:00	643.58	643.60	643.53	643.55	34596	232																				21795	-12801	0	8994
2025-08-26  14:32:00	643.66	643.66	643.54	643.58	47243	273																				25681	-21562	0	4119
2025-08-26  14:31:00	643.66	643.68	643.58	643.64	80464	457																				40349	-40115	0	234
2025-08-26  14:30:00	643.52	643.74	643.51	643.66	150376	1098																				82268	-68108	0	14160
2025-08-26  14:29:00	643.44	643.53	643.42	643.51	48499	313																				31903	-16596	0	15307
2025-08-26  14:28:00	643.46	643.47	643.41	643.43	27711	163																				9634	-18077	0	-8443
2025-08-26  14:27:00	643.42	643.47	643.41	643.47	39392	210																				23271	-16121	0	7150
2025-08-26  14:26:00	643.35	643.43	643.35	643.41	36426	253																				15681	-20745	0	-5064
2025-08-26  14:25:00	643.40	643.42	643.35	643.35	46947	247																				15459	-31488	0	-16029
2025-08-26  14:24:00	643.43	643.46	643.39	643.39	31355	206																				12597	-18758	0	-6161
2025-08-26  14:23:00	643.39	643.46	643.33	643.43	34798	211																				18568	-16230	0	2338
2025-08-26  14:22:00	643.34	643.40	643.34	643.40	27553	128																				12510	-15043	0	-2533
2025-08-26  14:21:00	643.39	643.46	643.31	643.34	108876	717																				34853	-74023	0	-39170
2025-08-26  14:20:00	643.47	643.47	643.37	643.39	44052	286																				20421	-23631	0	-3210
2025-08-26  14:19:00	643.43	643.48	643.41	643.46	47025	298																				25845	-21180	0	4665
2025-08-26  14:18:00	643.35	643.44	643.35	643.41	43215	264																				15255	-27960	0	-12705
2025-08-26  14:17:00	643.37	643.43	643.33	643.33	36530	221																				15354	-21176	0	-5822
2025-08-26  14:16:00	643.30	643.41	643.29	643.36	51608	352																				22812	-28796	0	-5984
2025-08-26  14:15:00	643.26	643.33	643.26	643.29	49849	320																				16833	-33016	0	-16183
2025-08-26  14:14:00	643.22	643.28	643.19	643.26	26737	169																				14377	-12360	0	2017
2025-08-26  14:13:00	643.12	643.27	643.12	643.22	54658	256																				24804	-29854	0	-5050
2025-08-26  14:12:00	643.28	643.29	643.10	643.11	82601	508																				41044	-41557	0	-513
2025-08-26  14:11:00	643.27	643.40	643.23	643.27	74789	481																				26654	-48135	0	-21481
2025-08-26  14:10:00	643.14	643.29	643.14	643.26	83221	498																				44962	-38259	0	6703
2025-08-26  14:09:00	643.12	643.15	643.09	643.14	43828	232																				16049	-27779	0	-11730
2025-08-26  14:08:00	643.06	643.16	643.06	643.11	89016	456																				46175	-42841	0	3334
2025-08-26  14:07:00	643.05	643.11	643.01	643.05	54906	364																				25501	-29405	0	-3904
2025-08-26  14:06:00	642.95	643.05	642.94	643.05	39395	281																				21334	-18061	0	3273
2025-08-26  14:05:00	642.97	643.00	642.90	642.96	41050	285																				15724	-25326	0	-9602
2025-08-26  14:04:00	643.03	643.06	642.96	642.98	44259	274																				19074	-25185	0	-6111
2025-08-26  14:03:00	642.92	643.04	642.89	643.04	49538	278																				29835	-19703	0	10132
2025-08-26  14:02:00	642.93	642.98	642.86	642.92	44832	304																				21529	-23303	0	-1774
2025-08-26  14:01:00	642.92	642.95	642.88	642.93	49817	273																				28665	-21152	0	7513
2025-08-26  14:00:00	642.86	642.93	642.79	642.93	45457	308																				25725	-19732	0	5993
2025-08-26  13:59:00	642.83	642.92	642.83	642.86	57842	386																				30924	-26918	0	4006
2025-08-26  13:58:00	642.80	642.87	642.75	642.83	47700	239																				23297	-24403	0	-1106
2025-08-26  13:57:00	642.77	642.81	642.72	642.81	67485	463																				26793	-40692	0	-13899
2025-08-26  13:56:00	642.66	642.78	642.66	642.76	33795	224																				20868	-12927	0	7941
2025-08-26  13:55:00	642.53	642.70	642.43	642.67	84453	529																				54442	-30011	0	24431
2025-08-26  13:54:00	642.82	642.83	642.47	642.53	138818	829																				55232	-83586	0	-28354
2025-08-26  13:53:00	642.84	642.87	642.78	642.83	75390	304																				20115	-55275	0	-35160
2025-08-26  13:52:00	642.89	642.95	642.83	642.84	25582	136																				9828	-15754	0	-5926
2025-08-26  13:51:00	642.99	643.00	642.86	642.88	38546	219																				22666	-15880	0	6786
2025-08-26  13:50:00	642.97	643.03	642.92	643.00	25629	184																				11132	-14497	0	-3365
2025-08-26  13:49:00	642.94	642.99	642.91	642.96	24307	194																				14214	-10093	0	4121
2025-08-26  13:48:00	643.00	643.07	642.95	642.95	33363	225																				17240	-16123	0	1117
2025-08-26  13:47:00	643.04	643.04	642.97	642.99	30522	210																				18295	-12227	0	6068
2025-08-26  13:46:00	642.92	643.06	642.92	643.05	28783	185																				12483	-16300	0	-3817
2025-08-26  13:45:00	643.03	643.04	642.89	642.92	44430	281																				27603	-16827	0	10776
2025-08-26  13:44:00	642.93	643.04	642.93	643.03	73468	409																				44747	-28721	0	16026
2025-08-26  13:43:00	643.00	643.01	642.88	642.92	66078	355																				31347	-34731	0	-3384
2025-08-26  13:42:00	643.03	643.04	642.98	642.99	46354	302																				20986	-25368	0	-4382
2025-08-26  13:41:00	643.05	643.12	643.03	643.04	29747	156																				16215	-13532	0	2683
2025-08-26  13:40:00	643.13	643.13	642.97	643.05	82379	431																				52785	-29594	0	23191
2025-08-26  13:39:00	643.18	643.19	643.09	643.14	31497	198																				16161	-15336	0	825
2025-08-26  13:38:00	643.12	643.20	643.11	643.18	25905	159																				14827	-11078	0	3749
2025-08-26  13:37:00	643.18	643.18	643.07	643.11	24065	162																				13305	-10760	0	2545
2025-08-26  13:36:00	643.27	643.29	643.16	643.20	29889	214																				14725	-15164	0	-439
2025-08-26  13:35:00	643.17	643.27	643.14	643.26	39444	296																				18676	-20768	0	-2092
2025-08-26  13:34:00	643.18	643.26	643.17	643.19	39718	252																				20163	-19555	0	608
2025-08-26  13:33:00	643.36	643.36	643.16	643.17	66662	381																				24534	-42128	0	-17594
2025-08-26  13:32:00	643.39	643.40	643.34	643.36	43717	285																				16712	-27005	0	-10293
2025-08-26  13:31:00	643.42	643.43	643.36	643.39	48565	369																				19644	-28921	0	-9277
2025-08-26  13:30:00	643.50	643.58	643.42	643.42	81636	520																				27165	-54471	0	-27306
2025-08-26  13:29:00	643.52	643.57	643.48	643.51	59728	371																				33813	-25915	0	7898
2025-08-26  13:28:00	643.46	643.59	643.46	643.52	100456	516																				49279	-51177	0	-1898
2025-08-26  13:27:00	643.45	643.47	643.41	643.45	33249	262																				18445	-14804	0	3641
2025-08-26  13:26:00	643.29	643.49	643.28	643.45	56469	297																				25645	-30824	0	-5179
2025-08-26  13:25:00	643.31	643.37	643.28	643.28	60820	387																				29666	-31154	0	-1488
2025-08-26  13:24:00	643.30	643.34	643.29	643.32	48093	214																				27480	-20613	0	6867
2025-08-26  13:23:00	643.24	643.30	643.21	643.29	24436	161																				10585	-13851	0	-3266
2025-08-26  13:22:00	643.22	643.29	643.20	643.25	17799	126																				11478	-6321	0	5157
2025-08-26  13:21:00	643.22	643.30	643.20	643.21	10967	87																				4792	-6175	0	-1383
2025-08-26  13:20:00	643.12	643.23	643.12	643.21	29683	230																				13371	-16312	0	-2941
2025-08-26  13:19:00	643.14	643.20	643.10	643.12	14505	111																				5866	-8639	0	-2773
2025-08-26  13:18:00	643.16	643.16	643.09	643.13	13636	99																				9266	-4370	0	4896
2025-08-26  13:17:00	643.14	643.21	643.09	643.16	18836	127																				7195	-11641	0	-4446
2025-08-26  13:16:00	643.12	643.19	643.10	643.14	22176	159																				12362	-9814	0	2548
2025-08-26  13:15:00	643.29	643.29	643.10	643.11	50185	313																				27409	-22776	0	4633
2025-08-26  13:14:00	643.26	643.31	643.23	643.29	22019	174																				11152	-10867	0	285
2025-08-26  13:13:00	643.17	643.26	643.13	643.24	70749	405																				41599	-29150	0	12449
2025-08-26  13:12:00	642.94	643.18	642.89	643.18	73600	462																				38617	-34983	0	3634
2025-08-26  13:11:00	643.00	643.01	642.91	642.94	44964	268																				19227	-25737	0	-6510
2025-08-26  13:10:00	643.14	643.14	642.97	642.99	66654	437																				36203	-30451	0	5752
2025-08-26  13:09:00	643.20	643.22	643.17	643.18	32821	170																				20733	-12088	0	8645
2025-08-26  13:08:00	643.24	643.29	643.17	643.20	29340	168																				12660	-16680	0	-4020
2025-08-26  13:07:00	643.36	643.37	643.22	643.24	23549	169																				12191	-11358	0	833
2025-08-26  13:06:00	643.46	643.46	643.34	643.34	20551	150																				8030	-12521	0	-4491
2025-08-26  13:05:00	643.38	643.47	643.38	643.46	54199	368																				35087	-19112	0	15975
2025-08-26  13:04:00	643.24	643.43	643.24	643.38	45976	302																				26439	-19537	0	6902
2025-08-26  13:03:00	643.27	643.29	643.20	643.26	30659	267																				20271	-10388	0	9883
2025-08-26  13:02:00	643.26	643.37	643.25	643.28	22595	138																				10038	-12557	0	-2519
2025-08-26  13:01:00	643.23	643.27	643.20	643.26	9180	59																				4429	-4751	0	-322