 [ID0] SPY[M]  1 Min  #7			Formula Source Sheet #7.  Enter and modify formulas for this sheet on Sheet7																							[ID1] Volume Weighted Average Price
Date Time	[ID0.SG1] Open	[ID0.SG2] High	[ID0.SG3] Low	[ID0.SG4] Last	[ID0.SG5] Volume	[ID0.SG6] # of Trades				K	L	M	N	O	P	Q	R	S	T	U	V	W	X	Y	Z	[ID1.SG1] VWAP
2025-08-26  17:40:00	645.83	645.83	645.83	645.83	140	1																				645.2637329101562
2025-08-26  17:39:00	645.84	645.84	645.84	645.84	600	2																				645.2636108398438
2025-08-26  17:31:00	645.74	645.74	645.74	645.74	100	1																				645.2635498046875
2025-08-26  17:28:00	645.70	645.70	645.70	645.70	200	1																				645.2635498046875
2025-08-26  17:22:00	645.70	645.70	645.68	645.68	368	2																				645.2634887695312
2025-08-26  17:17:00	645.68	645.68	645.68	645.68	198	1																				645.263427734375
2025-08-26  17:14:00	645.68	645.68	645.68	645.68	100	1																				645.263427734375
2025-08-26  17:13:00	645.73	645.73	645.73	645.73	100	1																				645.263427734375
2025-08-26  17:09:00	645.72	645.72	645.72	645.72	200	1																				645.2633666992188
2025-08-26  17:04:00	645.73	645.74	645.73	645.74	2500	12		Bid (read-only):	645.8099975585938																	645.2628784179688
2025-08-26  17:03:00	645.76	645.76	645.76	645.76	100	1		Bid Size (read-only):	2																	645.2628784179688
2025-08-26  17:01:00	645.78	645.78	645.78	645.78	100	1		Ask (read-only):	645.8499755859375																	645.2628784179688
2025-08-26  17:00:00	645.75	645.75	645.71	645.71	400	3		Ask Size (read-only):	5																	645.2627563476562
2025-08-26  16:59:00	645.71	645.75	645.71	645.75	400	2		Daily Open (read-only):	642.2000122070312																	645.2626953125
2025-08-26  16:58:00	645.78	645.78	645.78	645.78	200	1		Daily High (read-only):	645.8400268554688																	645.2626342773438
2025-08-26  16:55:00	645.81	645.81	645.81	645.81	150	1		Daily Low (read-only):	641.5700073242188																	645.2626342773438
2025-08-26  16:54:00	645.76	645.76	645.76	645.76	100	1		Daily Price Change (read-only):	0.67010498046875																	645.2626342773438
2025-08-26  16:49:00	645.75	645.75	645.74	645.74	1500	3		Daily Volume (read-only):	51554047																	645.2623291015625
2025-08-26  16:45:00	645.75	645.75	645.75	645.75	127	1		Tick Size (read-only):	0.009999999776482582																	645.2623291015625
2025-08-26  16:42:00	645.74	645.74	645.74	645.74	198	1																				645.2622680664062
2025-08-26  16:41:00	645.76	645.76	645.76	645.76	100	1																				645.2622680664062
2025-08-26  16:39:00	645.75	645.75	645.75	645.75	100	1																				645.26220703125
2025-08-26  16:38:00	645.79	645.79	645.79	645.79	2000	5																				645.2617797851562
2025-08-26  16:30:00	645.16	645.69	645.16	645.69	1101	3																				645.2615966796875
2025-08-26  16:29:00	645.69	645.75	645.68	645.75	670	4																				645.261474609375
2025-08-26  16:22:00	645.72	645.72	645.72	645.72	200	1																				645.261474609375
2025-08-26  16:21:00	645.70	645.70	645.70	645.70	400	4																				645.2614135742188
2025-08-26  16:19:00	645.72	645.72	645.72	645.72	400	2		Number of Rows (read-only):	1000																	645.2612915039062
2025-08-26  16:15:00	645.76	645.76	645.76	645.76	100	1																				645.2612915039062
2025-08-26  16:12:00	645.75	645.78	645.74	645.78	6277	29																				645.260009765625
2025-08-26  16:11:00	645.76	645.81	645.75	645.81	3561	13																				645.2592163085938
2025-08-26  16:10:00	645.73	645.75	645.73	645.75	339	3																				645.2591552734375
2025-08-26  16:09:00	645.70	645.74	645.70	645.74	1900	10																				645.2587890625
2025-08-26  16:08:00	645.75	645.75	645.75	645.75	400	2		Seconds Per Bar - Intraday (read-only):	60																	645.2587280273438
2025-08-26  16:07:00	645.79	645.79	645.74	645.74	600	2		Number of Trades Per Bar - Intraday (read-only):	0																	645.2586059570312
2025-08-26  16:06:00	645.72	645.73	645.72	645.73	898	4		Volume Per Bar - Intraday (read-only):	0																	645.2584228515625
2025-08-26  16:05:00	645.80	645.80	645.74	645.74	597	2		Range in Ticks - Intraday (read-only):	0																	645.25830078125
2025-08-26  16:04:00	645.80	645.84	645.80	645.80	809	4		Symbol (read-only):	SPY																	645.2581176757812
2025-08-26  16:03:00	645.82	645.82	645.82	645.82	100	1		Last Bar End DateTime (read-only):	2025-08-26  17:40:49																	645.2581176757812
2025-08-26  16:02:00	645.81	645.85	645.79	645.85	2299	11																				645.257568359375
2025-08-26  16:01:00	645.78	645.90	645.78	645.80	2084	9																				645.2571411132812
2025-08-26  16:00:00	645.73	645.77	645.60	645.77	12114	42																				645.254638671875
2025-08-26  15:59:00	645.69	645.72	645.68	645.72	771	5																				645.2544555664062
2025-08-26  15:58:00	645.68	645.68	645.68	645.68	201	1																				645.2544555664062
2025-08-26  15:57:00	645.68	645.68	645.68	645.68	100	1																				645.2544555664062
2025-08-26  15:56:00	645.68	645.68	645.68	645.68	200	1																				645.25439453125
2025-08-26  15:55:00	645.68	645.68	645.68	645.68	300	3																				645.2543334960938
2025-08-26  15:54:00	645.68	645.69	645.68	645.69	200	2																				645.2543334960938
2025-08-26  15:53:00	645.67	645.67	645.67	645.67	170	1																				645.2542724609375
2025-08-26  15:49:00	645.69	645.69	645.69	645.69	200	2																				645.2542724609375
2025-08-26  15:48:00	645.68	645.68	645.66	645.66	400	3																				645.254150390625
2025-08-26  15:47:00	645.66	645.69	645.66	645.69	355	2																				645.2540893554688
2025-08-26  15:46:00	645.66	645.66	645.65	645.65	216	2																				645.2540893554688
2025-08-26  15:45:00	645.67	645.68	645.67	645.68	596	4		Currency Value Per Tick (read-only):	0.009999999776482582																	645.2539672851562
2025-08-26  15:44:00	645.66	645.66	645.66	645.66	111	1		Connected to Data Feed (read-only):	1																	645.2539672851562
2025-08-26  15:43:00	645.66	645.69	645.66	645.68	450	3																				645.25390625
2025-08-26  15:42:00	645.68	645.68	645.65	645.65	418	3																				645.2538452148438
2025-08-26  15:41:00	645.67	645.67	645.67	645.67	401	2																				645.2537231445312
2025-08-26  15:39:00	645.66	645.68	645.66	645.68	1382	6																				645.2535400390625
2025-08-26  15:38:00	645.66	645.66	645.66	645.66	300	1																				645.2534790039062
2025-08-26  15:37:00	645.66	645.66	645.66	645.66	119	1																				645.25341796875
2025-08-26  15:33:00	645.66	645.66	645.66	645.66	200	1																				645.25341796875
2025-08-26  15:32:00	645.65	645.65	645.65	645.65	1257	3																				645.2532348632812
2025-08-26  15:31:00	645.70	645.70	645.70	645.70	100	1																				645.253173828125
2025-08-26  15:30:00	645.65	645.65	645.65	645.65	400	2																				645.2531127929688
2025-08-26  15:29:00	645.63	645.65	645.63	645.65	520	3																				645.2530517578125
2025-08-26  15:28:00	645.63	645.63	645.62	645.63	1815	3																				645.2527465820312
2025-08-26  15:27:00	645.63	645.64	645.61	645.62	2386	8																				645.25244140625
2025-08-26  15:25:00	645.62	645.63	645.62	645.63	592	4																				645.2523193359375
2025-08-26  15:24:00	645.63	645.64	645.63	645.63	2201	7																				645.2520141601562
2025-08-26  15:23:00	645.66	645.67	645.63	645.65	4370	13																				645.2512817382812
2025-08-26  15:22:00	645.65	645.65	645.65	645.65	100	1																				645.2512817382812
2025-08-26  15:21:00	645.66	645.66	645.65	645.65	1148	6		Chart Start Time (read-only):	07:30:00																	645.2510986328125
2025-08-26  15:20:00	645.64	645.64	645.64	645.64	200	1		Chart End Time (read-only):	14:00:00																	645.2510375976562
2025-08-26  15:19:00	645.68	645.68	645.61	645.64	9249	21		Number of Bars (read-only):	109322																	645.2495727539062
2025-08-26  15:18:00	645.68	645.69	645.68	645.68	801	4																				645.2494506835938
2025-08-26  15:17:00	645.71	645.71	645.71	645.71	125	1																				645.2494506835938
2025-08-26  15:16:00	645.70	645.70	645.70	645.70	100	1																				645.2493896484375
2025-08-26  15:14:00	645.71	645.71	645.70	645.70	1741	5																				645.2490844726562
2025-08-26  15:13:00	645.70	645.71	645.70	645.71	1314	6																				645.2488403320312
2025-08-26  15:12:00	645.69	645.69	645.69	645.69	200	2																				645.248779296875
2025-08-26  15:10:00	645.70	645.70	645.69	645.70	500	3																				645.2487182617188
2025-08-26  15:09:00	645.70	645.71	645.69	645.69	2875	10																				645.2481689453125
2025-08-26  15:07:00	645.69	645.69	645.69	645.69	193	1																				645.2481689453125
2025-08-26  15:06:00	645.68	645.68	645.68	645.68	399	1																				645.2481079101562
2025-08-26  15:05:00	645.69	645.69	645.68	645.68	2895	8																				645.24755859375
2025-08-26  15:03:00	645.68	645.72	645.68	645.72	268	2																				645.2474975585938
2025-08-26  15:00:00	645.78	645.78	645.69	645.72	586	5																				645.2474365234375
2025-08-26  14:59:00	645.78	645.78	645.78	645.78	200	1		Chart Number (read-only):	7																	645.2473754882812
2025-08-26  14:58:00	645.76	645.76	645.75	645.75	1400	4		Trade Account (read-only):	NewTestAccount1234																	645.2470703125
2025-08-26  14:57:00	645.79	645.79	645.79	645.79	200	1		Last Working Entry Order Date-Time (read-only):																		645.2470092773438
2025-08-26  14:56:00	645.76	645.76	645.75	645.75	867	2		Last Working Entry Order Price (read-only):																		645.2468872070312
2025-08-26  14:55:00	645.77	645.79	645.76	645.79	2029	11		Last Working Exit Order Date-Time (read-only):																		645.2463989257812
2025-08-26  14:54:00	645.79	645.79	645.77	645.77	450	2		Last Working Exit Order Price (read-only):																		645.246337890625
2025-08-26  14:52:00	645.74	645.77	645.74	645.76	778	6		Bar Period Type (read-only):	0																	645.2461547851562
2025-08-26  14:51:00	645.76	645.76	645.74	645.74	3259	17		Bar Parameter 1 (read-only):	60																	645.2454833984375
2025-08-26  14:50:00	645.77	645.77	645.76	645.76	2400	12		Bar Parameter 2 (read-only):	0																	645.2449951171875
2025-08-26  14:49:00	645.75	645.79	645.74	645.77	2786	17		Bar Parameter 3 (read-only):	0																	645.244384765625
2025-08-26  14:48:00	645.75	645.76	645.75	645.76	600	5		Bar Parameter 4 (read-only):	0																	645.2442626953125
2025-08-26  14:47:00	645.74	645.77	645.74	645.75	973	5		Order Text Tag (write-only):																		645.2440795898438
2025-08-26  14:46:00	645.75	645.75	645.75	645.75	700	6		All Symbols Daily Net Profit/Loss (read-only):																		645.243896484375
2025-08-26  14:45:00	645.74	645.74	645.73	645.74	993	8		All Symbols Cumulative Net Profit/Loss (read-only):																		645.2437133789062
2025-08-26  14:44:00	645.71	645.75	645.71	645.75	3274	12		All Symbols Cumulative Profit/Loss (read-only):																		645.2430419921875
2025-08-26  14:43:00	645.71	645.71	645.69	645.69	7206	21		Use Order Fill Calculated Position (read-only):	0																	645.24169921875
2025-08-26  14:42:00	645.67	645.69	645.66	645.69	2437	13																				645.2412109375
2025-08-26  14:41:00	645.61	645.68	645.61	645.68	3674	12																				645.2405395507812
2025-08-26  14:40:00	645.61	645.62	645.61	645.62	2457	12																				645.2401733398438
2025-08-26  14:39:00	645.58	645.59	645.58	645.59	2253	7																				645.2398681640625
2025-08-26  14:38:00	645.59	645.59	645.58	645.59	800	4																				645.23974609375
2025-08-26  14:37:00	645.57	645.59	645.57	645.57	2867	14																				645.2393188476562
2025-08-26  14:36:00	645.60	645.61	645.59	645.59	3497	23																				645.2388305664062
2025-08-26  14:35:00	645.61	645.61	645.60	645.61	793	5																				645.2387084960938
2025-08-26  14:34:00	645.69	645.69	645.65	645.65	3400	14																				645.2380981445312
2025-08-26  14:33:00	645.70	645.75	645.67	645.67	44230	129																				645.22998046875
2025-08-26  14:32:00	645.69	645.69	645.69	645.69	875	5																				645.2298583984375
2025-08-26  14:31:00	645.64	645.69	645.64	645.69	3129	13																				645.2291870117188
2025-08-26  14:30:00	645.65	645.65	645.64	645.65	17218	32																				645.2261352539062
2025-08-26  14:29:00	645.60	645.65	645.59	645.64	28513	97																				645.2210083007812
2025-08-26  14:28:00	645.59	645.62	645.56	645.62	17286	60																				645.2179565429688
2025-08-26  14:27:00	645.56	645.59	645.55	645.59	4227	15																				645.21728515625
2025-08-26  14:26:00	645.57	645.58	645.57	645.57	1403	8																				645.217041015625
2025-08-26  14:25:00	645.58	645.60	645.57	645.58	5381	24																				645.2161865234375
2025-08-26  14:24:00	645.62	645.62	645.58	645.58	12370	17																				645.2141723632812
2025-08-26  14:23:00	645.64	645.64	645.61	645.62	8686	29																				645.212646484375
2025-08-26  14:22:00	645.58	645.69	645.57	645.66	41731	141																				645.2042236328125
2025-08-26  14:21:00	645.63	645.63	645.58	645.59	14560	54																				645.20166015625
2025-08-26  14:20:00	645.60	645.62	645.60	645.62	3483	14																				645.2009887695312
2025-08-26  14:19:00	645.63	645.66	645.60	645.61	6606	31																				645.1997680664062
2025-08-26  14:18:00	645.62	645.65	645.62	645.63	3287	23																				645.1990966796875
2025-08-26  14:17:00	645.60	645.63	645.59	645.63	13656	60																				645.1963500976562
2025-08-26  14:16:00	645.63	645.63	645.60	645.61	2427	14																				645.1959228515625
2025-08-26  14:15:00	645.67	645.67	645.60	645.61	21784	78																				645.1917114257812
2025-08-26  14:14:00	645.67	645.71	645.66	645.68	50350	195																				645.1799926757812
2025-08-26  14:13:00	645.62	645.67	645.60	645.67	28167	73																				645.1732788085938
2025-08-26  14:12:00	645.63	645.69	645.61	645.63	49743	172																				645.1620483398438
2025-08-26  14:11:00	645.52	645.62	645.51	645.60	25848	104																				645.1563110351562
2025-08-26  14:10:00	645.16	645.56	645.16	645.53	14512	41																				645.1536254882812
2025-08-26  14:09:00	645.61	645.64	645.52	645.53	12465	62																				645.1511840820312
2025-08-26  14:08:00	645.47	645.63	645.47	645.61	26604	104																				645.1448974609375
2025-08-26  14:07:00	645.47	645.56	645.44	645.46	23120	97																				645.14111328125
2025-08-26  14:06:00	645.30	645.47	645.29	645.46	58558	200																				645.1310424804688
2025-08-26  14:05:00	645.21	645.30	645.20	645.29	79773	263																				645.1239013671875
2025-08-26  14:04:00	645.20	645.29	645.18	645.21	59049	208																				645.1209106445312
2025-08-26  14:03:00	645.12	645.19	645.09	645.18	58626	206																				645.1188354492188
2025-08-26  14:02:00	645.08	645.15	645.08	645.12	53764	211																				645.1187744140625
2025-08-26  14:01:00	645.12	645.13	645.02	645.09	63101	235																				645.1199951171875
2025-08-26  14:00:00	645.13	645.38	644.96	645.12	1541255	784																				643.4278564453125
2025-08-26  13:59:00	645.29	645.51	645.13	645.13	1744719	8302																				643.336181640625
2025-08-26  13:58:00	645.46	645.47	645.18	645.29	415854	2604																				643.3107299804688
2025-08-26  13:57:00	645.24	645.48	645.21	645.46	408673	1997																				643.2828979492188
2025-08-26  13:56:00	645.11	645.26	645.07	645.25	288532	1670																				643.2647705078125
2025-08-26  13:55:00	644.77	645.17	644.77	645.13	441066	2631																				643.2380981445312
2025-08-26  13:54:00	645.04	645.09	644.65	644.77	416187	2517																				643.2171630859375
2025-08-26  13:53:00	644.92	645.12	644.90	645.03	152997	950																				643.2080078125
2025-08-26  13:52:00	644.87	644.98	644.77	644.92	268240	1525																				643.1926879882812
2025-08-26  13:51:00	644.94	644.97	644.73	644.86	255042	1425																				643.1783447265625
2025-08-26  13:50:00	644.26	644.93	644.12	644.93	583795	3182																				643.143310546875
2025-08-26  13:49:00	644.22	644.31	644.16	644.25	113469	638																				643.1389770507812
2025-08-26  13:48:00	644.16	644.24	644.12	644.22	71256	415																				643.1363525390625
2025-08-26  13:47:00	644.15	644.22	644.09	644.16	135975	814																				643.1315307617188
2025-08-26  13:46:00	644.11	644.19	644.04	644.15	161280	836																				643.1257934570312
2025-08-26  13:45:00	643.96	644.16	643.92	644.12	214542	1447																				643.1182861328125
2025-08-26  13:44:00	643.98	643.99	643.92	643.95	148694	881																				643.1139526367188
2025-08-26  13:43:00	644.05	644.06	643.93	643.98	170540	1140																				643.108642578125
2025-08-26  13:42:00	644.01	644.14	643.97	644.05	165982	973																				643.1030883789062
2025-08-26  13:41:00	644.09	644.10	643.98	644.01	196726	1134																				643.0966796875
2025-08-26  13:40:00	644.22	644.25	644.08	644.09	315656	1485																				643.0852661132812
2025-08-26  13:39:00	644.32	644.35	644.18	644.22	152143	802																				643.0789184570312
2025-08-26  13:38:00	644.37	644.40	644.29	644.31	134194	848																				643.0728759765625
2025-08-26  13:37:00	644.42	644.50	644.35	644.37	138892	872																				643.0662231445312
2025-08-26  13:36:00	644.51	644.53	644.41	644.42	147506	1044																				643.0587768554688
2025-08-26  13:35:00	644.65	644.66	644.51	644.51	139834	867																				643.0512084960938
2025-08-26  13:34:00	644.69	644.70	644.62	644.64	130640	773																				643.04345703125
2025-08-26  13:33:00	644.75	644.77	644.65	644.70	114369	858																				643.0363159179688
2025-08-26  13:32:00	644.78	644.85	644.74	644.76	132873	865																				643.0276489257812
2025-08-26  13:31:00	644.56	644.84	644.55	644.78	153141	1086																				643.0173950195312
2025-08-26  13:30:00	644.55	644.57	644.46	644.57	121391	830																				643.0101928710938
2025-08-26  13:29:00	644.57	644.57	644.51	644.56	101153	577																				643.004150390625
2025-08-26  13:28:00	644.61	644.62	644.52	644.56	76125	502																				642.9995727539062
2025-08-26  13:27:00	644.52	644.64	644.50	644.60	124777	702																				642.9918212890625
2025-08-26  13:26:00	644.34	644.53	644.33	644.52	129563	738																				642.984130859375
2025-08-26  13:25:00	644.52	644.52	644.29	644.35	249381	1459																				642.9707641601562
2025-08-26  13:24:00	644.53	644.60	644.49	644.51	122824	779																				642.9632568359375
2025-08-26  13:23:00	644.60	644.60	644.44	644.53	174336	1189																				642.952392578125
2025-08-26  13:22:00	644.30	644.71	644.24	644.61	250421	1667																				642.9357299804688
2025-08-26  13:21:00	644.09	644.39	644.06	644.30	226589	1473																				642.9232177734375
2025-08-26  13:20:00	643.89	644.10	643.87	644.08	101405	701																				642.9183959960938
2025-08-26  13:19:00	643.89	643.93	643.88	643.89	50450	374																				642.9163818359375
2025-08-26  13:18:00	643.85	643.91	643.84	643.90	50164	383																				642.9143676757812
2025-08-26  13:17:00	643.92	643.92	643.83	643.84	63693	452																				642.9119873046875
2025-08-26  13:16:00	643.90	643.96	643.89	643.91	87223	428																				642.9083862304688
2025-08-26  13:15:00	643.91	643.99	643.85	643.89	84151	508																				642.9049682617188
2025-08-26  13:14:00	643.90	643.92	643.86	643.91	51988	348																				642.9027709960938
2025-08-26  13:13:00	643.82	643.92	643.82	643.90	54290	305																				642.9005737304688
2025-08-26  13:12:00	643.82	643.86	643.77	643.82	30549	209																				642.8994140625
2025-08-26  13:11:00	643.84	643.85	643.81	643.82	46047	366																				642.8976440429688
2025-08-26  13:10:00	643.73	643.86	643.73	643.85	77699	453																				642.89453125
2025-08-26  13:09:00	643.66	643.75	643.65	643.73	58341	355																				642.8924560546875
2025-08-26  13:08:00	643.69	643.71	643.64	643.66	52976	330																				642.8908081054688
2025-08-26  13:07:00	643.71	643.71	643.65	643.68	34127	247																				642.8896484375
2025-08-26  13:06:00	643.66	643.71	643.66	643.71	43554	281																				642.8881225585938
2025-08-26  13:05:00	643.76	643.76	643.61	643.66	51334	343																				642.886474609375
2025-08-26  13:04:00	643.70	643.81	643.70	643.77	36037	214																				642.8851318359375
2025-08-26  13:03:00	643.77	643.79	643.69	643.69	45259	189																				642.8836059570312
2025-08-26  13:02:00	643.84	643.85	643.76	643.76	72216	350																				642.8809204101562
2025-08-26  13:01:00	643.90	643.92	643.82	643.83	33284	184																				642.8795776367188
2025-08-26  13:00:00	643.89	643.90	643.79	643.89	80969	560																				642.8760986328125
2025-08-26  12:59:00	643.87	644.09	643.87	643.90	211548	1106																				642.8668212890625
2025-08-26  12:58:00	643.90	643.90	643.86	643.88	49626	253																				642.8646240234375
2025-08-26  12:57:00	643.86	643.92	643.86	643.89	58379	351																				642.862060546875
2025-08-26  12:56:00	643.87	643.87	643.83	643.86	40888	263																				642.8602905273438
2025-08-26  12:55:00	643.78	643.89	643.77	643.86	108158	575																				642.8555297851562
2025-08-26  12:54:00	643.74	643.78	643.71	643.77	109793	603																				642.8511962890625
2025-08-26  12:53:00	643.75	643.76	643.70	643.72	45161	218																				642.8494262695312
2025-08-26  12:52:00	643.63	643.76	643.60	643.76	52589	331																				642.8473510742188
2025-08-26  12:51:00	643.72	643.76	643.60	643.63	45242	286																				642.8457641601562
2025-08-26  12:50:00	643.78	643.79	643.72	643.72	37723	262																				642.8443603515625
2025-08-26  12:49:00	643.74	643.81	643.74	643.78	41534	253																				642.8426513671875
2025-08-26  12:48:00	643.62	643.78	643.60	643.75	42395	307																				642.8409423828125
2025-08-26  12:47:00	643.67	643.67	643.62	643.62	46462	302																				642.8392944335938
2025-08-26  12:46:00	643.73	643.73	643.64	643.66	46828	309																				642.8375854492188
2025-08-26  12:45:00	643.73	643.74	643.69	643.74	48955	345																				642.8356323242188
2025-08-26  12:44:00	643.71	643.74	643.69	643.73	21314	150																				642.8347778320312
2025-08-26  12:43:00	643.72	643.76	643.65	643.70	39142	204																				642.8333129882812
2025-08-26  12:42:00	643.72	643.77	643.70	643.73	49806	277																				642.831298828125
2025-08-26  12:41:00	643.74	643.87	643.70	643.73	86518	542																				642.8277587890625
2025-08-26  12:40:00	643.68	643.76	643.66	643.73	68300	450																				642.8250122070312
2025-08-26  12:39:00	643.66	643.69	643.62	643.69	30107	204																				642.8238525390625
2025-08-26  12:38:00	643.72	643.72	643.63	643.66	61242	414																				642.821533203125
2025-08-26  12:37:00	643.67	643.75	643.66	643.72	51829	380																				642.8193969726562
2025-08-26  12:36:00	643.62	643.67	643.62	643.66	67329	437																				642.8168334960938
2025-08-26  12:35:00	643.60	643.64	643.59	643.62	36831	302																				642.8154907226562
2025-08-26  12:34:00	643.56	643.62	643.56	643.62	33354	256																				642.8142700195312
2025-08-26  12:33:00	643.58	643.60	643.53	643.55	34596	232																				642.8130493164062
2025-08-26  12:32:00	643.66	643.66	643.54	643.58	47243	273																				642.8114013671875
2025-08-26  12:31:00	643.66	643.68	643.58	643.64	80464	457																				642.808349609375
2025-08-26  12:30:00	643.52	643.74	643.51	643.66	150376	1098																				642.8023681640625
2025-08-26  12:29:00	643.44	643.53	643.42	643.51	48499	313																				642.80078125
2025-08-26  12:28:00	643.46	643.47	643.41	643.43	27711	163																				642.7999877929688
2025-08-26  12:27:00	643.42	643.47	643.41	643.47	39392	210																				642.7987670898438
2025-08-26  12:26:00	643.35	643.43	643.35	643.41	36426	253																				642.7977294921875
2025-08-26  12:25:00	643.40	643.42	643.35	643.35	46947	247																				642.7965087890625
2025-08-26  12:24:00	643.43	643.46	643.39	643.39	31355	206																				642.795654296875
2025-08-26  12:23:00	643.39	643.46	643.33	643.43	34798	211																				642.7946166992188
2025-08-26  12:22:00	643.34	643.40	643.34	643.40	27553	128																				642.7938232421875
2025-08-26  12:21:00	643.39	643.46	643.31	643.34	108876	717																				642.791015625
2025-08-26  12:20:00	643.47	643.47	643.37	643.39	44052	286																				642.789794921875
2025-08-26  12:19:00	643.43	643.48	643.41	643.46	47025	298																				642.7882690429688
2025-08-26  12:18:00	643.35	643.44	643.35	643.41	43215	264																				642.7869873046875
2025-08-26  12:17:00	643.37	643.43	643.33	643.33	36530	221																				642.7860717773438
2025-08-26  12:16:00	643.30	643.41	643.29	643.36	51608	352																				642.78466796875
2025-08-26  12:15:00	643.26	643.33	643.26	643.29	49849	320																				642.783447265625
2025-08-26  12:14:00	643.22	643.28	643.19	643.26	26737	169																				642.7828369140625
2025-08-26  12:13:00	643.12	643.27	643.12	643.22	54658	256																				642.7816772460938
2025-08-26  12:12:00	643.28	643.29	643.10	643.11	82601	508																				642.7803955078125
2025-08-26  12:11:00	643.27	643.40	643.23	643.27	74789	481																				642.7786254882812
2025-08-26  12:10:00	643.14	643.29	643.14	643.26	83221	498																				642.7766723632812
2025-08-26  12:09:00	643.12	643.15	643.09	643.14	43828	232																				642.77587890625
2025-08-26  12:08:00	643.06	643.16	643.06	643.11	89016	456																				642.7744140625
2025-08-26  12:07:00	643.05	643.11	643.01	643.05	54906	364																				642.773681640625
2025-08-26  12:06:00	642.95	643.05	642.94	643.05	39395	281																				642.773193359375
2025-08-26  12:05:00	642.97	643.00	642.90	642.96	41050	285																				642.7727661132812
2025-08-26  12:04:00	643.03	643.06	642.96	642.98	44259	274																				642.7723388671875
2025-08-26  12:03:00	642.92	643.04	642.89	643.04	49538	278																				642.7716674804688
2025-08-26  12:02:00	642.93	642.98	642.86	642.92	44832	304																				642.7713623046875
2025-08-26  12:01:00	642.92	642.95	642.88	642.93	49817	273																				642.7709350585938
2025-08-26  12:00:00	642.86	642.93	642.79	642.93	45457	308																				642.7705688476562
2025-08-26  11:59:00	642.83	642.92	642.83	642.86	57842	386																				642.7703247070312
2025-08-26  11:58:00	642.80	642.87	642.75	642.83	47700	239																				642.7702026367188
2025-08-26  11:57:00	642.77	642.81	642.72	642.81	67485	463																				642.7700805664062
2025-08-26  11:56:00	642.66	642.78	642.66	642.76	33795	224																				642.7700805664062
2025-08-26  11:55:00	642.53	642.70	642.43	642.67	84453	529																				642.7705078125
2025-08-26  11:54:00	642.82	642.83	642.47	642.53	138818	829																				642.7721557617188
2025-08-26  11:53:00	642.84	642.87	642.78	642.83	75390	304																				642.77197265625
2025-08-26  11:52:00	642.89	642.95	642.83	642.84	25582	136																				642.7718505859375
2025-08-26  11:51:00	642.99	643.00	642.86	642.88	38546	219																				642.7716674804688
2025-08-26  11:50:00	642.97	643.03	642.92	643.00	25629	184																				642.7713623046875
2025-08-26  11:49:00	642.94	642.99	642.91	642.96	24307	194																				642.7711181640625
2025-08-26  11:48:00	643.00	643.07	642.95	642.95	33363	225																				642.7708129882812
2025-08-26  11:47:00	643.04	643.04	642.97	642.99	30522	210																				642.7704467773438
2025-08-26  11:46:00	642.92	643.06	642.92	643.05	28783	185																				642.77001953125
2025-08-26  11:45:00	643.03	643.04	642.89	642.92	44430	281																				642.7697143554688
2025-08-26  11:44:00	642.93	643.04	642.93	643.03	73468	409																				642.7686767578125
2025-08-26  11:43:00	643.00	643.01	642.88	642.92	66078	355																				642.7681884765625
2025-08-26  11:42:00	643.03	643.04	642.98	642.99	46354	302																				642.7676391601562
2025-08-26  11:41:00	643.05	643.12	643.03	643.04	29747	156																				642.7672119140625
2025-08-26  11:40:00	643.13	643.13	642.97	643.05	82379	431																				642.7659301757812
2025-08-26  11:39:00	643.18	643.19	643.09	643.14	31497	198																				642.7653198242188
2025-08-26  11:38:00	643.12	643.20	643.11	643.18	25905	159																				642.7647705078125
2025-08-26  11:37:00	643.18	643.18	643.07	643.11	24065	162																				642.7643432617188
2025-08-26  11:36:00	643.27	643.29	643.16	643.20	29889	214																				642.763671875
2025-08-26  11:35:00	643.17	643.27	643.14	643.26	39444	296																				642.7626342773438
2025-08-26  11:34:00	643.18	643.26	643.17	643.19	39718	252																				642.76171875
2025-08-26  11:33:00	643.36	643.36	643.16	643.17	66662	381																				642.76025390625
2025-08-26  11:32:00	643.39	643.40	643.34	643.36	43717	285																				642.7588500976562
2025-08-26  11:31:00	643.42	643.43	643.36	643.39	48565	369																				642.7572021484375
2025-08-26  11:30:00	643.50	643.58	643.42	643.42	81636	520																				642.7542724609375
2025-08-26  11:29:00	643.52	643.57	643.48	643.51	59728	371																				642.7518310546875
2025-08-26  11:28:00	643.46	643.59	643.46	643.52	100456	516																				642.7476806640625
2025-08-26  11:27:00	643.45	643.47	643.41	643.45	33249	262																				642.7463989257812
2025-08-26  11:26:00	643.29	643.49	643.28	643.45	56469	297																				642.7442626953125
2025-08-26  11:25:00	643.31	643.37	643.28	643.28	60820	387																				642.7424926757812
2025-08-26  11:24:00	643.30	643.34	643.29	643.32	48093	214																				642.740966796875
2025-08-26  11:23:00	643.24	643.30	643.21	643.29	24436	161																				642.740234375
2025-08-26  11:22:00	643.22	643.29	643.20	643.25	17799	126																				642.73974609375
2025-08-26  11:21:00	643.22	643.30	643.20	643.21	10967	87																				642.7394409179688
2025-08-26  11:20:00	643.12	643.23	643.12	643.21	29683	230																				642.7387084960938
2025-08-26  11:19:00	643.14	643.20	643.10	643.12	14505	111																				642.7384033203125
2025-08-26  11:18:00	643.16	643.16	643.09	643.13	13636	99																				642.7380981445312
2025-08-26  11:17:00	643.14	643.21	643.09	643.16	18836	127																				642.7376708984375
2025-08-26  11:16:00	643.12	643.19	643.10	643.14	22176	159																				642.7371826171875
2025-08-26  11:15:00	643.29	643.29	643.10	643.11	50185	313																				642.7361450195312
2025-08-26  11:14:00	643.26	643.31	643.23	643.29	22019	174																				642.7354736328125
2025-08-26  11:13:00	643.17	643.26	643.13	643.24	70749	405																				642.7334594726562
2025-08-26  11:12:00	642.94	643.18	642.89	643.18	73600	462																				642.7316284179688
2025-08-26  11:11:00	643.00	643.01	642.91	642.94	44964	268																				642.7310791015625
2025-08-26  11:10:00	643.14	643.14	642.97	642.99	66654	437																				642.7301025390625
2025-08-26  11:09:00	643.20	643.22	643.17	643.18	32821	170																				642.7293090820312
2025-08-26  11:08:00	643.24	643.29	643.17	643.20	29340	168																				642.728515625
2025-08-26  11:07:00	643.36	643.37	643.22	643.24	23549	169																				642.7278442382812
2025-08-26  11:06:00	643.46	643.46	643.34	643.34	20551	150																				642.7271118164062
2025-08-26  11:05:00	643.38	643.47	643.38	643.46	54199	368																				642.724853515625
2025-08-26  11:04:00	643.24	643.43	643.24	643.38	45976	302																				642.72314453125
2025-08-26  11:03:00	643.27	643.29	643.20	643.26	30659	267																				642.7222290039062
2025-08-26  11:02:00	643.26	643.37	643.25	643.28	22595	138																				642.7214965820312
2025-08-26  11:01:00	643.23	643.27	643.20	643.26	9180	59																				642.7212524414062
2025-08-26  11:00:00	643.30	643.32	643.22	643.23	31474	171																				642.7203369140625
2025-08-26  10:59:00	643.32	643.35	643.22	643.32	29925	201																				642.7192993164062
2025-08-26  10:58:00	643.21	643.36	643.21	643.32	33274	192																				642.7181396484375
2025-08-26  10:57:00	643.16	643.23	643.16	643.20	13206	70																				642.7177734375
2025-08-26  10:56:00	643.19	643.24	643.13	643.15	22420	150																				642.7172241210938
2025-08-26  10:55:00	643.22	643.23	643.18	643.20	17172	122																				642.7167358398438
2025-08-26  10:54:00	643.18	643.23	643.13	643.20	15374	118																				642.71630859375
2025-08-26  10:53:00	643.27	643.27	643.15	643.18	21752	167																				642.7156982421875
2025-08-26  10:52:00	643.31	643.36	643.25	643.28	20519	140																				642.7150268554688
2025-08-26  10:51:00	643.17	643.33	643.14	643.30	29312	214																				642.7140502929688
2025-08-26  10:50:00	643.23	643.28	643.10	643.16	70537	532																				642.7122192382812
2025-08-26  10:49:00	643.23	643.26	643.20	643.22	50837	335																				642.7107543945312
2025-08-26  10:48:00	643.28	643.33	643.22	643.23	28906	166																				642.7098388671875
2025-08-26  10:47:00	643.40	643.41	643.25	643.28	98439	649																				642.70654296875
2025-08-26  10:46:00	643.43	643.45	643.31	643.40	73436	443																				642.7035522460938
2025-08-26  10:45:00	643.40	643.47	643.33	643.43	43443	292																				642.70166015625
2025-08-26  10:44:00	643.44	643.46	643.38	643.40	35364	247																				642.7002563476562
2025-08-26  10:43:00	643.48	643.50	643.43	643.44	23623	188																				642.69921875
2025-08-26  10:42:00	643.48	643.48	643.41	643.47	15214	110																				642.698486328125
2025-08-26  10:41:00	643.35	643.49	643.33	643.48	55953	306																				642.6959228515625
2025-08-26  10:40:00	643.28	643.37	643.27	643.34	48115	324																				642.6940307617188
2025-08-26  10:39:00	643.34	643.37	643.29	643.29	28281	179																				642.6929931640625
2025-08-26  10:38:00	643.37	643.38	643.32	643.33	21763	170																				642.6921997070312
2025-08-26  10:37:00	643.40	643.44	643.33	643.38	33330	209																				642.6907958984375
2025-08-26  10:36:00	643.39	643.41	643.34	643.39	30911	248																				642.6895141601562
2025-08-26  10:35:00	643.35	643.41	643.29	643.39	32364	265																				642.6881713867188
2025-08-26  10:34:00	643.40	643.41	643.32	643.35	22557	167																				642.687255859375
2025-08-26  10:33:00	643.38	643.40	643.35	643.40	27286	232																				642.6860961914062
2025-08-26  10:32:00	643.38	643.40	643.36	643.37	16583	128																				642.6854248046875
2025-08-26  10:31:00	643.39	643.42	643.29	643.39	36023	205																				642.683837890625
2025-08-26  10:30:00	643.33	643.41	643.31	643.38	41161	283																				642.68212890625
2025-08-26  10:29:00	643.38	643.38	643.27	643.33	26157	137																				642.6810913085938
2025-08-26  10:28:00	643.33	643.38	643.32	643.38	21846	129																				642.68017578125
2025-08-26  10:27:00	643.31	643.36	643.30	643.33	34487	231																				642.6787719726562
2025-08-26  10:26:00	643.20	643.34	643.19	643.32	44113	254																				642.6770629882812
2025-08-26  10:25:00	643.24	643.32	643.11	643.20	78611	536																				642.6744995117188
2025-08-26  10:24:00	643.26	643.34	643.17	643.23	57625	376																				642.6725463867188
2025-08-26  10:23:00	643.45	643.47	643.22	643.25	87505	503																				642.6693725585938
2025-08-26  10:22:00	643.49	643.55	643.44	643.46	43818	261																				642.667236328125
2025-08-26  10:21:00	643.33	643.54	643.33	643.50	101734	643																				642.6619262695312
2025-08-26  10:20:00	643.41	643.43	643.29	643.32	69253	452																				642.6590576171875
2025-08-26  10:19:00	643.37	643.47	643.36	643.41	60914	410																				642.6561889648438
2025-08-26  10:18:00	643.33	643.38	643.28	643.36	47001	302																				642.654052734375
2025-08-26  10:17:00	643.36	643.37	643.26	643.33	68598	419																				642.651123046875
2025-08-26  10:16:00	643.36	643.44	643.35	643.35	113984	775																				642.64599609375
2025-08-26  10:15:00	643.23	643.36	643.21	643.36	98140	668																				642.6414794921875
2025-08-26  10:14:00	643.16	643.24	643.14	643.24	30307	210																				642.6403198242188
2025-08-26  10:13:00	643.18	643.23	643.11	643.15	56693	316																				642.638427734375
2025-08-26  10:12:00	642.96	643.19	642.96	643.19	48926	320																				642.6366577148438
2025-08-26  10:11:00	643.05	643.07	642.96	642.97	36152	301																				642.6359252929688
2025-08-26  10:10:00	642.98	643.09	642.97	643.05	44834	341																				642.6347045898438
2025-08-26  10:09:00	643.05	643.07	642.95	642.97	40562	246																				642.6337890625
2025-08-26  10:08:00	642.99	643.06	642.97	643.05	33078	254																				642.6328735351562
2025-08-26  10:07:00	642.97	643.00	642.90	642.99	68005	336																				642.6312866210938
2025-08-26  10:06:00	643.02	643.02	642.94	642.99	29443	212																				642.6305541992188
2025-08-26  10:05:00	643.04	643.08	642.98	643.01	40239	312																				642.6295166015625
2025-08-26  10:04:00	643.05	643.09	643.02	643.03	34217	256																				642.6286010742188
2025-08-26  10:03:00	643.01	643.08	642.97	643.04	26701	174																				642.6278686523438
2025-08-26  10:02:00	643.01	643.09	642.97	643.01	58019	317																				642.6264038085938
2025-08-26  10:01:00	642.93	643.01	642.91	643.01	74027	351																				642.62451171875
2025-08-26  10:00:00	642.76	642.97	642.76	642.94	71117	463																				642.6229858398438
2025-08-26  09:59:00	642.80	642.82	642.74	642.75	27807	189																				642.6227416992188
2025-08-26  09:58:00	642.86	642.86	642.70	642.80	36592	202																				642.622314453125
2025-08-26  09:57:00	642.84	642.87	642.83	642.86	21674	123																				642.6219482421875
2025-08-26  09:56:00	642.77	642.91	642.77	642.84	48317	282																				642.6212158203125
2025-08-26  09:55:00	642.78	642.80	642.69	642.76	28421	223																				642.6209716796875
2025-08-26  09:54:00	642.73	642.80	642.70	642.77	24999	170																				642.6207275390625
2025-08-26  09:53:00	642.79	642.83	642.70	642.74	41614	280																				642.620361328125
2025-08-26  09:52:00	642.61	642.79	642.55	642.79	36378	253																				642.6199340820312
2025-08-26  09:51:00	642.46	642.62	642.40	642.61	59813	406																				642.6199951171875
2025-08-26  09:50:00	642.50	642.56	642.46	642.47	60599	324																				642.6206665039062
2025-08-26  09:49:00	642.54	642.55	642.45	642.49	23953	194																				642.620849609375
2025-08-26  09:48:00	642.68	642.71	642.48	642.53	38305	282																				642.62109375
2025-08-26  09:47:00	642.70	642.72	642.66	642.69	19126	164																				642.6210327148438
2025-08-26  09:46:00	642.72	642.78	642.64	642.70	21845	155																				642.6209106445312
2025-08-26  09:45:00	642.69	642.78	642.69	642.73	20308	124																				642.6207275390625
2025-08-26  09:44:00	642.66	642.71	642.62	642.68	13113	86																				642.6206665039062
2025-08-26  09:43:00	642.70	642.73	642.60	642.63	32331	232																				642.6206665039062
2025-08-26  09:42:00	642.69	642.71	642.61	642.70	27657	198																				642.6204833984375
2025-08-26  09:41:00	642.66	642.74	642.61	642.70	40013	274																				642.6203002929688
2025-08-26  09:40:00	642.69	642.77	642.65	642.67	31529	224																				642.6201782226562
2025-08-26  09:39:00	642.68	642.76	642.63	642.70	23691	170																				642.6200561523438
2025-08-26  09:38:00	642.59	642.68	642.55	642.67	26805	180																				642.6199340820312
2025-08-26  09:37:00	642.47	642.60	642.47	642.59	30715	226																				642.6199951171875
2025-08-26  09:36:00	642.55	642.55	642.43	642.46	43786	347																				642.6204833984375
2025-08-26  09:35:00	642.34	642.54	642.29	642.53	41484	323																				642.6207885742188
2025-08-26  09:34:00	642.57	642.57	642.33	642.34	53539	363																				642.6218872070312
2025-08-26  09:33:00	642.47	642.62	642.45	642.56	43188	303																				642.6220703125
2025-08-26  09:32:00	642.49	642.53	642.45	642.48	39319	277																				642.6224365234375
2025-08-26  09:31:00	642.50	642.64	642.49	642.50	23029	165																				642.6226806640625
2025-08-26  09:30:00	642.41	642.53	642.38	642.48	57992	395																				642.6232299804688
2025-08-26  09:29:00	642.55	642.55	642.40	642.44	42869	279																				642.6238403320312
2025-08-26  09:28:00	642.66	642.78	642.53	642.54	39711	286																				642.6240844726562
2025-08-26  09:27:00	642.57	642.73	642.57	642.70	27639	190																				642.6239013671875
2025-08-26  09:26:00	642.78	642.78	642.55	642.56	50610	355																				642.6241455078125
2025-08-26  09:25:00	642.83	642.87	642.77	642.79	49166	350																				642.62353515625
2025-08-26  09:24:00	642.78	642.88	642.76	642.83	28041	205																				642.6231079101562
2025-08-26  09:23:00	642.79	642.85	642.75	642.78	29104	230																				642.6227416992188
2025-08-26  09:22:00	642.76	642.86	642.76	642.78	42218	241																				642.6222534179688
2025-08-26  09:21:00	642.70	642.80	642.67	642.76	44569	297																				642.621826171875
2025-08-26  09:20:00	642.61	642.73	642.59	642.69	62916	496																				642.6215209960938
2025-08-26  09:19:00	642.48	642.63	642.43	642.61	30042	209																				642.6215209960938
2025-08-26  09:18:00	642.44	642.59	642.44	642.47	25878	176																				642.6217651367188
2025-08-26  09:17:00	642.35	642.51	642.34	642.44	50868	354																				642.6224975585938
2025-08-26  09:16:00	642.70	642.72	642.29	642.32	217688	939																				642.6275634765625
2025-08-26  09:15:00	642.73	642.79	642.67	642.69	36883	250																				642.6273803710938
2025-08-26  09:14:00	642.67	642.78	642.65	642.74	43379	241																				642.626953125
2025-08-26  09:13:00	642.51	642.71	642.51	642.68	41261	270																				642.6268310546875
2025-08-26  09:12:00	642.53	642.57	642.39	642.52	45584	284																				642.627197265625
2025-08-26  09:11:00	642.53	642.59	642.32	642.52	330928	1841																				642.6300659179688
2025-08-26  09:10:00	642.56	642.64	642.49	642.53	44644	265																				642.63037109375
2025-08-26  09:09:00	642.56	642.64	642.52	642.55	26542	184																				642.6305541992188
2025-08-26  09:08:00	642.61	642.66	642.55	642.55	23551	187																				642.6306762695312
2025-08-26  09:07:00	642.65	642.74	642.60	642.61	21692	157																				642.6307373046875
2025-08-26  09:06:00	642.79	642.81	642.62	642.63	29220	203																				642.6307373046875
2025-08-26  09:05:00	642.75	642.86	642.68	642.81	33141	206																				642.6302490234375
2025-08-26  09:04:00	642.81	642.81	642.72	642.76	23964	184																				642.6300048828125
2025-08-26  09:03:00	642.80	642.88	642.76	642.80	33792	239																				642.6295776367188
2025-08-26  09:02:00	642.86	642.86	642.76	642.78	48647	292																				642.6289672851562
2025-08-26  09:01:00	642.59	642.86	642.57	642.86	51672	338																				642.6279907226562
2025-08-26  09:00:00	642.70	642.72	642.56	642.59	66069	433																				642.628173828125
2025-08-26  08:59:00	642.86	642.88	642.67	642.69	45648	270																				642.6279296875
2025-08-26  08:58:00	643.02	643.02	642.79	642.87	138588	740																				642.6251220703125
2025-08-26  08:57:00	642.75	643.03	642.75	643.02	36697	264																				642.6239013671875
2025-08-26  08:56:00	643.08	643.09	642.74	642.74	81177	517																				642.6231079101562
2025-08-26  08:55:00	642.85	643.09	642.85	643.09	79147	477																				642.6199340820312
2025-08-26  08:54:00	642.81	642.88	642.77	642.84	29852	208																				642.619384765625
2025-08-26  08:53:00	642.72	642.82	642.65	642.82	44196	313																				642.61865234375
2025-08-26  08:52:00	642.67	642.79	642.65	642.72	40610	342																				642.6182861328125
2025-08-26  08:51:00	642.69	642.78	642.64	642.67	63055	430																				642.6179809570312
2025-08-26  08:50:00	642.73	642.76	642.60	642.67	70477	536																				642.6176147460938
2025-08-26  08:49:00	642.78	642.87	642.72	642.72	56570	401																				642.6171264648438
2025-08-26  08:48:00	642.83	642.91	642.76	642.76	59429	387																				642.6163330078125
2025-08-26  08:47:00	642.61	642.83	642.54	642.83	75577	493																				642.6149291992188
2025-08-26  08:46:00	642.71	642.75	642.61	642.61	37673	284																				642.6149291992188
2025-08-26  08:45:00	642.91	643.01	642.69	642.71	97611	576																				642.6141357421875
2025-08-26  08:44:00	642.81	642.91	642.75	642.91	53642	382																				642.6127319335938
2025-08-26  08:43:00	642.72	642.81	642.62	642.81	51504	354																				642.61181640625
2025-08-26  08:42:00	642.55	642.76	642.54	642.74	45512	343																				642.6112670898438
2025-08-26  08:41:00	642.75	642.77	642.49	642.56	87882	585																				642.6116943359375
2025-08-26  08:40:00	642.68	642.85	642.61	642.73	74531	504																				642.61083984375
2025-08-26  08:39:00	642.79	642.81	642.66	642.68	65008	390																				642.6104125976562
2025-08-26  08:38:00	642.84	642.91	642.72	642.79	61609	321																				642.609375
2025-08-26  08:37:00	642.86	643.01	642.79	642.85	43238	228																				642.6083984375
2025-08-26  08:36:00	642.98	643.10	642.84	642.86	60542	391																				642.60693359375
2025-08-26  08:35:00	642.89	643.03	642.86	643.00	61199	470																				642.6046752929688
2025-08-26  08:34:00	642.92	643.04	642.87	642.88	117167	693																				642.6015625
2025-08-26  08:33:00	642.97	642.99	642.82	642.92	72426	479																				642.5993041992188
2025-08-26  08:32:00	643.13	643.13	642.87	642.96	75710	496																				642.5966796875
2025-08-26  08:31:00	643.12	643.18	643.07	643.13	50327	375																				642.5940551757812
2025-08-26  08:30:00	643.07	643.15	643.01	643.09	39819	329																				642.5921630859375
2025-08-26  08:29:00	642.98	643.10	642.93	643.08	64268	465																				642.5890502929688
2025-08-26  08:28:00	643.07	643.16	642.93	642.99	65598	436																				642.58642578125
2025-08-26  08:27:00	643.17	643.21	643.07	643.07	47781	313																				642.5841064453125
2025-08-26  08:26:00	643.25	643.27	643.15	643.19	97055	582																				642.5781860351562
2025-08-26  08:25:00	643.17	643.27	643.12	643.24	91692	700																				642.572021484375
2025-08-26  08:24:00	643.21	643.23	643.10	643.18	226369	1423																				642.5577392578125
2025-08-26  08:23:00	643.17	643.26	643.16	643.21	128632	808																				642.5488891601562
2025-08-26  08:22:00	643.01	643.20	643.00	643.17	177037	965																				642.5370483398438
2025-08-26  08:21:00	642.75	643.04	642.74	643.01	66597	372																				642.5336303710938
2025-08-26  08:20:00	642.73	642.93	642.71	642.72	53065	388																				642.5325927734375
2025-08-26  08:19:00	642.92	643.06	642.69	642.72	106838	753																				642.5303344726562
2025-08-26  08:18:00	642.92	642.96	642.84	642.94	63030	411																				642.5274658203125
2025-08-26  08:17:00	642.84	642.95	642.84	642.92	75414	459																				642.5241088867188
2025-08-26  08:16:00	642.76	642.97	642.76	642.85	112890	624																				642.5198974609375
2025-08-26  08:15:00	642.78	642.82	642.67	642.76	79274	590																				642.5177612304688
2025-08-26  08:14:00	642.62	642.83	642.62	642.78	81616	615																				642.5152587890625
2025-08-26  08:13:00	642.51	642.68	642.45	642.63	91314	580																				642.5140380859375
2025-08-26  08:12:00	642.52	642.71	642.38	642.52	88307	566																				642.5139770507812
2025-08-26  08:11:00	642.94	642.96	642.51	642.52	109951	691																				642.513916015625
2025-08-26  08:10:00	642.66	643.03	642.62	642.93	154958	1045																				642.506103515625
2025-08-26  08:09:00	642.67	642.77	642.61	642.65	124981	756																				642.5038452148438
2025-08-26  08:08:00	642.56	642.81	642.55	642.66	67714	532																				642.5025634765625
2025-08-26  08:07:00	642.58	642.78	642.51	642.56	121877	741																				642.5016479492188
2025-08-26  08:06:00	642.60	642.64	642.46	642.60	89339	593																				642.5006103515625
2025-08-26  08:05:00	642.72	642.74	642.58	642.64	65956	501																				642.4993896484375
2025-08-26  08:04:00	642.64	642.86	642.60	642.70	130054	876																				642.4959716796875
2025-08-26  08:03:00	642.58	642.70	642.52	642.64	94784	614																				642.494140625
2025-08-26  08:02:00	642.57	642.67	642.50	642.58	94110	585																				642.4931030273438
2025-08-26  08:01:00	642.69	642.77	642.51	642.57	82406	573																				642.4922485351562
2025-08-26  08:00:00	642.49	642.80	642.49	642.68	105515	555																				642.489501953125
2025-08-26  07:59:00	642.30	642.59	642.29	642.55	54478	326																				642.489013671875
2025-08-26  07:58:00	642.34	642.47	642.26	642.29	59271	416																				642.4906616210938
2025-08-26  07:57:00	642.35	642.53	642.32	642.34	48691	316																				642.49169921875
2025-08-26  07:56:00	642.54	642.54	642.29	642.37	96760	537																				642.4933471679688
2025-08-26  07:55:00	642.61	642.66	642.48	642.55	178371	1163																				642.4918823242188
2025-08-26  07:54:00	642.72	642.77	642.52	642.61	129987	915																				642.4895629882812
2025-08-26  07:53:00	642.09	642.77	642.06	642.71	225263	1313																				642.4818725585938
2025-08-26  07:52:00	642.31	642.36	641.91	642.09	90729	602																				642.4873657226562
2025-08-26  07:51:00	642.14	642.40	642.13	642.30	164794	720																				642.4923706054688
2025-08-26  07:50:00	641.76	642.18	641.71	642.15	186442	1198																				642.5029907226562
2025-08-26  07:49:00	641.76	641.88	641.57	641.75	234855	1491																				642.5335693359375
2025-08-26  07:48:00	641.90	642.17	641.72	641.74	151787	1038																				642.5549926757812
2025-08-26  07:47:00	642.20	642.24	641.87	641.89	200630	1156																				642.57958984375
2025-08-26  07:46:00	642.58	642.68	642.19	642.19	135483	952																				642.5895385742188
2025-08-26  07:45:00	642.73	642.78	642.38	642.60	152261	1079																				642.5892333984375
2025-08-26  07:44:00	642.74	642.85	642.65	642.74	133549	881																				642.585205078125
2025-08-26  07:43:00	642.66	642.79	642.48	642.75	109181	794																				642.58154296875
2025-08-26  07:42:00	642.58	642.68	642.49	642.66	97892	735																				642.5799560546875
2025-08-26  07:41:00	642.50	642.60	642.33	642.58	106388	661																				642.5799560546875
2025-08-26  07:40:00	642.28	642.58	642.27	642.51	142745	949																				642.5821533203125
2025-08-26  07:39:00	642.14	642.35	642.13	642.31	81168	461																				642.5870971679688
2025-08-26  07:38:00	642.19	642.21	641.98	642.12	118800	806																				642.599853515625
2025-08-26  07:37:00	642.22	642.34	642.13	642.20	117385	654																				642.6109008789062
2025-08-26  07:36:00	642.51	642.60	642.19	642.22	146276	1035																				642.6251220703125
2025-08-26  07:35:00	642.60	642.66	642.39	642.52	156015	1128																				642.6292724609375
2025-08-26  07:34:00	642.66	642.77	642.56	642.61	128430	801																				642.6299438476562
2025-08-26  07:33:00	642.63	642.81	642.51	642.65	140959	891																				642.629150390625
2025-08-26  07:32:00	642.50	642.74	642.37	642.63	158889	1069																				642.6290893554688
2025-08-26  07:31:00	642.05	642.53	642.03	642.48	191080	1240																				642.6376953125
2025-08-26  07:30:00	642.20	642.26	641.93	642.08	427571	2235																				642.7208862304688
2025-08-26  07:29:00	642.13	642.21	642.12	642.18	17648	57																				642.7242431640625
2025-08-26  07:28:00	642.20	642.22	642.12	642.14	14951	84																				642.727294921875
2025-08-26  07:27:00	642.24	642.28	642.17	642.20	5222	26																				642.728271484375
2025-08-26  07:26:00	642.26	642.31	642.26	642.27	1459	10																				642.728515625
2025-08-26  07:25:00	642.24	642.27	642.21	642.27	1901	13																				642.7288208007812
2025-08-26  07:24:00	642.21	642.22	642.19	642.22	400	4																				642.7288818359375
2025-08-26  07:23:00	642.27	642.27	642.27	642.27	300	2																				642.7289428710938
2025-08-26  07:22:00	642.20	642.31	642.20	642.28	2705	17																				642.7293701171875
2025-08-26  07:21:00	642.29	642.29	642.21	642.21	770	6																				642.7294921875
2025-08-26  07:20:00	642.28	642.28	642.25	642.25	400	4																				642.7295532226562
2025-08-26  07:19:00	642.28	642.28	642.26	642.26	912	7																				642.729736328125
2025-08-26  07:18:00	642.22	642.28	642.22	642.28	1840	12																				642.7300415039062
2025-08-26  07:17:00	642.24	642.27	642.23	642.25	2305	12																				642.7304077148438
2025-08-26  07:16:00	642.25	642.28	642.25	642.27	880	7																				642.7305297851562
2025-08-26  07:15:00	642.25	642.29	642.22	642.25	2670	15																				642.7310180664062
2025-08-26  07:14:00	642.32	642.32	642.29	642.30	741	6																				642.7311401367188
2025-08-26  07:13:00	642.34	642.37	642.32	642.34	1298	7																				642.7313232421875
2025-08-26  07:12:00	642.35	642.39	642.35	642.38	1491	8																				642.7315063476562
2025-08-26  07:11:00	642.29	642.34	642.29	642.34	670	2																				642.7315673828125
2025-08-26  07:10:00	642.27	642.29	642.26	642.27	1972	11																				642.7318725585938
2025-08-26  07:09:00	642.27	642.29	642.22	642.27	2643	10																				642.7323608398438
2025-08-26  07:08:00	642.25	642.31	642.25	642.30	1671	11																				642.7326049804688
2025-08-26  07:07:00	642.22	642.23	642.18	642.20	1745	12																				642.73291015625
2025-08-26  07:06:00	642.30	642.30	642.24	642.24	801	5																				642.7330322265625
2025-08-26  07:05:00	642.22	642.26	642.15	642.26	17195	80																				642.7359619140625
2025-08-26  07:04:00	642.27	642.32	642.18	642.18	2151	14																				642.7363891601562
2025-08-26  07:03:00	642.27	642.36	642.26	642.33	4684	24																				642.737060546875
2025-08-26  07:02:00	642.22	642.22	642.16	642.16	540	2																				642.7371826171875
2025-08-26  07:01:00	642.18	642.23	642.15	642.15	2127	9																				642.7376098632812
2025-08-26  07:00:00	642.19	642.20	642.09	642.19	1925	13																				642.738037109375
2025-08-26  06:59:00	642.06	642.19	642.06	642.18	800	6																				642.7381591796875
2025-08-26  06:58:00	642.15	642.15	642.11	642.11	500	3																				642.73828125
2025-08-26  06:57:00	642.09	642.20	642.09	642.20	2099	10																				642.7387084960938
2025-08-26  06:55:00	642.02	642.05	642.00	642.04	2890	11																				642.7394409179688
2025-08-26  06:54:00	642.10	642.11	642.00	642.02	3811	18																				642.7404174804688
2025-08-26  06:53:00	642.21	642.21	642.18	642.18	200	2																				642.7404174804688
2025-08-26  06:52:00	642.27	642.27	642.27	642.27	710	2																				642.7405395507812
2025-08-26  06:51:00	642.19	642.27	642.17	642.27	895	5																				642.74072265625
2025-08-26  06:50:00	642.19	642.19	642.19	642.19	400	2																				642.7407836914062
2025-08-26  06:49:00	642.21	642.24	642.21	642.24	1107	10																				642.740966796875
2025-08-26  06:48:00	642.20	642.20	642.20	642.20	100	1																				642.7410278320312
2025-08-26  06:47:00	642.24	642.25	642.23	642.23	3530	16																				642.7416381835938
2025-08-26  06:46:00	642.20	642.25	642.20	642.25	303	2																				642.74169921875
2025-08-26  06:45:00	642.17	642.19	642.16	642.18	600	6																				642.7418212890625
2025-08-26  06:44:00	642.17	642.17	642.15	642.15	1020	4																				642.7420654296875
2025-08-26  06:43:00	642.09	642.17	642.07	642.17	2792	8																				642.7426147460938
2025-08-26  06:42:00	642.19	642.19	642.16	642.16	775	4																				642.7427978515625
2025-08-26  06:41:00	642.21	642.22	642.21	642.22	4439	16																				642.74365234375
2025-08-26  06:40:00	642.21	642.21	642.13	642.17	2750	9																				642.7442016601562
2025-08-26  06:39:00	642.11	642.13	642.11	642.13	326	2																				642.7442626953125
2025-08-26  06:38:00	642.10	642.10	642.10	642.10	130	1																				642.7443237304688
2025-08-26  06:37:00	642.00	642.09	642.00	642.09	740	4																				642.7445068359375
2025-08-26  06:36:00	642.15	642.15	642.03	642.03	5899	27																				642.7460327148438
2025-08-26  06:35:00	642.25	642.25	642.11	642.15	2567	9																				642.74658203125
2025-08-26  06:34:00	642.20	642.22	642.20	642.22	10585	12																				642.7485961914062
2025-08-26  06:33:00	642.22	642.23	642.18	642.20	1630	14																				642.7489624023438
2025-08-26  06:32:00	642.13	642.25	642.13	642.20	2996	22																				642.7495727539062
2025-08-26  06:31:00	642.08	642.15	642.06	642.14	1132	9																				642.7498168945312
2025-08-26  06:30:00	641.87	642.07	641.85	642.07	3730	13																				642.750732421875
2025-08-26  06:29:00	641.95	641.96	641.87	641.94	1745	13																				642.751220703125
2025-08-26  06:28:00	642.04	642.04	641.95	641.95	1510	10																				642.751708984375
2025-08-26  06:27:00	642.01	642.03	642.01	642.03	300	3																				642.7517700195312
2025-08-26  06:26:00	642.01	642.01	642.01	642.01	100	1																				642.7517700195312
2025-08-26  06:25:00	642.04	642.05	641.93	641.98	737	6																				642.7520141601562
2025-08-26  06:24:00	642.03	642.03	642.00	642.03	1273	3																				642.7523193359375
2025-08-26  06:23:00	642.06	642.08	642.06	642.08	950	8																				642.7525634765625
2025-08-26  06:22:00	641.98	642.00	641.98	642.00	1521	8																				642.7529907226562
2025-08-26  06:20:00	641.84	641.89	641.84	641.89	680	4																				642.7532348632812
2025-08-26  06:19:00	641.98	641.98	641.93	641.93	650	3																				642.75341796875
2025-08-26  06:18:00	641.87	641.94	641.87	641.94	400	2																				642.7535400390625
2025-08-26  06:17:00	641.85	641.90	641.85	641.90	676	5																				642.7537231445312
2025-08-26  06:16:00	641.68	641.87	641.68	641.87	587	5																				642.7539672851562
2025-08-26  06:15:00	641.58	641.72	641.44	641.72	4827	31																				642.7557983398438
2025-08-26  06:14:00	641.71	641.71	641.60	641.61	1710	10																				642.7565307617188
2025-08-26  06:12:00	641.78	641.85	641.78	641.81	7111	42																				642.7589721679688
2025-08-26  06:11:00	641.85	641.85	641.80	641.80	200	2																				642.759033203125
2025-08-26  06:10:00	641.71	641.71	641.71	641.71	100	1																				642.7590942382812
2025-08-26  06:09:00	641.85	641.85	641.71	641.71	1100	5																				642.759521484375
2025-08-26  06:08:00	641.77	641.77	641.77	641.77	555	4																				642.7597045898438
2025-08-26  06:07:00	641.79	641.79	641.77	641.77	1840	15																				642.7603759765625
2025-08-26  06:06:00	641.93	641.93	641.93	641.93	270	1																				642.760498046875
2025-08-26  06:05:00	641.87	641.87	641.87	641.87	983	2																				642.7608032226562
2025-08-26  06:04:00	641.89	641.89	641.84	641.84	743	5																				642.7610473632812
2025-08-26  06:03:00	641.89	641.95	641.89	641.95	500	5																				642.76123046875
2025-08-26  06:02:00	641.92	641.93	641.89	641.93	2700	27																				642.7620239257812
2025-08-26  06:01:00	641.61	641.94	641.61	641.89	2852	20																				642.7630004882812
2025-08-26  06:00:00	642.23	642.50	640.73	641.35	26985	106																				642.7772827148438
2025-08-26  05:59:00	642.06	642.06	642.06	642.06	200	1																				642.77734375
2025-08-26  05:58:00	642.07	642.10	642.06	642.06	1410	11																				642.7777099609375
2025-08-26  05:57:00	642.04	642.06	642.00	642.05	947	5																				642.7779541015625
2025-08-26  05:56:00	642.07	642.11	642.07	642.11	1500	15																				642.7783813476562
2025-08-26  05:55:00	641.90	642.11	641.90	642.07	1413	10																				642.7787475585938
2025-08-26  05:54:00	641.80	641.87	641.80	641.85	1174	8																				642.7791137695312
2025-08-26  05:53:00	641.72	641.72	641.72	641.72	1000	2																				642.779541015625
2025-08-26  05:52:00	641.74	641.74	641.71	641.71	1230	8																				642.780029296875
2025-08-26  05:51:00	641.74	641.78	641.74	641.78	601	5																				642.7802734375
2025-08-26  05:50:00	641.74	641.77	641.74	641.75	604	4																				642.780517578125
2025-08-26  05:49:00	641.63	641.64	641.61	641.61	423	4																				642.7807006835938
2025-08-26  05:48:00	641.60	641.65	641.53	641.65	1456	6																				642.7813110351562
2025-08-26  05:47:00	641.64	641.64	641.64	641.64	100	1																				642.7813720703125
2025-08-26  05:46:00	641.71	641.71	641.66	641.66	240	2																				642.7814331054688
2025-08-26  05:44:00	641.74	641.74	641.74	641.74	250	1																				642.7815551757812
2025-08-26  05:43:00	641.80	641.80	641.76	641.76	1400	14																				642.7821044921875
2025-08-26  05:41:00	641.71	641.72	641.71	641.72	225	2																				642.7821655273438
2025-08-26  05:38:00	641.65	641.66	641.64	641.64	3374	19																				642.7836303710938
2025-08-26  05:37:00	641.67	641.68	641.67	641.67	800	7																				642.7839965820312
2025-08-26  05:35:00	641.73	641.73	641.73	641.73	100	1																				642.7839965820312
2025-08-26  05:33:00	641.69	641.70	641.65	641.70	3894	19																				642.7855834960938
2025-08-26  05:32:00	641.79	641.79	641.79	641.79	100	1																				642.78564453125
2025-08-26  05:31:00	641.88	641.88	641.80	641.80	321	2																				642.7857666015625
2025-08-26  05:30:00	641.95	641.95	641.86	641.86	1750	6																				642.786376953125
2025-08-26  05:29:00	641.94	641.94	641.94	641.94	400	4																				642.7864990234375
2025-08-26  05:28:00	642.04	642.06	642.00	642.00	2486	18																				642.7872314453125
2025-08-26  05:27:00	642.01	642.01	642.01	642.01	300	2																				642.787353515625
2025-08-26  05:26:00	641.97	641.97	641.97	641.97	955	2																				642.7876586914062
2025-08-26  05:25:00	642.01	642.01	642.01	642.01	100	1																				642.7876586914062
2025-08-26  05:24:00	642.00	642.00	642.00	642.00	1400	12																				642.7880859375
2025-08-26  05:23:00	641.99	641.99	641.99	641.99	200	2																				642.7881469726562
2025-08-26  05:22:00	641.99	641.99	641.98	641.98	400	4																				642.7882690429688
2025-08-26  05:21:00	642.00	642.00	641.99	641.99	421	3																				642.7883911132812
2025-08-26  05:20:00	641.94	641.94	641.92	641.94	400	4																				642.7885131835938
2025-08-26  05:19:00	642.00	642.00	642.00	642.00	250	1																				642.78857421875
2025-08-26  05:18:00	641.98	642.00	641.98	642.00	4799	13																				642.7900390625
2025-08-26  05:16:00	642.00	642.00	642.00	642.00	3329	12																				642.791015625
2025-08-26  05:15:00	642.02	642.02	642.02	642.02	199	1																				642.7910766601562
2025-08-26  05:13:00	642.18	642.18	642.15	642.15	1100	4																				642.7913818359375
2025-08-26  05:12:00	642.14	642.14	642.14	642.14	500	5																				642.79150390625
2025-08-26  05:11:00	642.16	642.21	642.16	642.18	500	5																				642.7916259765625
2025-08-26  05:07:00	642.15	642.15	642.15	642.15	498	4																				642.791748046875
2025-08-26  05:04:00	642.25	642.25	642.20	642.20	4000	24																				642.7926635742188
2025-08-26  05:02:00	642.26	642.26	642.25	642.25	437	4																				642.792724609375
2025-08-26  05:00:00	642.31	642.32	642.31	642.32	200	2																				642.7927856445312
2025-08-26  04:59:00	642.29	642.29	642.29	642.29	300	1																				642.7928466796875
2025-08-26  04:53:00	642.28	642.28	642.21	642.25	6905	40																				642.7942504882812
2025-08-26  04:47:00	642.24	642.24	642.24	642.24	100	1																				642.7942504882812
2025-08-26  04:45:00	642.30	642.30	642.30	642.30	933	1																				642.79443359375
2025-08-26  04:38:00	642.43	642.44	642.43	642.44	500	5																				642.7944946289062
2025-08-26  04:37:00	642.44	642.44	642.44	642.44	100	1																				642.7945556640625
2025-08-26  04:33:00	642.41	642.41	642.41	642.41	100	1																				642.7945556640625
2025-08-26  04:32:00	642.34	642.35	642.34	642.35	300	3																				642.7946166992188
2025-08-26  04:30:00	642.28	642.28	642.28	642.28	200	2																				642.7946166992188
2025-08-26  04:23:00	642.27	642.27	642.27	642.27	100	1																				642.794677734375
2025-08-26  04:22:00	642.23	642.23	642.23	642.23	700	6																				642.7947998046875
2025-08-26  04:21:00	642.27	642.27	642.27	642.27	100	1																				642.7948608398438
2025-08-26  04:19:00	642.41	642.41	642.41	642.41	100	1																				642.7948608398438
2025-08-26  04:18:00	642.37	642.39	642.37	642.39	751	6																				642.7949829101562
2025-08-26  04:17:00	642.39	642.39	642.37	642.37	996	5																				642.7951049804688
2025-08-26  04:16:00	642.38	642.42	642.38	642.42	2651	12																				642.7955322265625
2025-08-26  04:15:00	642.38	642.38	642.38	642.38	945	1																				642.795654296875
2025-08-26  04:14:00	642.41	642.41	642.41	642.41	300	3																				642.7957153320312
2025-08-26  04:13:00	642.32	642.32	642.32	642.32	100	1																				642.7957153320312
2025-08-26  04:12:00	642.23	642.23	642.23	642.23	100	1																				642.7957153320312
2025-08-26  04:11:00	642.31	642.31	642.30	642.30	350	2																				642.7958374023438
2025-08-26  04:10:00	642.21	642.21	642.20	642.20	700	3																				642.7959594726562
2025-08-26  04:07:00	642.09	642.09	642.09	642.09	100	1																				642.7960205078125
2025-08-26  04:06:00	642.17	642.17	642.15	642.15	200	2																				642.7960205078125
2025-08-26  04:05:00	642.24	642.25	642.24	642.25	200	2																				642.7960815429688
2025-08-26  04:04:00	642.31	642.31	642.29	642.29	1039	4																				642.7962646484375
2025-08-26  04:03:00	642.24	642.30	642.24	642.27	500	5																				642.79638671875
2025-08-26  04:02:00	642.19	642.25	642.19	642.25	600	6																				642.7965087890625
2025-08-26  04:01:00	642.25	642.28	642.25	642.28	1331	9																				642.7968139648438
2025-08-26  04:00:00	642.07	642.07	642.07	642.07	173	1																				642.7968139648438
2025-08-26  03:59:00	642.13	642.13	642.07	642.07	460	3																				642.7969360351562
2025-08-26  03:57:00	641.99	641.99	641.99	641.99	600	2																				642.7971801757812
2025-08-26  03:51:00	642.01	642.01	642.01	642.01	500	5																				642.7973022460938
2025-08-26  03:40:00	641.89	641.89	641.89	641.89	300	1																				642.7974243164062
2025-08-26  03:39:00	642.12	642.12	642.12	642.12	200	2																				642.7974853515625
2025-08-26  03:37:00	642.20	642.20	642.20	642.20	100	1																				642.7974853515625
2025-08-26  03:35:00	642.25	642.25	642.25	642.25	200	2																				642.7975463867188
2025-08-26  03:33:00	642.16	642.16	642.15	642.15	540	5																				642.7976684570312
2025-08-26  03:28:00	642.03	642.03	642.03	642.03	100	1																				642.7976684570312
2025-08-26  03:27:00	642.02	642.02	642.02	642.02	100	1																				642.7977294921875
2025-08-26  03:25:00	642.03	642.03	642.03	642.03	1853	5																				642.7982788085938
2025-08-26  03:19:00	642.11	642.11	642.11	642.11	100	1																				642.7982788085938
2025-08-26  03:12:00	642.01	642.01	642.01	642.01	100	1																				642.79833984375
2025-08-26  03:06:00	641.90	641.90	641.90	641.90	250	1																				642.7984008789062
2025-08-26  03:01:00	641.65	641.67	641.60	641.67	1224	6																				642.7989501953125
2025-08-26  03:00:00	641.79	641.79	641.78	641.78	651	3																				642.7991943359375
2025-08-26  02:55:00	641.80	641.80	641.80	641.80	100	1																				642.7992553710938
2025-08-26  02:51:00	641.86	641.86	641.86	641.86	1517	1																				642.7998046875
2025-08-26  02:50:00	641.91	641.91	641.91	641.91	400	4																				642.7999267578125
2025-08-26  02:49:00	641.90	641.90	641.90	641.90	200	2																				642.7999877929688
2025-08-26  02:48:00	641.88	641.88	641.88	641.88	1180	4																				642.8004150390625
2025-08-26  02:47:00	641.87	641.87	641.87	641.87	100	1																				642.8004760742188
2025-08-26  02:42:00	641.52	641.57	641.50	641.57	8844	26																				642.8046875
2025-08-26  02:41:00	641.58	641.62	641.58	641.62	2376	14																				642.8057861328125
2025-08-26  02:38:00	641.55	641.55	641.55	641.55	100	1																				642.8058471679688
2025-08-26  02:37:00	641.60	641.60	641.60	641.60	300	1																				642.8059692382812
2025-08-26  02:36:00	641.70	641.70	641.64	641.64	650	3																				642.8062744140625
2025-08-26  02:34:00	641.76	641.76	641.73	641.73	800	4																				642.8065795898438
2025-08-26  02:30:00	641.60	641.60	641.60	641.60	380	2																				642.8067626953125
2025-08-26  02:28:00	641.76	641.76	641.76	641.76	500	1																				642.8069458007812
2025-08-26  02:24:00	641.52	641.58	641.52	641.58	1730	12																				642.8078002929688
2025-08-26  02:23:00	641.46	641.50	641.46	641.50	300	2																				642.8079833984375
2025-08-26  02:21:00	641.55	641.60	641.55	641.60	1200	7																				642.8085327148438
2025-08-26  02:20:00	641.60	641.60	641.54	641.54	366	2																				642.8087158203125
2025-08-26  02:18:00	641.94	641.94	641.94	641.94	100	1																				642.8087158203125
2025-08-26  02:17:00	641.79	641.90	641.79	641.90	400	4																				642.8088989257812
2025-08-26  02:16:00	641.95	641.95	641.95	641.95	200	2																				642.8089599609375
2025-08-26  02:14:00	641.80	641.80	641.79	641.79	289	2																				642.80908203125
2025-08-26  02:12:00	641.70	641.84	641.70	641.80	300	3																				642.8092041015625
2025-08-26  02:09:00	641.66	641.66	641.66	641.66	100	1																				642.8092041015625
2025-08-26  02:08:00	641.61	641.66	641.61	641.66	230	2																				642.809326171875
2025-08-26  02:07:00	641.55	641.55	641.54	641.54	435	2																				642.8095092773438
2025-08-26  02:05:00	641.47	641.70	641.47	641.70	509	2																				642.8097534179688
2025-08-26  02:04:00	641.38	641.38	641.38	641.38	200	2																				642.8098754882812
2025-08-26  02:03:00	641.60	641.60	641.36	641.36	666	3																				642.8102416992188
2025-08-26  02:02:00	641.48	641.50	641.44	641.44	407	4																				642.8104858398438
2025-08-26  02:01:00	641.49	641.49	641.45	641.45	300	3																				642.8106079101562
2025-08-26  02:00:00	641.37	641.88	641.33	641.37	3111	24																				642.8123779296875
2025-08-25  18:00:00	642.47	642.47	642.47	642.47	1	1																				642.8123779296875
2025-08-25  17:59:00	642.98	643.01	642.98	643.01	1140	3																				642.812255859375
2025-08-25  17:58:00	643.05	643.05	643.00	643.01	1300	3																				642.8121948242188
2025-08-25  17:57:00	642.87	643.04	642.87	643.04	8324	41																				642.8114624023438
2025-08-25  17:56:00	643.00	643.00	642.92	642.92	915	5																				642.8114013671875
2025-08-25  17:54:00	642.89	642.89	642.89	642.89	670	2																				642.8114013671875
2025-08-25  17:52:00	642.87	642.87	642.83	642.87	1000	4																				642.8113403320312
2025-08-25  17:51:00	642.87	642.87	642.87	642.87	347	1																				642.8113403320312
2025-08-25  17:50:00	642.91	642.91	642.88	642.89	5200	18																				642.8112182617188
2025-08-25  17:49:00	642.95	642.95	642.95	642.95	100	1																				642.8111572265625
2025-08-25  17:48:00	642.92	642.92	642.87	642.88	1724	14																				642.8111572265625
2025-08-25  17:47:00	643.00	643.00	643.00	643.00	330	2																				642.8110961914062
2025-08-25  17:43:00	642.95	642.95	642.95	642.95	200	2																				642.8110961914062
2025-08-25  17:42:00	643.01	643.01	643.01	643.01	199	1																				642.8110961914062
2025-08-25  17:40:00	643.03	643.03	643.03	643.03	100	1																				642.8110961914062
2025-08-25  17:39:00	643.00	643.02	643.00	643.02	3870	12																				642.8107299804688
2025-08-25  17:38:00	643.03	643.03	643.02	643.02	1695	7																				642.8106079101562
2025-08-25  17:37:00	643.01	643.04	643.01	643.04	530	2																				642.810546875
2025-08-25  17:36:00	643.07	643.07	643.07	643.07	700	1																				642.8104858398438
2025-08-25  17:34:00	643.12	643.19	643.12	643.19	500	2																				642.8104248046875
2025-08-25  17:32:00	643.03	643.04	643.03	643.04	390	2																				642.8103637695312
2025-08-25  17:30:00	643.08	643.08	643.07	643.07	251	2																				642.8103637695312
2025-08-25  17:29:00	643.07	643.08	643.07	643.08	697	2																				642.810302734375
2025-08-25  17:28:00	643.06	643.08	643.06	643.08	2400	4																				642.81005859375
2025-08-25  17:27:00	642.96	642.96	642.94	642.95	700	5																				642.8099975585938
2025-08-25  17:26:00	643.01	643.01	642.94	642.94	1900	14																				642.8098754882812
2025-08-25  17:25:00	643.10	643.10	643.10	643.10	200	1																				642.8098754882812
2025-08-25  17:24:00	643.07	643.09	643.01	643.05	1943	12																				642.8096923828125
2025-08-25  17:23:00	643.09	643.09	643.07	643.07	1400	6																				642.8095703125
2025-08-25  17:22:00	643.18	643.18	643.18	643.18	100	1																				642.8095092773438
2025-08-25  17:17:00	643.20	643.21	643.20	643.21	360	2																				642.8094482421875
2025-08-25  17:13:00	643.21	643.21	643.21	643.21	409	1																				642.8093872070312
2025-08-25  17:12:00	643.17	643.17	643.17	643.17	100	1																				642.8093872070312
2025-08-25  17:08:00	643.20	643.20	643.17	643.17	3024	19																				642.8089599609375
2025-08-25  17:07:00	643.22	643.22	643.22	643.22	100	1																				642.8089599609375
2025-08-25  17:06:00	643.27	643.27	643.27	643.27	100	1																				642.8088989257812
2025-08-25  17:05:00	643.26	643.26	643.26	643.26	100	1																				642.8088989257812
2025-08-25  17:04:00	643.33	643.33	643.28	643.28	500	4																				642.808837890625
2025-08-25  17:03:00	643.28	643.28	643.28	643.28	100	1																				642.8087768554688
2025-08-25  17:02:00	643.27	643.27	643.27	643.27	500	1																				642.8087158203125
2025-08-25  16:58:00	643.17	643.17	643.17	643.17	2000	12																				642.8084106445312
2025-08-25  16:56:00	643.28	643.28	643.28	643.28	202	2																				642.808349609375
2025-08-25  16:51:00	643.28	643.28	643.28	643.28	250	2																				642.808349609375
2025-08-25  16:49:00	643.19	643.20	643.18	643.20	559	3																				642.8082275390625
2025-08-25  16:48:00	643.22	643.22	643.22	643.22	299	1																				642.8081665039062
2025-08-25  16:47:00	643.23	643.26	643.23	643.26	595	2																				642.80810546875
2025-08-25  16:45:00	643.25	643.25	643.25	643.25	124	1																				642.8080444335938
2025-08-25  16:44:00	643.30	643.30	643.30	643.30	300	2																				642.8079833984375
2025-08-25  16:43:00	643.31	643.32	643.31	643.32	407	2																				642.8079223632812
2025-08-25  16:42:00	643.31	643.31	643.31	643.31	499	1																				642.8078002929688
2025-08-25  16:41:00	643.22	643.28	643.22	643.28	1210	4																				642.8076171875
2025-08-25  16:38:00	643.22	643.22	643.22	643.22	200	1																				642.8075561523438
2025-08-25  16:34:00	643.19	643.19	643.19	643.19	100	1																				642.8075561523438
2025-08-25  16:33:00	643.19	643.19	643.19	643.19	150	1																				642.8074951171875
2025-08-25  16:32:00	643.20	643.20	643.20	643.20	520	5																				642.8074340820312
2025-08-25  16:31:00	643.20	643.20	643.20	643.20	156	1																				642.8074340820312
2025-08-25  16:30:00	642.47	642.47	642.47	642.47	1	1																				642.8074340820312
2025-08-25  16:29:00	643.29	643.32	643.27	643.27	1419	7																				642.80712890625
2025-08-25  16:26:00	643.38	643.38	643.34	643.34	200	2																				642.80712890625
2025-08-25  16:25:00	643.31	643.35	643.31	643.35	200	2																				642.8070678710938
2025-08-25  16:24:00	643.23	643.27	643.23	643.27	400	3																				642.8070068359375
2025-08-25  16:23:00	643.20	643.27	643.20	643.27	200	2																				642.8069458007812
2025-08-25  16:22:00	643.23	643.23	643.23	643.23	106	1																				642.8069458007812
2025-08-25  16:20:00	643.21	643.21	643.21	643.21	200	2																				642.806884765625
2025-08-25  16:17:00	643.25	643.25	643.25	643.25	100	1																				642.806884765625
2025-08-25  16:16:00	643.29	643.29	643.29	643.29	200	2																				642.806884765625
2025-08-25  16:15:00	643.20	643.26	643.20	643.26	1617	4																				642.8065795898438
2025-08-25  16:14:00	643.22	643.22	643.18	643.18	200	2																				642.8065185546875
2025-08-25  16:13:00	643.20	643.20	643.20	643.20	100	1																				642.8065185546875
2025-08-25  16:12:00	643.23	643.23	643.23	643.23	110	1																				642.8065185546875
2025-08-25  16:11:00	643.20	643.25	643.19	643.25	2100	9																				642.80615234375
2025-08-25  16:10:00	643.22	643.22	643.22	643.22	600	2																				642.8060302734375
2025-08-25  16:07:00	643.22	643.22	643.18	643.18	300	2																				642.8059692382812
2025-08-25  16:06:00	643.17	643.21	643.17	643.20	6760	24																				642.804931640625
2025-08-25  16:05:00	643.19	643.19	643.15	643.15	1300	3																				642.8047485351562
2025-08-25  16:04:00	643.20	643.26	643.15	643.16	3097	11																				642.8043212890625
2025-08-25  16:03:00	643.10	643.20	643.09	643.20	4415	18																				642.8035888671875
2025-08-25  16:02:00	643.03	643.05	643.03	643.05	5100	18																				642.8031005859375
2025-08-25  16:01:00	642.98	642.98	642.98	642.98	1468	5																				642.802978515625
2025-08-25  16:00:00	642.98	643.10	642.97	643.10	2834	12																				642.8026123046875
2025-08-25  15:59:00	642.98	642.98	642.98	642.98	332	1																				642.8026123046875
2025-08-25  15:56:00	642.94	642.94	642.90	642.90	690	2																				642.8026123046875
2025-08-25  15:47:00	642.93	642.93	642.93	642.93	522	1																				642.8025512695312
2025-08-25  15:42:00	642.97	642.97	642.97	642.97	175	1																				642.8025512695312
2025-08-25  15:41:00	642.98	642.98	642.98	642.98	200	1																				642.8025512695312
2025-08-25  15:39:00	642.96	642.96	642.96	642.96	762	3																				642.802490234375
2025-08-25  15:38:00	642.90	642.90	642.90	642.90	200	1																				642.802490234375
2025-08-25  15:37:00	642.96	642.96	642.92	642.92	869	3																				642.8024291992188
2025-08-25  15:36:00	642.90	642.91	642.90	642.91	800	7																				642.8024291992188
2025-08-25  15:35:00	642.89	642.90	642.87	642.90	899	5																				642.8023681640625
2025-08-25  15:32:00	642.90	642.90	642.90	642.90	100	1																				642.8023681640625
2025-08-25  15:31:00	642.83	642.90	642.83	642.90	2000	2																				642.8023071289062
2025-08-25  15:30:00	642.84	642.84	642.80	642.80	2725	6																				642.8023071289062
2025-08-25  15:29:00	642.86	642.88	642.84	642.84	1278	6																				642.80224609375
2025-08-25  15:25:00	642.84	642.85	642.84	642.84	2918	10																				642.80224609375
2025-08-25  15:23:00	642.93	642.94	642.80	642.80	14564	20																				642.80224609375
2025-08-25  15:20:00	642.96	642.96	642.96	642.96	600	3																				642.8021850585938
2025-08-25  15:19:00	642.96	642.97	642.96	642.96	1135	9																				642.8021240234375
2025-08-25  15:18:00	642.94	642.96	642.94	642.96	1812	11																				642.802001953125
2025-08-25  15:17:00	642.96	642.96	642.94	642.94	1376	5																				642.8019409179688
2025-08-25  15:16:00	642.94	642.96	642.94	642.96	3045	5																				642.8017578125
2025-08-25  15:15:00	642.93	642.94	642.93	642.94	1949	4																				642.8016357421875
2025-08-25  15:14:00	642.93	642.94	642.93	642.93	5100	5																				642.8013305664062
2025-08-25  15:13:00	642.94	642.94	642.94	642.94	3500	2																				642.8011474609375
2025-08-25  15:12:00	642.92	642.95	642.92	642.95	7067	14																				642.8007202148438
2025-08-25  15:11:00	642.92	642.92	642.92	642.92	6369	3																				642.8004150390625
2025-08-25  15:10:00	642.90	642.90	642.90	642.90	100	1																				642.8004150390625
2025-08-25  15:09:00	642.90	642.92	642.88	642.88	9279	7																				642.8001098632812
2025-08-25  15:08:00	642.90	642.90	642.90	642.90	1000	1																				642.800048828125
2025-08-25  15:07:00	642.89	642.91	642.89	642.90	20033	9																				642.7991943359375
2025-08-25  15:06:00	642.91	642.91	642.91	642.91	500	2																				642.7991943359375
2025-08-25  15:05:00	642.90	642.90	642.90	642.90	122	1																				642.7991943359375
2025-08-25  15:02:00	642.89	642.89	642.85	642.86	677	6																				642.7991333007812
2025-08-25  15:01:00	642.85	642.91	642.85	642.85	30044	31																				642.7985229492188
2025-08-25  15:00:00	642.92	642.92	642.85	642.85	10690	21																				642.7982788085938
2025-08-25  14:59:00	642.99	642.99	642.93	642.93	25578	27																				642.7968139648438
2025-08-25  14:58:00	643.02	643.02	643.02	643.02	10995	23																				642.7957153320312
2025-08-25  14:55:00	643.00	643.00	643.00	643.00	100	1																				642.7957153320312
2025-08-25  14:54:00	642.96	642.98	642.96	642.98	2995	8																				642.7954711914062
2025-08-25  14:52:00	642.94	642.99	642.94	642.99	1379	3																				642.7953491210938
2025-08-25  14:50:00	642.90	642.90	642.89	642.89	2141	5																				642.7952880859375
2025-08-25  14:49:00	642.97	642.98	642.90	642.91	8750	29																				642.7948608398438
2025-08-25  14:48:00	642.97	642.97	642.97	642.97	900	6																				642.7947998046875
2025-08-25  14:47:00	642.99	642.99	642.99	642.99	133	1																				642.7947387695312
2025-08-25  14:46:00	642.97	642.99	642.97	642.97	1754	10																				642.7946166992188
2025-08-25  14:45:00	642.98	642.99	642.96	642.96	6431	18																				642.794189453125
2025-08-25  14:44:00	643.02	643.02	643.00	643.00	1100	3																				642.7940673828125
2025-08-25  14:43:00	642.99	642.99	642.99	642.99	950	3																				642.7940063476562
2025-08-25  14:41:00	642.99	643.01	642.99	643.01	1900	11																				642.7938232421875
2025-08-25  14:40:00	642.96	642.99	642.96	642.99	1201	6																				642.793701171875
2025-08-25  14:39:00	643.00	643.00	642.98	642.98	4668	17																				642.7933349609375
2025-08-25  14:37:00	642.98	643.00	642.98	642.98	7409	21																				642.792724609375
2025-08-25  14:36:00	642.99	642.99	642.97	642.99	9890	37																				642.7918090820312
2025-08-25  14:35:00	643.02	643.02	642.99	642.99	991	7																				642.791748046875
2025-08-25  14:34:00	643.02	643.02	643.00	643.00	680	3																				642.7916870117188
2025-08-25  14:33:00	642.99	642.99	642.99	642.99	101	1																				642.7916870117188
2025-08-25  14:32:00	643.06	643.06	643.01	643.02	3440	12																				642.7913208007812
2025-08-25  14:31:00	643.15	643.15	643.05	643.06	2164	8																				642.7910766601562
2025-08-25  14:30:00	643.09	643.13	643.09	643.13	8052	28																				642.7898559570312
2025-08-25  14:29:00	643.05	643.08	643.04	643.07	1440	6																				642.7896728515625
2025-08-25  14:28:00	643.07	643.08	643.03	643.03	5250	15																				642.7891235351562
2025-08-25  14:27:00	643.05	643.07	643.05	643.06	1828	11																				642.7888793945312
2025-08-25  14:26:00	643.07	643.07	643.00	643.04	23011	81																				642.7862548828125
2025-08-25  14:25:00	643.07	643.09	643.07	643.09	3337	11																				642.7858276367188
2025-08-25  14:24:00	643.04	643.05	643.03	643.04	3418	10																				642.785400390625
2025-08-25  14:23:00	643.02	643.06	642.98	642.99	4904	17																				642.7849731445312
2025-08-25  14:22:00	643.03	643.03	643.00	643.01	8612	12																				642.7840576171875
2025-08-25  14:21:00	643.01	643.04	643.01	643.01	2088	9																				642.7838745117188
2025-08-25  14:20:00	643.03	643.05	643.03	643.03	5759	27																				642.783203125
2025-08-25  14:19:00	643.00	643.05	643.00	643.05	30059	96																				642.7794799804688
2025-08-25  14:18:00	643.01	643.02	642.99	642.99	1217	7																				642.7793579101562
2025-08-25  14:17:00	642.98	643.00	642.98	643.00	5687	28																				642.7787475585938
2025-08-25  14:16:00	642.93	642.99	642.93	642.99	2402	14																				642.7785034179688
2025-08-25  14:15:00	642.94	642.95	642.91	642.92	10017	48																				642.77783203125
2025-08-25  14:14:00	642.95	642.97	642.88	642.93	20510	86																				642.7763671875
2025-08-25  14:13:00	642.98	643.01	642.95	642.97	27713	86																				642.7738037109375
2025-08-25  14:12:00	642.93	642.98	642.93	642.98	6407	29																				642.7731323242188
2025-08-25  14:11:00	642.95	642.95	642.90	642.93	14589	70																				642.7720336914062
2025-08-25  14:10:00	642.47	642.98	642.47	642.95	19099	91																				642.7703857421875
2025-08-25  14:09:00	643.04	643.04	642.95	642.95	11056	61																				642.7694091796875
2025-08-25  14:08:00	643.05	643.08	643.03	643.05	32833	99																				642.7647705078125
2025-08-25  14:07:00	642.95	643.06	642.94	643.05	69349	237																				642.7545166015625
2025-08-25  14:06:00	643.02	643.02	642.94	642.94	20653	95																				642.7525024414062
2025-08-25  14:05:00	642.98	643.06	642.53	643.01	360329	225																				642.6925048828125
2025-08-25  14:04:00	642.97	643.03	642.92	642.94	59668	227																				642.6825561523438
2025-08-25  14:03:00	642.89	642.95	642.86	642.95	42375	191																				642.6747436523438
2025-08-25  14:02:00	642.71	642.87	642.69	642.87	87673	297																				642.662109375
2025-08-25  14:01:00	642.66	642.75	642.65	642.71	58308	253																				642.6599731445312
2025-08-25  14:00:00	642.48	642.67	642.34	642.66	1298092	1277																				644.0723876953125
2025-08-25  13:59:00	642.92	642.99	642.35	642.47	1470869	7216																				644.1453857421875
2025-08-25  13:58:00	642.87	642.95	642.77	642.92	482678	2755																				644.1640014648438
2025-08-25  13:57:00	643.37	643.39	642.82	642.86	659439	3623																				644.191650390625
2025-08-25  13:56:00	643.45	643.48	643.36	643.37	245570	1454																				644.1981811523438
2025-08-25  13:55:00	643.50	643.53	643.36	643.44	354015	2210																				644.2069702148438
2025-08-25  13:54:00	643.39	643.55	643.36	643.50	274317	1564																				644.2133178710938
2025-08-25  13:53:00	643.42	643.48	643.37	643.39	228623	1365																				644.2196044921875
2025-08-25  13:52:00	643.40	643.47	643.37	643.42	259047	1372																				644.2265014648438
2025-08-25  13:51:00	643.48	643.51	643.35	643.41	297026	1898																				644.2347412109375
2025-08-25  13:50:00	643.53	643.68	643.47	643.48	311806	2162																				644.2427368164062
2025-08-25  13:49:00	643.47	643.57	643.46	643.52	141913	915																				644.2462768554688
2025-08-25  13:48:00	643.52	643.53	643.40	643.47	243607	1482																				644.2529296875
2025-08-25  13:47:00	643.53	643.62	643.49	643.52	151319	1016																				644.2567749023438
2025-08-25  13:46:00	643.57	643.57	643.51	643.53	191456	999																				644.2616577148438
2025-08-25  13:45:00	643.57	643.61	643.51	643.57	135878	829																				644.2650146484375
2025-08-25  13:44:00	643.55	643.60	643.54	643.58	94332	678																				644.267333984375
2025-08-25  13:43:00	643.64	643.64	643.55	643.56	105165	669																				644.2699584960938
2025-08-25  13:42:00	643.78	643.79	643.63	643.64	136588	742																				644.2730712890625
2025-08-25  13:41:00	643.76	643.84	643.76	643.78	92875	614																				644.2747192382812
2025-08-25  13:40:00	643.77	643.80	643.73	643.75	80418	558																				644.2762451171875
2025-08-25  13:39:00	643.75	643.79	643.70	643.78	61202	434																				644.27734375
2025-08-25  13:38:00	643.69	643.76	643.67	643.76	33403	240																				644.2779541015625
2025-08-25  13:37:00	643.65	643.73	643.61	643.68	94132	544																				644.2799682617188
2025-08-25  13:36:00	643.70	643.74	643.64	643.65	100485	761																				644.2822875976562
2025-08-25  13:35:00	643.65	643.76	643.65	643.71	110353	600																				644.2846069335938
2025-08-25  13:34:00	643.65	643.66	643.62	643.66	64848	436																				644.2860717773438
2025-08-25  13:33:00	643.63	643.68	643.61	643.65	87789	507																				644.2881469726562
2025-08-25  13:32:00	643.63	643.66	643.61	643.64	43633	276																				644.2891845703125
2025-08-25  13:31:00	643.70	643.70	643.59	643.64	61581	484																				644.2906494140625
2025-08-25  13:30:00	643.69	643.78	643.65	643.69	76953	523																				644.2923583984375
2025-08-25  13:29:00	643.63	643.72	643.62	643.69	65485	508																				644.2938232421875
2025-08-25  13:28:00	643.67	643.68	643.63	643.63	42695	358																				644.2948608398438
2025-08-25  13:27:00	643.72	643.74	643.63	643.67	77204	633																				644.2966918945312
2025-08-25  13:26:00	643.75	643.77	643.65	643.72	81389	558																				644.2984619140625
2025-08-25  13:25:00	643.73	643.82	643.68	643.76	77928	493																				644.300048828125
2025-08-25  13:24:00	643.72	643.77	643.71	643.72	51388	348																				644.3011474609375
2025-08-25  13:23:00	643.71	643.77	643.66	643.72	86044	626																				644.302978515625
2025-08-25  13:22:00	643.70	643.73	643.69	643.71	75688	567																				644.3046875
2025-08-25  13:21:00	643.79	643.81	643.68	643.70	79574	557																				644.3065185546875
2025-08-25  13:20:00	643.75	643.85	643.72	643.80	131287	794																				644.3090209960938
2025-08-25  13:19:00	643.66	643.78	643.65	643.75	90588	604																				644.3109741210938
2025-08-25  13:18:00	643.69	643.72	643.63	643.66	77266	577																				644.3128662109375
2025-08-25  13:17:00	643.74	643.79	643.65	643.68	152465	967																				644.3165893554688
2025-08-25  13:16:00	643.78	643.81	643.62	643.74	164402	1098																				644.3202514648438
2025-08-25  13:15:00	643.99	644.01	643.76	643.78	147875	1036																				644.3234252929688
2025-08-25  13:14:00	644.08	644.12	643.98	643.98	71412	512																				644.3243408203125
2025-08-25  13:13:00	644.11	644.15	644.07	644.09	52697	311																				644.3248291015625
2025-08-25  13:12:00	644.09	644.13	644.05	644.11	51201	347																				644.3252563476562
2025-08-25  13:11:00	644.10	644.12	644.05	644.07	45352	366																				644.3257446289062
2025-08-25  13:10:00	644.03	644.14	643.99	644.10	56607	424																				644.3262329101562
2025-08-25  13:09:00	644.00	644.04	643.94	644.04	63026	479																				644.3269653320312
2025-08-25  13:08:00	643.87	644.02	643.86	644.01	63215	469																				644.3277587890625
2025-08-25  13:07:00	643.94	643.94	643.85	643.86	55485	436																				644.3287353515625
2025-08-25  13:06:00	643.92	644.01	643.91	643.94	92732	638																				644.3302001953125
2025-08-25  13:05:00	643.88	643.94	643.83	643.93	80433	613																				644.3314819335938
2025-08-25  13:04:00	643.85	643.92	643.84	643.88	52507	330																				644.3324584960938
2025-08-25  13:03:00	643.88	643.94	643.77	643.85	81733	668																				644.3340454101562
2025-08-25  13:02:00	643.94	643.97	643.84	643.89	131937	798																				644.33642578125
2025-08-25  13:01:00	643.94	643.99	643.91	643.95	46703	312																				644.337158203125
2025-08-25  13:00:00	643.97	644.04	643.92	643.93	78648	536																				644.3384399414062
2025-08-25  12:59:00	644.11	644.11	643.93	643.94	75902	525																				644.3396606445312
2025-08-25  12:58:00	644.21	644.24	644.10	644.10	59776	349																				644.3402709960938
2025-08-25  12:57:00	644.21	644.23	644.17	644.21	31919	248																				644.3403930664062
2025-08-25  12:56:00	644.11	644.21	644.10	644.20	28224	234																				644.340576171875
2025-08-25  12:55:00	644.11	644.14	644.06	644.11	53344	365																				644.341064453125
2025-08-25  12:54:00	644.21	644.21	644.10	644.11	44918	332																				644.3414916992188
2025-08-25  12:53:00	644.23	644.23	644.15	644.20	34053	217																				644.3416748046875
2025-08-25  12:52:00	644.20	644.28	644.11	644.23	91050	681																				644.3421020507812
2025-08-25  12:51:00	644.24	644.27	644.20	644.21	54212	439																				644.3424072265625
2025-08-25  12:50:00	644.19	644.27	644.15	644.23	57592	414																				644.3426513671875
2025-08-25  12:49:00	644.18	644.25	644.16	644.19	44202	330																				644.3428955078125
2025-08-25  12:48:00	644.16	644.24	644.08	644.19	43586	333																				644.3432006835938
2025-08-25  12:47:00	644.08	644.16	644.05	644.16	42828	287																				644.343505859375
2025-08-25  12:46:00	643.96	644.10	643.93	644.09	62469	426																				644.3441772460938
2025-08-25  12:45:00	644.05	644.05	643.90	643.95	92587	580																				644.3457641601562
2025-08-25  12:44:00	644.06	644.12	644.04	644.05	28580	195																				644.3460693359375
2025-08-25  12:43:00	644.06	644.12	644.01	644.06	37019	258																				644.3465576171875
2025-08-25  12:42:00	644.03	644.11	643.99	644.05	48804	372																				644.34716796875
2025-08-25  12:41:00	644.12	644.16	644.00	644.04	54751	404																				644.3478393554688
2025-08-25  12:40:00	644.11	644.18	644.11	644.12	46654	375																				644.3483276367188
2025-08-25  12:39:00	644.22	644.24	644.12	644.12	57381	424																				644.348876953125
2025-08-25  12:38:00	644.18	644.26	644.16	644.23	56898	354																				644.34912109375
2025-08-25  12:37:00	644.08	644.21	644.07	644.19	56348	312																				644.3495483398438
2025-08-25  12:36:00	644.12	644.12	644.06	644.09	47665	314																				644.3500366210938