 [ID0] VXQ25_FUT_CFE[M]  5 Min  #5			Formula Source Sheet #5.  Enter and modify formulas for this sheet on Sheet5
Date Time	[ID0.SG1] Open	[ID0.SG2] High	[ID0.SG3] Low	[ID0.SG4] Last	[ID0.SG5] Volume	[ID0.SG6] # of Trades				K	L	M	N	O	P	Q	R	S	T	U	V	W	X	Y	Z
2025-08-20  08:56:00	15.55	15.55	15.55	15.55	15	7
2025-08-20  08:51:00	15.45	15.55	15.45	15.55	118	18
2025-08-20  08:46:00	15.45	15.49	15.45	15.45	58	23
2025-08-20  08:41:00	15.50	15.50	15.45	15.45	115	18
2025-08-20  08:36:00	15.55	15.55	15.50	15.50	16	16
2025-08-20  08:31:00	15.50	15.55	15.50	15.55	25	17
2025-08-20  08:26:00	15.50	15.55	15.50	15.55	31	17
2025-08-20  08:21:00	15.45	15.55	15.45	15.50	62	22
2025-08-20  08:16:00	15.45	15.51	15.45	15.45	37	23
2025-08-20  08:11:00	15.40	15.55	15.40	15.45	16	16		Bid (read-only):	0
2025-08-20  08:06:00	15.45	15.53	15.40	15.40	49	27		Bid Size (read-only):	0
2025-08-20  08:01:00	15.50	15.53	15.45	15.45	44	25		Ask (read-only):	0
2025-08-20  07:56:00	15.60	15.60	15.50	15.50	31	10		Ask Size (read-only):	0
2025-08-20  07:36:00	15.65	15.65	15.60	15.60	8	5		Daily Open (read-only):	0
2025-08-20  07:31:00	15.65	15.65	15.60	15.65	30	15		Daily High (read-only):	0
2025-08-20  07:21:00	15.62	15.62	15.62	15.62	5	3		Daily Low (read-only):	0
2025-08-20  07:16:00	15.60	15.62	15.60	15.62	13	6		Daily Price Change (read-only):	0
2025-08-20  07:11:00	15.58	15.58	15.55	15.55	29	10		Daily Volume (read-only):	0
2025-08-20  07:01:00	15.59	15.59	15.59	15.59	16	9		Tick Size (read-only):	0.05000000074505806
2025-08-20  06:41:00	15.65	15.65	15.65	15.65	2	1
2025-08-20  06:36:00	15.55	15.65	15.55	15.65	19	6
2025-08-20  06:31:00	15.55	15.60	15.55	15.60	61	23
2025-08-20  06:26:00	15.50	15.50	15.50	15.50	3	2
2025-08-20  06:21:00	15.55	15.55	15.55	15.55	13	4
2025-08-20  06:11:00	15.50	15.55	15.47	15.55	40	9
2025-08-20  05:36:00	15.50	15.55	15.50	15.55	2	2
2025-08-20  05:31:00	15.50	15.51	15.50	15.50	6	3
2025-08-20  05:21:00	15.50	15.50	15.50	15.50	2	2		Number of Rows (read-only):	1000
2025-08-20  05:16:00	15.50	15.50	15.50	15.50	3	1
2025-08-20  04:56:00	15.57	15.57	15.40	15.40	60	23
2025-08-20  04:51:00	15.60	15.60	15.50	15.50	75	11
2025-08-20  04:41:00	15.64	15.64	15.60	15.60	16	4
2025-08-20  04:36:00	15.65	15.65	15.60	15.64	42	11
2025-08-20  04:31:00	15.70	15.75	15.65	15.65	3	3		Seconds Per Bar - Intraday (read-only):	300
2025-08-20  04:16:00	15.65	15.65	15.65	15.65	16	6		Number of Trades Per Bar - Intraday (read-only):	0
2025-08-20  04:06:00	15.65	15.65	15.55	15.55	3	3		Volume Per Bar - Intraday (read-only):	0
2025-08-20  04:01:00	15.60	15.60	15.60	15.60	2	2		Range in Ticks - Intraday (read-only):	0
2025-08-20  03:51:00	15.45	15.55	15.45	15.55	16	7		Symbol (read-only):	VXQ25_FUT_CFE
2025-08-20  03:46:00	15.50	15.50	15.45	15.45	18	10		Last Bar End DateTime (read-only):	2025-08-20  08:59:20
2025-08-20  03:41:00	15.55	15.55	15.50	15.50	19	8
2025-08-20  03:36:00	15.55	15.55	15.55	15.55	3	3
2025-08-20  03:26:00	15.50	15.50	15.50	15.50	2	2
2025-08-20  03:21:00	15.50	15.50	15.50	15.50	4	4
2025-08-20  03:11:00	15.45	15.50	15.40	15.50	60	15
2025-08-20  03:06:00	15.55	15.55	15.50	15.50	10	10
2025-08-20  03:01:00	15.50	15.55	15.50	15.53	43	33
2025-08-20  02:56:00	15.60	15.60	15.45	15.50	25	14
2025-08-20  02:51:00	15.55	15.55	15.55	15.55	13	7
2025-08-20  02:46:00	15.50	15.50	15.45	15.45	13	4
2025-08-20  02:21:00	15.55	15.70	15.55	15.65	55	28
2025-08-20  02:16:00	15.45	15.45	15.45	15.45	5	1
2025-08-20  02:11:00	15.45	15.45	15.40	15.40	20	4
2025-08-20  02:06:00	15.50	15.50	15.45	15.45	41	11
2025-08-20  02:01:00	15.55	15.55	15.50	15.50	7	3		Currency Value Per Tick (read-only):	50
2025-08-20  01:51:00	15.60	15.60	15.60	15.60	2	2		Connected to Data Feed (read-only):	1
2025-08-20  01:46:00	15.60	15.60	15.60	15.60	2	1
2025-08-20  01:36:00	15.55	15.60	15.55	15.60	5	4
2025-08-20  01:11:00	15.57	15.57	15.57	15.57	1	1
2025-08-20  01:06:00	15.60	15.60	15.60	15.60	1	1
2025-08-20  00:21:00	15.60	15.60	15.60	15.60	1	1
2025-08-19  23:51:00	15.65	15.65	15.65	15.65	15	5
2025-08-19  23:11:00	15.54	15.54	15.54	15.54	2	1
2025-08-19  23:06:00	15.60	15.60	15.60	15.60	5	4
2025-08-19  22:36:00	15.50	15.50	15.50	15.50	10	2
2025-08-19  22:31:00	15.50	15.50	15.50	15.50	1	1
2025-08-19  22:26:00	15.55	15.65	15.55	15.65	2	2
2025-08-19  22:11:00	15.56	15.56	15.56	15.56	1	1
2025-08-19  22:06:00	15.55	15.55	15.55	15.55	1	1
2025-08-19  22:01:00	15.55	15.55	15.55	15.55	1	1
2025-08-19  21:46:00	15.55	15.55	15.55	15.55	1	1
2025-08-19  21:41:00	15.55	15.55	15.55	15.55	2	1
2025-08-19  21:26:00	15.50	15.50	15.50	15.50	1	1
2025-08-19  21:11:00	15.43	15.55	15.43	15.55	26	9		Chart Start Time (read-only):	09:30:00
2025-08-19  21:01:00	15.40	15.40	15.40	15.40	8	4		Chart End Time (read-only):	16:00:00
2025-08-19  20:46:00	15.55	15.55	15.47	15.47	8	4		Number of Bars (read-only):	5082
2025-08-19  20:41:00	15.55	15.55	15.55	15.55	1	1
2025-08-19  20:21:00	15.60	15.60	15.55	15.57	13	9
2025-08-19  20:11:00	15.55	15.55	15.55	15.55	2	2
2025-08-19  20:06:00	15.54	15.54	15.54	15.54	2	1
2025-08-19  20:01:00	15.50	15.50	15.50	15.50	1	1
2025-08-19  19:56:00	15.40	15.50	15.40	15.50	6	5
2025-08-19  19:51:00	15.45	15.45	15.45	15.45	10	3
2025-08-19  19:26:00	15.35	15.35	15.35	15.35	1	1
2025-08-19  19:21:00	15.45	15.45	15.40	15.40	7	7
2025-08-19  19:16:00	15.45	15.45	15.45	15.45	9	5
2025-08-19  19:06:00	15.40	15.40	15.40	15.40	2	2
2025-08-19  19:01:00	15.40	15.40	15.40	15.40	1	1
2025-08-19  18:51:00	15.40	15.40	15.40	15.40	1	1
2025-08-19  18:46:00	15.44	15.44	15.44	15.44	1	1		Chart Number (read-only):	5
2025-08-19  18:26:00	15.40	15.40	15.40	15.40	1	1		Trade Account (read-only):	NewTestAccount1234
2025-08-19  18:21:00	15.45	15.45	15.45	15.45	1	1		Last Working Entry Order Date-Time (read-only):
2025-08-19  18:06:00	15.40	15.40	15.40	15.40	43	2		Last Working Entry Order Price (read-only):
2025-08-19  16:56:00	15.41	15.50	15.40	15.50	106	53		Last Working Exit Order Date-Time (read-only):
2025-08-19  16:51:00	15.50	15.50	15.41	15.42	169	36		Last Working Exit Order Price (read-only):
2025-08-19  16:46:00	15.47	15.48	15.45	15.45	34	16		Bar Period Type (read-only):	0
2025-08-19  16:41:00	15.50	15.50	15.45	15.50	102	26		Bar Parameter 1 (read-only):	300
2025-08-19  16:36:00	15.46	15.47	15.45	15.45	38	9		Bar Parameter 2 (read-only):	0
2025-08-19  16:31:00	15.48	15.48	15.45	15.48	13	9		Bar Parameter 3 (read-only):	0
2025-08-19  16:26:00	15.47	15.47	15.47	15.47	5	3		Bar Parameter 4 (read-only):	0
2025-08-19  16:16:00	15.50	15.50	15.50	15.50	29	10		Order Text Tag (write-only):
2025-08-19  16:11:00	15.46	15.50	15.45	15.49	638	128		All Symbols Daily Net Profit/Loss (read-only):
2025-08-19  16:06:00	15.50	15.50	15.45	15.46	387	92		All Symbols Cumulative Net Profit/Loss (read-only):
2025-08-19  16:01:00	15.51	15.55	15.50	15.50	290	116		All Symbols Cumulative Profit/Loss (read-only):
2025-08-19  16:00:00	15.55	15.60	15.52	15.55	243	59		Use Order Fill Calculated Position (read-only):	0
2025-08-19  15:55:00	15.63	15.65	15.55	15.56	3915	969
2025-08-19  15:50:00	15.60	15.65	15.55	15.60	1110	385
2025-08-19  15:45:00	15.60	15.65	15.55	15.55	763	337
2025-08-19  15:40:00	15.65	15.65	15.55	15.58	589	197
2025-08-19  15:35:00	15.56	15.65	15.55	15.62	231	110
2025-08-19  15:30:00	15.63	15.66	15.55	15.55	701	223
2025-08-19  15:25:00	15.60	15.70	15.60	15.64	783	306
2025-08-19  15:20:00	15.68	15.73	15.60	15.63	739	222
2025-08-19  15:15:00	15.69	15.75	15.65	15.65	529	178
2025-08-19  15:10:00	15.70	15.70	15.60	15.65	346	145
2025-08-19  15:05:00	15.67	15.70	15.60	15.65	384	161
2025-08-19  15:00:00	15.60	15.70	15.60	15.65	350	202
2025-08-19  14:55:00	15.61	15.65	15.58	15.61	378	140
2025-08-19  14:50:00	15.60	15.65	15.60	15.60	430	134
2025-08-19  14:45:00	15.61	15.65	15.58	15.63	379	140
2025-08-19  14:40:00	15.65	15.70	15.58	15.61	320	104
2025-08-19  14:35:00	15.60	15.70	15.59	15.66	401	124
2025-08-19  14:30:00	15.60	15.65	15.55	15.61	198	97
2025-08-19  14:25:00	15.60	15.62	15.55	15.60	114	63
2025-08-19  14:20:00	15.56	15.65	15.56	15.60	443	165
2025-08-19  14:15:00	15.54	15.60	15.51	15.56	114	62
2025-08-19  14:10:00	15.43	15.56	15.40	15.55	395	125
2025-08-19  14:05:00	15.50	15.50	15.43	15.43	285	145
2025-08-19  14:00:00	15.40	15.55	15.35	15.45	1033	334
2025-08-19  13:55:00	15.43	15.45	15.35	15.40	173	63
2025-08-19  13:50:00	15.45	15.45	15.40	15.40	204	85
2025-08-19  13:45:00	15.45	15.50	15.40	15.42	484	182
2025-08-19  13:40:00	15.43	15.45	15.40	15.42	193	67
2025-08-19  13:35:00	15.45	15.50	15.35	15.43	543	167
2025-08-19  13:30:00	15.51	15.51	15.45	15.48	256	78
2025-08-19  13:25:00	15.55	15.56	15.45	15.51	234	96
2025-08-19  13:20:00	15.64	15.64	15.48	15.56	1826	429
2025-08-19  13:15:00	15.59	15.70	15.55	15.60	372	174
2025-08-19  13:10:00	15.73	15.75	15.55	15.58	737	273
2025-08-19  13:05:00	15.70	15.80	15.65	15.73	1309	480
2025-08-19  13:00:00	15.60	15.72	15.57	15.70	701	285
2025-08-19  12:55:00	15.60	15.66	15.56	15.58	1457	393
2025-08-19  12:50:00	15.68	15.70	15.55	15.65	822	310
2025-08-19  12:45:00	15.65	15.75	15.60	15.65	924	305
2025-08-19  12:40:00	15.53	15.68	15.53	15.65	1003	400
2025-08-19  12:35:00	15.46	15.54	15.40	15.54	405	137
2025-08-19  12:30:00	15.50	15.53	15.45	15.50	344	149
2025-08-19  12:25:00	15.40	15.55	15.38	15.50	440	149
2025-08-19  12:20:00	15.44	15.45	15.35	15.45	320	156
2025-08-19  12:15:00	15.58	15.58	15.40	15.45	566	255
2025-08-19  12:10:00	15.45	15.58	15.45	15.57	455	228
2025-08-19  12:05:00	15.39	15.50	15.35	15.47	305	165
2025-08-19  12:00:00	15.39	15.40	15.33	15.40	253	161
2025-08-19  11:55:00	15.44	15.45	15.34	15.40	828	348
2025-08-19  11:50:00	15.34	15.45	15.34	15.44	484	200
2025-08-19  11:45:00	15.28	15.35	15.25	15.34	374	164
2025-08-19  11:40:00	15.25	15.33	15.24	15.27	528	169
2025-08-19  11:35:00	15.19	15.25	15.15	15.24	167	93
2025-08-19  11:30:00	15.23	15.25	15.16	15.16	473	198
2025-08-19  11:25:00	15.35	15.37	15.23	15.23	400	205
2025-08-19  11:20:00	15.28	15.40	15.25	15.37	362	161
2025-08-19  11:15:00	15.27	15.34	15.24	15.27	557	203
2025-08-19  11:10:00	15.31	15.40	15.25	15.28	623	215
2025-08-19  11:05:00	15.36	15.40	15.30	15.31	1028	380
2025-08-19  11:00:00	15.29	15.45	15.29	15.36	1948	436
2025-08-19  10:55:00	15.20	15.30	15.10	15.30	704	262
2025-08-19  10:50:00	15.18	15.25	15.15	15.17	865	253
2025-08-19  10:45:00	15.15	15.25	15.14	15.20	2084	586
2025-08-19  10:40:00	15.05	15.20	15.05	15.15	2216	470
2025-08-19  10:35:00	15.00	15.10	15.00	15.08	212	111
2025-08-19  10:30:00	15.07	15.10	15.00	15.01	1291	405
2025-08-19  10:25:00	15.00	15.10	15.00	15.05	704	200
2025-08-19  10:20:00	15.02	15.05	15.00	15.02	110	84
2025-08-19  10:15:00	15.05	15.05	15.00	15.05	291	139
2025-08-19  10:10:00	15.05	15.10	15.00	15.05	580	168
2025-08-19  10:05:00	15.00	15.10	15.00	15.00	565	207
2025-08-19  10:00:00	15.10	15.15	15.00	15.00	451	201
2025-08-19  09:55:00	15.15	15.15	15.05	15.15	262	139
2025-08-19  09:50:00	15.15	15.20	15.10	15.12	573	156
2025-08-19  09:45:00	15.12	15.20	15.10	15.10	999	229
2025-08-19  09:40:00	15.13	15.15	15.00	15.11	1040	258
2025-08-19  09:35:00	15.17	15.20	15.10	15.15	650	210
2025-08-19  09:30:00	15.10	15.30	15.05	15.20	1264	510
2025-08-19  09:26:00	15.05	15.10	15.05	15.05	9	6
2025-08-19  09:21:00	15.05	15.10	15.05	15.05	14	10
2025-08-19  09:16:00	15.10	15.10	15.05	15.06	36	10
2025-08-19  09:11:00	15.10	15.10	15.05	15.06	118	22
2025-08-19  09:06:00	15.05	15.07	15.05	15.05	8	7
2025-08-19  09:01:00	15.07	15.07	15.06	15.06	9	6
2025-08-19  08:56:00	15.10	15.10	15.05	15.07	59	30
2025-08-19  08:51:00	15.07	15.13	15.07	15.10	239	51
2025-08-19  08:46:00	15.04	15.10	15.04	15.06	95	45
2025-08-19  08:41:00	15.03	15.05	15.00	15.04	32	30
2025-08-19  08:36:00	15.05	15.05	15.02	15.03	72	32
2025-08-19  08:31:00	15.02	15.10	15.00	15.05	125	70
2025-08-19  08:26:00	15.05	15.08	15.00	15.02	241	91
2025-08-19  08:21:00	15.10	15.10	15.05	15.08	155	51
2025-08-19  08:16:00	15.09	15.10	15.08	15.10	40	29
2025-08-19  08:11:00	15.12	15.12	15.09	15.09	29	20
2025-08-19  08:06:00	15.09	15.13	15.09	15.12	267	59
2025-08-19  08:01:00	15.09	15.10	15.05	15.09	93	44
2025-08-19  07:56:00	15.08	15.09	15.00	15.05	941	112
2025-08-19  07:51:00	15.09	15.09	15.05	15.05	601	217
2025-08-19  07:46:00	15.10	15.11	15.06	15.08	251	48
2025-08-19  07:41:00	15.13	15.14	15.06	15.06	258	58
2025-08-19  07:36:00	15.11	15.14	15.10	15.13	62	32
2025-08-19  07:31:00	15.15	15.15	15.08	15.10	641	98
2025-08-19  07:26:00	15.15	15.15	15.15	15.15	14	10
2025-08-19  07:21:00	15.18	15.18	15.13	15.15	264	57
2025-08-19  07:16:00	15.18	15.18	15.15	15.16	31	22
2025-08-19  07:11:00	15.18	15.18	15.15	15.15	11	11
2025-08-19  07:01:00	15.15	15.15	15.15	15.15	4	3
2025-08-19  06:56:00	15.16	15.16	15.16	15.16	27	14
2025-08-19  06:51:00	15.20	15.21	15.15	15.15	61	29
2025-08-19  06:46:00	15.15	15.20	15.15	15.20	4	3
2025-08-19  06:41:00	15.16	15.16	15.16	15.16	182	72
2025-08-19  06:31:00	15.18	15.20	15.15	15.20	31	20
2025-08-19  06:26:00	15.18	15.18	15.16	15.16	23	9
2025-08-19  06:16:00	15.16	15.16	15.16	15.16	5	2
2025-08-19  06:11:00	15.15	15.16	15.10	15.16	78	22
2025-08-19  06:06:00	15.15	15.15	15.15	15.15	40	17
2025-08-19  06:01:00	15.20	15.21	15.15	15.15	78	28
2025-08-19  05:56:00	15.17	15.22	15.17	15.20	126	57
2025-08-19  05:51:00	15.15	15.17	15.15	15.17	39	10
2025-08-19  05:41:00	15.15	15.18	15.15	15.18	8	6
2025-08-19  05:36:00	15.16	15.17	15.15	15.16	342	45
2025-08-19  05:26:00	15.15	15.15	15.15	15.15	9	2
2025-08-19  05:21:00	15.17	15.17	15.17	15.17	2	2
2025-08-19  05:11:00	15.20	15.20	15.20	15.20	1	1
2025-08-19  05:01:00	15.20	15.20	15.17	15.17	190	36
2025-08-19  04:56:00	15.23	15.23	15.22	15.22	2	2
2025-08-19  04:51:00	15.22	15.25	15.20	15.20	19	12
2025-08-19  04:46:00	15.22	15.22	15.22	15.22	11	4
2025-08-19  04:41:00	15.23	15.25	15.23	15.25	14	7
2025-08-19  04:36:00	15.22	15.25	15.22	15.23	33	16
2025-08-19  04:31:00	15.22	15.25	15.22	15.25	19	10
2025-08-19  04:26:00	15.23	15.23	15.23	15.23	10	6
2025-08-19  04:21:00	15.25	15.25	15.20	15.23	47	24
2025-08-19  04:16:00	15.23	15.23	15.23	15.23	13	6
2025-08-19  04:11:00	15.20	15.20	15.20	15.20	29	16
2025-08-19  04:06:00	15.20	15.20	15.20	15.20	24	14
2025-08-19  04:01:00	15.18	15.18	15.17	15.18	32	17
2025-08-19  03:56:00	15.20	15.20	15.15	15.17	97	55
2025-08-19  03:51:00	15.20	15.20	15.20	15.20	4	3
2025-08-19  03:46:00	15.23	15.23	15.20	15.20	84	37
2025-08-19  03:41:00	15.22	15.25	15.20	15.21	14	10
2025-08-19  03:36:00	15.26	15.28	15.25	15.25	25	16
2025-08-19  03:31:00	15.30	15.30	15.27	15.27	13	10
2025-08-19  03:26:00	15.25	15.33	15.25	15.33	55	15
2025-08-19  03:11:00	15.25	15.27	15.25	15.27	20	13
2025-08-19  03:01:00	15.23	15.25	15.20	15.25	49	24
2025-08-19  02:56:00	15.25	15.25	15.22	15.23	68	13
2025-08-19  02:36:00	15.25	15.25	15.25	15.25	1	1
2025-08-19  02:31:00	15.25	15.25	15.25	15.25	1	1
2025-08-19  02:26:00	15.25	15.25	15.25	15.25	39	11
2025-08-19  02:21:00	15.25	15.25	15.25	15.25	18	8
2025-08-19  02:16:00	15.25	15.25	15.20	15.25	43	22
2025-08-19  02:11:00	15.30	15.30	15.28	15.28	3	3
2025-08-19  02:01:00	15.35	15.35	15.25	15.30	35	16
2025-08-19  01:46:00	15.35	15.35	15.35	15.35	8	1
2025-08-19  01:31:00	15.33	15.33	15.33	15.33	1	1
2025-08-19  01:21:00	15.35	15.36	15.33	15.35	36	16
2025-08-19  01:16:00	15.30	15.30	15.30	15.30	5	1
2025-08-19  01:11:00	15.30	15.30	15.30	15.30	3	2
2025-08-19  01:06:00	15.30	15.30	15.30	15.30	3	2
2025-08-19  01:01:00	15.27	15.27	15.27	15.27	2	2
2025-08-19  00:51:00	15.26	15.27	15.26	15.27	3	2
2025-08-19  00:31:00	15.25	15.25	15.25	15.25	1	1
2025-08-19  00:26:00	15.30	15.30	15.30	15.30	4	4
2025-08-19  00:21:00	15.30	15.30	15.30	15.30	1	1
2025-08-19  00:11:00	15.25	15.25	15.25	15.25	1	1
2025-08-19  00:01:00	15.27	15.27	15.27	15.27	1	1
2025-08-18  23:56:00	15.25	15.26	15.23	15.26	11	8
2025-08-18  23:36:00	15.21	15.25	15.21	15.25	37	13
2025-08-18  23:31:00	15.20	15.20	15.19	15.20	22	10
2025-08-18  23:26:00	15.18	15.18	15.18	15.18	1	1
2025-08-18  23:21:00	15.20	15.20	15.20	15.20	21	8
2025-08-18  23:16:00	15.23	15.23	15.23	15.23	3	3
2025-08-18  23:11:00	15.20	15.23	15.20	15.23	62	12
2025-08-18  23:06:00	15.24	15.24	15.23	15.23	3	3
2025-08-18  23:01:00	15.20	15.24	15.20	15.24	4	3
2025-08-18  22:56:00	15.24	15.24	15.24	15.24	4	4
2025-08-18  22:51:00	15.20	15.20	15.20	15.20	3	3
2025-08-18  22:46:00	15.20	15.20	15.20	15.20	1	1
2025-08-18  22:41:00	15.20	15.20	15.20	15.20	87	29
2025-08-18  22:36:00	15.20	15.20	15.18	15.20	6	4
2025-08-18  22:26:00	15.25	15.25	15.20	15.20	3	3
2025-08-18  22:21:00	15.20	15.20	15.20	15.20	1	1
2025-08-18  22:16:00	15.20	15.20	15.20	15.20	5	1
2025-08-18  22:11:00	15.15	15.15	15.15	15.15	1	1
2025-08-18  21:46:00	15.20	15.20	15.20	15.20	3	3
2025-08-18  21:31:00	15.20	15.20	15.20	15.20	1	1
2025-08-18  21:26:00	15.20	15.20	15.15	15.20	17	10
2025-08-18  21:16:00	15.21	15.21	15.20	15.20	3	3
2025-08-18  21:11:00	15.25	15.25	15.25	15.25	8	5
2025-08-18  21:06:00	15.25	15.25	15.25	15.25	1	1
2025-08-18  21:01:00	15.21	15.25	15.21	15.25	2	2
2025-08-18  20:56:00	15.20	15.22	15.20	15.22	13	8
2025-08-18  20:51:00	15.26	15.27	15.26	15.27	4	4
2025-08-18  20:46:00	15.25	15.25	15.22	15.25	9	9
2025-08-18  20:41:00	15.27	15.28	15.27	15.28	6	5
2025-08-18  20:36:00	15.28	15.28	15.28	15.28	1	1
2025-08-18  20:31:00	15.25	15.28	15.25	15.25	89	23
2025-08-18  20:26:00	15.25	15.28	15.25	15.28	20	11
2025-08-18  20:11:00	15.23	15.24	15.23	15.24	6	5
2025-08-18  20:06:00	15.25	15.25	15.25	15.25	32	17
2025-08-18  20:01:00	15.21	15.27	15.21	15.25	49	34
2025-08-18  19:56:00	15.20	15.20	15.18	15.20	20	15
2025-08-18  19:46:00	15.18	15.18	15.18	15.18	1	1
2025-08-18  19:26:00	15.18	15.20	15.18	15.20	13	8
2025-08-18  19:11:00	15.17	15.17	15.17	15.17	2	2
2025-08-18  19:06:00	15.15	15.15	15.15	15.15	4	4
2025-08-18  19:01:00	15.14	15.15	15.14	15.14	21	17
2025-08-18  18:51:00	15.15	15.15	15.14	15.14	2	2
2025-08-18  18:41:00	15.15	15.15	15.14	15.14	3	3
2025-08-18  18:36:00	15.15	15.15	15.14	15.14	17	4
2025-08-18  18:31:00	15.15	15.15	15.15	15.15	49	11
2025-08-18  18:21:00	15.10	15.13	15.10	15.11	4	4
2025-08-18  18:16:00	15.10	15.13	15.09	15.13	14	13
2025-08-18  18:11:00	15.10	15.10	15.05	15.05	6	5
2025-08-18  18:06:00	15.15	15.15	15.06	15.10	155	46
2025-08-18  18:01:00	15.30	15.30	15.10	15.15	298	59
2025-08-18  17:56:00	15.35	15.35	15.34	15.34	2	2
2025-08-18  16:56:00	15.30	15.35	15.30	15.33	415	49
2025-08-18  16:51:00	15.33	15.33	15.33	15.33	4	4
2025-08-18  16:46:00	15.35	15.35	15.35	15.35	82	10
2025-08-18  16:41:00	15.37	15.37	15.35	15.35	69	12
2025-08-18  16:36:00	15.32	15.36	15.31	15.35	285	37
2025-08-18  16:31:00	15.35	15.38	15.35	15.35	152	21
2025-08-18  16:26:00	15.35	15.40	15.35	15.35	76	8
2025-08-18  16:21:00	15.36	15.40	15.35	15.40	115	5
2025-08-18  16:16:00	15.31	15.38	15.30	15.35	371	44
2025-08-18  16:11:00	15.35	15.35	15.30	15.31	543	77
2025-08-18  16:06:00	15.35	15.40	15.35	15.40	242	54
2025-08-18  16:01:00	15.35	15.38	15.35	15.38	173	61
2025-08-18  16:00:00	15.30	15.36	15.30	15.35	1080	83
2025-08-18  15:55:00	15.30	15.40	15.30	15.30	5774	962
2025-08-18  15:50:00	15.37	15.40	15.30	15.30	1985	523
2025-08-18  15:45:00	15.38	15.40	15.30	15.38	3162	271
2025-08-18  15:40:00	15.35	15.40	15.35	15.36	397	208
2025-08-18  15:35:00	15.40	15.45	15.35	15.36	532	142
2025-08-18  15:30:00	15.41	15.45	15.40	15.45	921	172
2025-08-18  15:25:00	15.45	15.45	15.40	15.42	133	74
2025-08-18  15:20:00	15.45	15.45	15.40	15.42	93	54
2025-08-18  15:15:00	15.45	15.45	15.40	15.40	43	29
2025-08-18  15:10:00	15.43	15.45	15.40	15.40	118	51
2025-08-18  15:05:00	15.40	15.45	15.37	15.43	511	133
2025-08-18  15:00:00	15.35	15.40	15.35	15.40	1389	298
2025-08-18  14:55:00	15.36	15.40	15.35	15.40	223	83
2025-08-18  14:50:00	15.40	15.40	15.35	15.36	608	160
2025-08-18  14:45:00	15.45	15.45	15.40	15.40	161	72
2025-08-18  14:40:00	15.45	15.50	15.42	15.42	294	59
2025-08-18  14:35:00	15.47	15.50	15.45	15.50	192	59
2025-08-18  14:30:00	15.45	15.50	15.45	15.48	169	44
2025-08-18  14:25:00	15.48	15.50	15.45	15.45	142	72
2025-08-18  14:20:00	15.45	15.51	15.45	15.45	134	72
2025-08-18  14:15:00	15.48	15.55	15.45	15.45	346	159
2025-08-18  14:10:00	15.46	15.50	15.43	15.48	392	107
2025-08-18  14:05:00	15.45	15.50	15.45	15.46	53	45
2025-08-18  14:00:00	15.49	15.55	15.45	15.45	153	89
2025-08-18  13:55:00	15.50	15.51	15.45	15.45	159	58
2025-08-18  13:50:00	15.50	15.55	15.49	15.50	95	54
2025-08-18  13:45:00	15.48	15.55	15.45	15.50	162	74
2025-08-18  13:40:00	15.45	15.50	15.45	15.45	42	33
2025-08-18  13:35:00	15.42	15.50	15.40	15.48	158	73
2025-08-18  13:30:00	15.43	15.45	15.40	15.45	204	78
2025-08-18  13:25:00	15.48	15.48	15.42	15.42	111	50
2025-08-18  13:20:00	15.40	15.50	15.40	15.48	121	58
2025-08-18  13:15:00	15.41	15.45	15.40	15.40	61	39
2025-08-18  13:10:00	15.50	15.50	15.40	15.40	85	41
2025-08-18  13:05:00	15.45	15.50	15.42	15.50	336	116
2025-08-18  13:00:00	15.60	15.60	15.45	15.45	734	182
2025-08-18  12:55:00	15.60	15.63	15.55	15.58	237	69
2025-08-18  12:50:00	15.57	15.60	15.57	15.60	270	79
2025-08-18  12:45:00	15.56	15.65	15.55	15.58	584	140
2025-08-18  12:40:00	15.60	15.60	15.50	15.55	293	58
2025-08-18  12:35:00	15.48	15.60	15.48	15.55	282	69
2025-08-18  12:30:00	15.47	15.50	15.45	15.50	312	110
2025-08-18  12:25:00	15.40	15.47	15.40	15.47	134	57
2025-08-18  12:20:00	15.42	15.45	15.40	15.40	120	60
2025-08-18  12:15:00	15.45	15.50	15.42	15.44	166	49
2025-08-18  12:10:00	15.45	15.46	15.42	15.45	156	61
2025-08-18  12:05:00	15.45	15.50	15.42	15.45	315	86
2025-08-18  12:00:00	15.50	15.51	15.45	15.45	82	58
2025-08-18  11:55:00	15.45	15.55	15.45	15.50	479	183
2025-08-18  11:50:00	15.50	15.50	15.45	15.45	95	66
2025-08-18  11:45:00	15.50	15.50	15.45	15.50	452	200
2025-08-18  11:40:00	15.44	15.50	15.44	15.45	217	85
2025-08-18  11:35:00	15.45	15.50	15.40	15.40	538	196
2025-08-18  11:30:00	15.45	15.45	15.40	15.40	127	51
2025-08-18  11:25:00	15.38	15.45	15.35	15.45	776	197
2025-08-18  11:20:00	15.50	15.50	15.35	15.35	1461	468
2025-08-18  11:15:00	15.53	15.58	15.50	15.50	1098	322
2025-08-18  11:10:00	15.52	15.55	15.50	15.53	332	136
2025-08-18  11:05:00	15.50	15.58	15.50	15.55	673	198
2025-08-18  11:00:00	15.54	15.55	15.45	15.55	1229	417
2025-08-18  10:55:00	15.53	15.60	15.50	15.54	733	302
2025-08-18  10:50:00	15.58	15.60	15.50	15.53	705	250
2025-08-18  10:45:00	15.58	15.70	15.55	15.58	1766	451
2025-08-18  10:40:00	15.55	15.60	15.50	15.55	514	212
2025-08-18  10:35:00	15.55	15.57	15.50	15.55	855	365
2025-08-18  10:30:00	15.60	15.65	15.50	15.55	1703	497
2025-08-18  10:25:00	15.54	15.62	15.50	15.55	1264	383
2025-08-18  10:20:00	15.58	15.60	15.50	15.50	975	352
2025-08-18  10:15:00	15.63	15.65	15.55	15.55	1168	361
2025-08-18  10:10:00	15.60	15.65	15.60	15.63	636	231
2025-08-18  10:05:00	15.60	15.66	15.60	15.65	723	278
2025-08-18  10:00:00	15.70	15.73	15.60	15.64	654	319
2025-08-18  09:55:00	15.65	15.75	15.65	15.70	487	152
2025-08-18  09:50:00	15.69	15.73	15.65	15.69	1299	330
2025-08-18  09:45:00	15.68	15.70	15.60	15.69	452	179
2025-08-18  09:40:00	15.63	15.70	15.60	15.68	765	154
2025-08-18  09:35:00	15.58	15.70	15.58	15.64	798	253
2025-08-18  09:30:00	15.65	15.70	15.58	15.60	1477	325
2025-08-18  09:26:00	15.65	15.65	15.60	15.63	152	41
2025-08-18  09:21:00	15.65	15.65	15.60	15.60	56	25
2025-08-18  09:16:00	15.63	15.63	15.61	15.62	704	127
2025-08-18  09:11:00	15.65	15.68	15.63	15.63	609	106
2025-08-18  09:06:00	15.60	15.65	15.60	15.63	209	32
2025-08-18  09:01:00	15.65	15.65	15.58	15.60	191	21
2025-08-18  08:56:00	15.55	15.61	15.55	15.60	538	99
2025-08-18  08:51:00	15.55	15.60	15.55	15.55	180	65
2025-08-18  08:46:00	15.60	15.60	15.55	15.60	76	43
2025-08-18  08:41:00	15.60	15.65	15.55	15.58	270	75
2025-08-18  08:36:00	15.61	15.65	15.60	15.60	84	30
2025-08-18  08:31:00	15.65	15.66	15.60	15.61	278	54
2025-08-18  08:26:00	15.65	15.65	15.60	15.63	109	28
2025-08-18  08:21:00	15.60	15.64	15.60	15.60	102	28
2025-08-18  08:16:00	15.64	15.65	15.64	15.65	71	21
2025-08-18  08:11:00	15.65	15.70	15.64	15.65	89	29
2025-08-18  08:06:00	15.70	15.70	15.63	15.65	78	28
2025-08-18  08:01:00	15.65	15.70	15.62	15.69	295	58
2025-08-18  07:56:00	15.65	15.68	15.63	15.65	144	50
2025-08-18  07:51:00	15.70	15.70	15.65	15.65	14	4
2025-08-18  07:46:00	15.65	15.70	15.65	15.65	22	8
2025-08-18  07:41:00	15.65	15.70	15.65	15.70	98	24
2025-08-18  07:36:00	15.65	15.68	15.65	15.65	24	6
2025-08-18  07:31:00	15.65	15.65	15.65	15.65	8	2
2025-08-18  07:26:00	15.65	15.65	15.65	15.65	16	4
2025-08-18  07:21:00	15.70	15.70	15.65	15.65	17	8
2025-08-18  07:16:00	15.65	15.70	15.65	15.68	196	57
2025-08-18  07:11:00	15.68	15.70	15.67	15.68	65	27
2025-08-18  07:06:00	15.68	15.69	15.68	15.68	205	85
2025-08-18  07:01:00	15.70	15.71	15.68	15.70	90	42
2025-08-18  06:56:00	15.68	15.70	15.68	15.70	147	17
2025-08-18  06:51:00	15.65	15.69	15.60	15.67	257	85
2025-08-18  06:46:00	15.65	15.65	15.62	15.63	75	26
2025-08-18  06:41:00	15.68	15.68	15.65	15.65	61	23
2025-08-18  06:36:00	15.68	15.70	15.68	15.68	192	77
2025-08-18  06:31:00	15.70	15.70	15.70	15.70	33	10
2025-08-18  06:16:00	15.73	15.75	15.73	15.73	41	22
2025-08-18  06:11:00	15.70	15.75	15.70	15.75	17	12
2025-08-18  06:06:00	15.68	15.70	15.68	15.70	86	38
2025-08-18  06:01:00	15.71	15.75	15.70	15.70	119	21
2025-08-18  05:56:00	15.75	15.75	15.75	15.75	3	2
2025-08-18  05:51:00	15.73	15.75	15.73	15.75	8	2
2025-08-18  05:46:00	15.73	15.75	15.73	15.75	120	55
2025-08-18  05:36:00	15.70	15.75	15.70	15.70	234	55
2025-08-18  05:31:00	15.75	15.75	15.68	15.68	63	28
2025-08-18  05:26:00	15.73	15.76	15.73	15.73	35	22
2025-08-18  05:21:00	15.73	15.76	15.73	15.75	101	55
2025-08-18  05:16:00	15.75	15.77	15.71	15.71	134	43
2025-08-18  05:06:00	15.75	15.75	15.72	15.72	40	10
2025-08-18  04:56:00	15.70	15.75	15.70	15.75	162	41
2025-08-18  04:51:00	15.70	15.75	15.70	15.73	54	27
2025-08-18  04:46:00	15.75	15.75	15.75	15.75	1	1
2025-08-18  04:41:00	15.73	15.73	15.73	15.73	1	1
2025-08-18  04:36:00	15.73	15.75	15.70	15.72	20	14
2025-08-18  04:31:00	15.76	15.76	15.72	15.73	59	21
2025-08-18  04:26:00	15.81	15.81	15.79	15.79	64	27
2025-08-18  04:21:00	15.80	15.80	15.80	15.80	14	11
2025-08-18  04:16:00	15.80	15.81	15.76	15.80	78	29
2025-08-18  04:11:00	15.74	15.79	15.74	15.76	35	28
2025-08-18  04:06:00	15.75	15.75	15.74	15.75	52	20
2025-08-18  04:01:00	15.75	15.76	15.70	15.73	85	52
2025-08-18  03:56:00	15.78	15.78	15.65	15.71	1021	234
2025-08-18  03:51:00	15.80	15.83	15.75	15.79	68	36
2025-08-18  03:46:00	15.84	15.89	15.80	15.80	128	41
2025-08-18  03:41:00	15.86	15.90	15.84	15.84	102	65
2025-08-18  03:36:00	15.95	15.95	15.86	15.86	227	81
2025-08-18  03:31:00	15.91	15.98	15.91	15.94	143	78
2025-08-18  03:26:00	15.83	15.91	15.80	15.91	97	52
2025-08-18  03:21:00	15.83	15.83	15.80	15.83	62	46
2025-08-18  03:16:00	15.83	15.83	15.79	15.83	135	83
2025-08-18  03:11:00	15.82	15.83	15.80	15.83	69	53
2025-08-18  03:06:00	15.73	15.90	15.73	15.82	403	140
2025-08-18  03:01:00	15.71	15.75	15.70	15.73	117	102
2025-08-18  02:56:00	15.70	15.74	15.68	15.71	82	59
2025-08-18  02:51:00	15.70	15.77	15.70	15.74	43	31
2025-08-18  02:46:00	15.75	15.76	15.73	15.74	39	27
2025-08-18  02:41:00	15.67	15.80	15.67	15.75	178	95
2025-08-18  02:36:00	15.70	15.70	15.66	15.67	40	40
2025-08-18  02:31:00	15.70	15.70	15.65	15.70	35	35
2025-08-18  02:26:00	15.69	15.70	15.66	15.66	8	6
2025-08-18  02:21:00	15.70	15.70	15.70	15.70	1	1
2025-08-18  02:16:00	15.65	15.70	15.63	15.70	62	26
2025-08-18  02:11:00	15.65	15.65	15.65	15.65	4	2
2025-08-18  02:06:00	15.60	15.65	15.60	15.65	27	5
2025-08-18  02:01:00	15.60	15.60	15.60	15.60	23	12
2025-08-18  01:56:00	15.60	15.60	15.60	15.60	1	1
2025-08-18  01:41:00	15.60	15.60	15.60	15.60	2	2
2025-08-18  01:36:00	15.55	15.55	15.55	15.55	1	1
2025-08-18  01:26:00	15.60	15.60	15.60	15.60	1	1
2025-08-18  01:21:00	15.60	15.60	15.60	15.60	3	3
2025-08-18  01:06:00	15.60	15.60	15.56	15.56	18	15
2025-08-18  00:56:00	15.62	15.65	15.62	15.65	3	3
2025-08-18  00:41:00	15.62	15.62	15.62	15.62	1	1
2025-08-18  00:16:00	15.65	15.65	15.65	15.65	1	1
2025-08-18  00:11:00	15.65	15.65	15.63	15.63	20	9
2025-08-18  00:06:00	15.63	15.63	15.63	15.63	10	10
2025-08-17  23:56:00	15.60	15.60	15.60	15.60	12	5
2025-08-17  23:46:00	15.60	15.60	15.60	15.60	1	1
2025-08-17  23:21:00	15.55	15.55	15.55	15.55	4	2
2025-08-17  23:16:00	15.58	15.58	15.58	15.58	25	1
2025-08-17  23:01:00	15.58	15.58	15.57	15.58	26	16
2025-08-17  22:56:00	15.60	15.60	15.60	15.60	2	2
2025-08-17  22:46:00	15.57	15.57	15.57	15.57	5	1
2025-08-17  22:36:00	15.57	15.57	15.57	15.57	6	4
2025-08-17  22:21:00	15.55	15.55	15.55	15.55	3	3
2025-08-17  22:16:00	15.60	15.60	15.60	15.60	1	1
2025-08-17  22:11:00	15.60	15.60	15.60	15.60	2	2
2025-08-17  22:06:00	15.57	15.57	15.55	15.55	2	2
2025-08-17  22:01:00	15.56	15.56	15.56	15.56	2	2
2025-08-17  21:51:00	15.60	15.60	15.60	15.60	1	1
2025-08-17  21:46:00	15.65	15.65	15.60	15.60	5	4
2025-08-17  21:41:00	15.60	15.60	15.60	15.60	4	4
2025-08-17  21:31:00	15.60	15.60	15.57	15.60	45	11
2025-08-17  21:21:00	15.60	15.60	15.60	15.60	2	2
2025-08-17  21:16:00	15.60	15.60	15.55	15.55	14	8
2025-08-17  21:11:00	15.65	15.65	15.65	15.65	1	1
2025-08-17  21:06:00	15.60	15.65	15.60	15.65	3	3
2025-08-17  20:56:00	15.60	15.60	15.60	15.60	6	5
2025-08-17  20:36:00	15.61	15.61	15.61	15.61	3	1
2025-08-17  20:31:00	15.60	15.60	15.60	15.60	13	7
2025-08-17  20:26:00	15.60	15.65	15.60	15.65	4	3
2025-08-17  20:16:00	15.63	15.63	15.63	15.63	8	5
2025-08-17  20:06:00	15.61	15.64	15.61	15.62	8	7
2025-08-17  20:01:00	15.65	15.65	15.62	15.62	5	5
2025-08-17  19:56:00	15.63	15.65	15.63	15.63	23	19
2025-08-17  19:51:00	15.65	15.65	15.63	15.63	20	14
2025-08-17  19:46:00	15.62	15.62	15.60	15.62	5	4
2025-08-17  19:36:00	15.65	15.65	15.62	15.62	74	18
2025-08-17  19:31:00	15.65	15.70	15.65	15.65	20	17
2025-08-17  19:21:00	15.65	15.66	15.65	15.66	7	7
2025-08-17  19:16:00	15.70	15.70	15.70	15.70	1	1
2025-08-17  19:06:00	15.65	15.65	15.65	15.65	3	2
2025-08-17  18:56:00	15.65	15.70	15.65	15.70	4	3
2025-08-17  18:46:00	15.68	15.68	15.65	15.65	20	18
2025-08-17  18:41:00	15.75	15.75	15.68	15.68	8	8
2025-08-17  18:26:00	15.69	15.69	15.65	15.69	24	10
2025-08-17  18:21:00	15.69	15.75	15.68	15.75	12	10
2025-08-17  18:16:00	15.75	15.75	15.71	15.71	28	16
2025-08-17  18:11:00	15.80	15.80	15.76	15.78	10	9
2025-08-17  18:06:00	15.80	15.80	15.78	15.80	35	5
2025-08-17  18:01:00	15.80	15.80	15.80	15.80	57	8
2025-08-17  17:56:00	15.86	15.86	15.85	15.85	68	18
2025-08-15  16:56:00	15.75	15.85	15.75	15.78	176	31
2025-08-15  16:51:00	15.75	15.81	15.75	15.81	367	61
2025-08-15  16:46:00	15.80	15.81	15.79	15.80	114	18
2025-08-15  16:41:00	15.80	15.81	15.80	15.80	184	23
2025-08-15  16:36:00	15.79	15.79	15.78	15.78	11	6
2025-08-15  16:31:00	15.80	15.80	15.75	15.78	76	20
2025-08-15  16:26:00	15.81	15.82	15.81	15.82	2	2
2025-08-15  16:21:00	15.78	15.85	15.78	15.85	324	46
2025-08-15  16:16:00	15.80	15.80	15.75	15.79	211	50
2025-08-15  16:11:00	15.80	15.83	15.75	15.75	913	149
2025-08-15  16:06:00	15.90	15.90	15.80	15.82	1497	187
2025-08-15  16:01:00	15.81	15.88	15.80	15.87	632	108
2025-08-15  16:00:00	15.78	15.78	15.77	15.78	11	7
2025-08-15  15:55:00	15.77	15.81	15.75	15.78	4356	967
2025-08-15  15:50:00	15.75	15.85	15.72	15.75	1783	428
2025-08-15  15:45:00	15.75	15.80	15.70	15.75	1093	316
2025-08-15  15:40:00	15.80	15.81	15.75	15.79	1439	283
2025-08-15  15:35:00	15.85	15.85	15.75	15.80	1013	270
2025-08-15  15:30:00	15.75	15.85	15.75	15.80	544	165
2025-08-15  15:25:00	15.80	15.85	15.75	15.75	611	222
2025-08-15  15:20:00	15.80	15.85	15.76	15.80	187	106
2025-08-15  15:15:00	15.71	15.80	15.70	15.77	568	223
2025-08-15  15:10:00	15.75	15.80	15.70	15.70	264	115
2025-08-15  15:05:00	15.75	15.81	15.71	15.75	335	172
2025-08-15  15:00:00	15.65	15.81	15.65	15.75	604	281
2025-08-15  14:55:00	15.65	15.75	15.65	15.67	644	265
2025-08-15  14:50:00	15.76	15.76	15.65	15.66	308	130
2025-08-15  14:45:00	15.75	15.80	15.70	15.75	551	176
2025-08-15  14:40:00	15.75	15.80	15.70	15.75	397	174
2025-08-15  14:35:00	15.78	15.85	15.75	15.76	452	165
2025-08-15  14:30:00	15.85	15.85	15.75	15.78	632	237
2025-08-15  14:25:00	15.88	15.95	15.81	15.81	279	132
2025-08-15  14:20:00	15.89	15.92	15.87	15.89	639	201
2025-08-15  14:15:00	15.82	15.90	15.82	15.88	108	58
2025-08-15  14:10:00	15.81	15.83	15.80	15.82	148	80
2025-08-15  14:05:00	15.84	15.90	15.81	15.81	172	93
2025-08-15  14:00:00	15.85	15.86	15.77	15.85	297	123
2025-08-15  13:55:00	15.85	15.85	15.77	15.80	355	153
2025-08-15  13:50:00	15.81	15.90	15.81	15.86	319	119
2025-08-15  13:45:00	15.84	15.90	15.81	15.81	177	102
2025-08-15  13:40:00	15.90	15.90	15.81	15.84	125	72
2025-08-15  13:35:00	15.85	15.90	15.84	15.86	206	79
2025-08-15  13:30:00	15.85	15.90	15.80	15.85	422	153
2025-08-15  13:25:00	15.87	15.89	15.81	15.86	616	290
2025-08-15  13:20:00	15.87	15.90	15.85	15.89	45	33
2025-08-15  13:15:00	15.81	15.90	15.80	15.85	104	68
2025-08-15  13:10:00	15.80	15.85	15.79	15.83	82	54
2025-08-15  13:05:00	15.75	15.85	15.75	15.80	130	76
2025-08-15  13:00:00	15.78	15.80	15.75	15.80	53	46
2025-08-15  12:55:00	15.76	15.85	15.75	15.77	430	181
2025-08-15  12:50:00	15.76	15.81	15.75	15.75	232	99
2025-08-15  12:45:00	15.77	15.85	15.75	15.76	247	118
2025-08-15  12:40:00	15.85	15.85	15.75	15.75	538	207
2025-08-15  12:35:00	15.85	15.90	15.80	15.85	268	103
2025-08-15  12:30:00	15.85	15.85	15.80	15.80	84	54
2025-08-15  12:25:00	15.79	15.85	15.75	15.83	371	118
2025-08-15  12:20:00	15.80	15.82	15.75	15.79	147	70
2025-08-15  12:15:00	15.70	15.80	15.70	15.80	432	142
2025-08-15  12:10:00	15.75	15.75	15.65	15.65	132	73
2025-08-15  12:05:00	15.75	15.78	15.75	15.75	349	115
2025-08-15  12:00:00	15.75	15.80	15.70	15.80	145	85
2025-08-15  11:55:00	15.68	15.80	15.68	15.70	269	121
2025-08-15  11:50:00	15.78	15.80	15.69	15.70	911	298
2025-08-15  11:45:00	15.92	15.92	15.78	15.78	756	277
2025-08-15  11:40:00	15.83	15.95	15.83	15.92	620	209
2025-08-15  11:35:00	15.70	15.83	15.68	15.83	532	193
2025-08-15  11:30:00	15.79	15.79	15.65	15.68	424	158
2025-08-15  11:25:00	15.75	15.80	15.74	15.80	195	91
2025-08-15  11:20:00	15.64	15.76	15.63	15.73	796	283
2025-08-15  11:15:00	15.64	15.69	15.60	15.60	971	448
2025-08-15  11:10:00	15.70	15.75	15.63	15.63	178	79
2025-08-15  11:05:00	15.70	15.80	15.70	15.71	252	109
2025-08-15  11:00:00	15.70	15.75	15.65	15.70	342	184
2025-08-15  10:55:00	15.63	15.70	15.60	15.65	277	158
2025-08-15  10:50:00	15.65	15.70	15.60	15.65	120	79
2025-08-15  10:45:00	15.65	15.70	15.60	15.67	939	320
2025-08-15  10:40:00	15.63	15.66	15.60	15.60	990	301
2025-08-15  10:35:00	15.65	15.70	15.64	15.65	346	113
2025-08-15  10:30:00	15.66	15.71	15.65	15.70	378	167
2025-08-15  10:25:00	15.71	15.75	15.62	15.65	1320	575
2025-08-15  10:20:00	15.74	15.80	15.68	15.72	550	286
2025-08-15  10:15:00	15.70	15.75	15.65	15.71	742	327
2025-08-15  10:10:00	15.70	15.80	15.70	15.71	478	198
2025-08-15  10:05:00	15.75	15.80	15.70	15.71	694	257
2025-08-15  10:00:00	15.84	15.90	15.70	15.80	1332	423
2025-08-15  09:55:00	15.86	15.86	15.75	15.81	1084	414
2025-08-15  09:50:00	15.95	15.96	15.83	15.86	974	487
2025-08-15  09:45:00	15.68	15.96	15.65	15.95	1850	633
2025-08-15  09:40:00	15.75	15.75	15.65	15.70	318	150
2025-08-15  09:35:00	15.67	15.75	15.61	15.73	317	159
2025-08-15  09:30:00	15.60	15.70	15.55	15.65	599	250
2025-08-15  09:26:00	15.63	15.63	15.55	15.56	105	39
2025-08-15  09:21:00	15.58	15.65	15.58	15.65	194	69
2025-08-15  09:16:00	15.57	15.60	15.57	15.58	16	9
2025-08-15  09:11:00	15.58	15.65	15.57	15.60	655	134
2025-08-15  09:06:00	15.58	15.60	15.57	15.58	43	26
2025-08-15  09:01:00	15.57	15.60	15.57	15.60	45	31
2025-08-15  08:56:00	15.58	15.60	15.55	15.60	44	20
2025-08-15  08:51:00	15.60	15.60	15.57	15.58	13	11
2025-08-15  08:46:00	15.55	15.60	15.55	15.60	19	11
2025-08-15  08:41:00	15.56	15.56	15.55	15.55	5	4
2025-08-15  08:36:00	15.55	15.55	15.53	15.55	21	14
2025-08-15  08:31:00	15.55	15.55	15.50	15.55	210	75
2025-08-15  08:26:00	15.61	15.67	15.55	15.55	383	82
2025-08-15  08:21:00	15.60	15.65	15.60	15.65	104	52
2025-08-15  08:16:00	15.56	15.57	15.55	15.55	66	29
2025-08-15  08:11:00	15.60	15.60	15.60	15.60	4	2
2025-08-15  08:06:00	15.63	15.63	15.57	15.57	27	14
2025-08-15  08:01:00	15.64	15.64	15.63	15.63	45	21
2025-08-15  07:56:00	15.60	15.60	15.60	15.60	29	10
2025-08-15  07:41:00	15.60	15.60	15.58	15.60	8	3
2025-08-15  07:36:00	15.55	15.60	15.55	15.60	2	2
2025-08-15  07:31:00	15.60	15.61	15.59	15.60	97	35
2025-08-15  07:21:00	15.55	15.60	15.55	15.60	216	64
2025-08-15  07:16:00	15.55	15.55	15.55	15.55	21	11
2025-08-15  07:11:00	15.55	15.55	15.55	15.55	44	9
2025-08-15  07:06:00	15.55	15.55	15.55	15.55	1	1
2025-08-15  07:01:00	15.55	15.55	15.53	15.55	21	8
2025-08-15  06:56:00	15.55	15.60	15.52	15.55	60	31
2025-08-15  06:51:00	15.58	15.58	15.58	15.58	1	1
2025-08-15  06:46:00	15.60	15.60	15.55	15.55	3	3
2025-08-15  06:41:00	15.60	15.60	15.60	15.60	1	1
2025-08-15  06:36:00	15.61	15.61	15.60	15.60	5	4
2025-08-15  06:31:00	15.60	15.62	15.60	15.60	29	16
2025-08-15  06:26:00	15.65	15.65	15.65	15.65	9	4
2025-08-15  06:21:00	15.67	15.67	15.67	15.67	1	1
2025-08-15  06:16:00	15.70	15.75	15.70	15.70	126	14
2025-08-15  06:11:00	15.70	15.72	15.70	15.70	12	6
2025-08-15  06:06:00	15.70	15.70	15.70	15.70	1	1
2025-08-15  06:01:00	15.70	15.70	15.70	15.70	8	5
2025-08-15  05:56:00	15.70	15.70	15.69	15.70	6	4
2025-08-15  05:51:00	15.70	15.70	15.70	15.70	1	1
2025-08-15  05:46:00	15.65	15.65	15.65	15.65	1	1
2025-08-15  05:41:00	15.70	15.70	15.70	15.70	6	3
2025-08-15  05:36:00	15.70	15.70	15.70	15.70	4	3
2025-08-15  05:31:00	15.67	15.70	15.67	15.68	53	14
2025-08-15  05:21:00	15.70	15.70	15.70	15.70	1	1
2025-08-15  05:16:00	15.65	15.65	15.65	15.65	10	5
2025-08-15  05:11:00	15.70	15.70	15.65	15.65	6	3
2025-08-15  05:01:00	15.65	15.70	15.65	15.70	41	16
2025-08-15  04:56:00	15.65	15.70	15.65	15.66	149	54
2025-08-15  04:51:00	15.70	15.70	15.70	15.70	10	3
2025-08-15  04:46:00	15.65	15.70	15.65	15.70	17	8
2025-08-15  04:41:00	15.65	15.65	15.61	15.65	11	5
2025-08-15  04:36:00	15.61	15.65	15.61	15.65	3	3
2025-08-15  04:31:00	15.60	15.60	15.60	15.60	26	14
2025-08-15  04:26:00	15.60	15.60	15.55	15.58	6	5
2025-08-15  04:11:00	15.55	15.55	15.55	15.55	1	1
2025-08-15  04:06:00	15.60	15.60	15.55	15.55	3	2
2025-08-15  04:01:00	15.60	15.60	15.60	15.60	1	1
2025-08-15  03:51:00	15.60	15.60	15.58	15.60	5	5
2025-08-15  03:36:00	15.60	15.60	15.59	15.59	2	2
2025-08-15  03:31:00	15.60	15.60	15.59	15.59	78	22
2025-08-15  03:21:00	15.61	15.61	15.61	15.61	10	7
2025-08-15  03:16:00	15.60	15.62	15.60	15.62	17	15
2025-08-15  03:11:00	15.55	15.62	15.55	15.62	74	31
2025-08-15  03:06:00	15.55	15.55	15.55	15.55	6	6
2025-08-15  03:01:00	15.50	15.58	15.50	15.55	219	72
2025-08-15  02:56:00	15.50	15.52	15.50	15.52	6	6
2025-08-15  02:51:00	15.50	15.55	15.50	15.50	9	9
2025-08-15  02:46:00	15.50	15.50	15.50	15.50	10	10
2025-08-15  02:41:00	15.50	15.50	15.50	15.50	8	6
2025-08-15  02:36:00	15.50	15.50	15.50	15.50	5	5
2025-08-15  02:31:00	15.50	15.50	15.50	15.50	3	3
2025-08-15  02:26:00	15.50	15.57	15.50	15.55	89	40
2025-08-15  02:21:00	15.51	15.51	15.50	15.50	15	15
2025-08-15  02:16:00	15.50	15.55	15.50	15.50	18	8
2025-08-15  02:11:00	15.55	15.55	15.50	15.50	166	40
2025-08-15  02:06:00	15.60	15.60	15.60	15.60	11	7
2025-08-15  02:01:00	15.60	15.60	15.60	15.60	3	1
2025-08-15  01:41:00	15.55	15.55	15.54	15.55	21	11
2025-08-15  01:36:00	15.56	15.56	15.55	15.55	15	9
2025-08-15  01:11:00	15.55	15.55	15.55	15.55	27	11
2025-08-15  00:51:00	15.55	15.55	15.50	15.51	20	15
2025-08-15  00:26:00	15.55	15.55	15.55	15.55	25	6
2025-08-15  00:11:00	15.55	15.57	15.55	15.57	142	36
2025-08-14  23:51:00	15.51	15.51	15.48	15.50	162	42
2025-08-14  23:46:00	15.55	15.55	15.53	15.53	14	6
2025-08-14  23:11:00	15.55	15.55	15.55	15.55	1	1
2025-08-14  22:41:00	15.55	15.55	15.55	15.55	11	5
2025-08-14  22:26:00	15.55	15.55	15.53	15.53	21	10
2025-08-14  22:16:00	15.55	15.55	15.55	15.55	13	5
2025-08-14  22:11:00	15.56	15.56	15.55	15.55	5	4
2025-08-14  22:06:00	15.55	15.55	15.55	15.55	15	11
2025-08-14  21:56:00	15.60	15.60	15.55	15.56	29	19
2025-08-14  21:51:00	15.61	15.65	15.58	15.60	29	21
2025-08-14  21:41:00	15.60	15.61	15.60	15.60	23	15
2025-08-14  21:36:00	15.60	15.61	15.60	15.61	3	3
2025-08-14  21:06:00	15.65	15.68	15.61	15.63	111	36
2025-08-14  21:01:00	15.70	15.70	15.70	15.70	35	12
2025-08-14  20:56:00	15.65	15.65	15.65	15.65	2	2
2025-08-14  20:51:00	15.70	15.70	15.70	15.70	1	1
2025-08-14  20:46:00	15.68	15.68	15.68	15.68	5	3
2025-08-14  20:41:00	15.67	15.67	15.67	15.67	6	3
2025-08-14  20:36:00	15.70	15.71	15.68	15.68	110	13
2025-08-14  20:31:00	15.73	15.73	15.73	15.73	5	2
2025-08-14  20:26:00	15.74	15.74	15.74	15.74	3	1
2025-08-14  20:21:00	15.75	15.75	15.74	15.75	4	4
2025-08-14  20:11:00	15.75	15.75	15.73	15.75	19	8
2025-08-14  20:06:00	15.75	15.75	15.75	15.75	1	1
2025-08-14  19:56:00	15.73	15.75	15.70	15.73	6	6
2025-08-14  19:31:00	15.73	15.75	15.73	15.74	15	15
2025-08-14  19:26:00	15.75	15.75	15.75	15.75	1	1
2025-08-14  19:21:00	15.74	15.74	15.74	15.74	10	6
2025-08-14  19:16:00	15.73	15.74	15.73	15.74	13	7
2025-08-14  19:11:00	15.73	15.75	15.73	15.74	7	7
2025-08-14  19:06:00	15.75	15.75	15.73	15.75	4	4
2025-08-14  18:56:00	15.75	15.76	15.75	15.75	18	7
2025-08-14  18:41:00	15.75	15.75	15.75	15.75	21	5
2025-08-14  18:36:00	15.75	15.76	15.75	15.76	11	8
2025-08-14  18:31:00	15.76	15.76	15.76	15.76	7	2
2025-08-14  18:16:00	15.76	15.76	15.75	15.76	11	6
2025-08-14  18:11:00	15.75	15.76	15.75	15.76	2	2
2025-08-14  18:06:00	15.77	15.77	15.73	15.75	234	104
2025-08-14  18:01:00	15.83	15.83	15.75	15.75	254	30
2025-08-14  17:56:00	15.80	15.80	15.80	15.80	1	1
2025-08-14  16:56:00	15.88	15.90	15.80	15.81	252	61
2025-08-14  16:51:00	15.88	15.88	15.88	15.88	13	13
2025-08-14  16:46:00	15.85	15.88	15.85	15.88	33	20
2025-08-14  16:41:00	15.88	15.88	15.88	15.88	14	14
2025-08-14  16:36:00	15.85	15.88	15.85	15.88	38	17
2025-08-14  16:31:00	15.88	15.88	15.87	15.87	19	17
2025-08-14  16:26:00	15.88	15.90	15.85	15.88	45	19
2025-08-14  16:21:00	15.85	15.90	15.85	15.88	51	13
2025-08-14  16:16:00	15.92	15.92	15.89	15.90	306	36
2025-08-14  16:11:00	15.92	15.93	15.87	15.91	742	115
2025-08-14  16:06:00	15.90	15.95	15.85	15.90	1193	141
2025-08-14  16:01:00	15.79	15.95	15.79	15.91	1911	295
2025-08-14  16:00:00	15.75	15.78	15.74	15.78	126	32
2025-08-14  15:55:00	15.71	15.75	15.65	15.72	5691	813
2025-08-14  15:50:00	15.71	15.76	15.70	15.70	951	267
2025-08-14  15:45:00	15.76	15.80	15.70	15.71	711	193
2025-08-14  15:40:00	15.72	15.80	15.70	15.80	1326	246
2025-08-14  15:35:00	15.75	15.75	15.70	15.72	406	132
2025-08-14  15:30:00	15.68	15.75	15.65	15.73	942	223
2025-08-14  15:25:00	15.67	15.70	15.65	15.70	409	131
2025-08-14  15:20:00	15.67	15.70	15.65	15.67	427	125
2025-08-14  15:15:00	15.70	15.75	15.65	15.67	687	166
2025-08-14  15:10:00	15.75	15.75	15.70	15.73	187	97
2025-08-14  15:05:00	15.68	15.75	15.65	15.72	1139	279
2025-08-14  15:00:00	15.68	15.70	15.65	15.68	397	118
2025-08-14  14:55:00	15.68	15.70	15.65	15.70	477	169
2025-08-14  14:50:00	15.69	15.70	15.65	15.70	228	106
2025-08-14  14:45:00	15.71	15.75	15.65	15.65	204	104
2025-08-14  14:40:00	15.77	15.77	15.68	15.71	517	213
2025-08-14  14:35:00	15.79	15.81	15.76	15.77	509	204
2025-08-14  14:30:00	15.81	15.85	15.78	15.79	404	184
2025-08-14  14:25:00	15.79	15.85	15.75	15.80	299	155
2025-08-14  14:20:00	15.84	15.84	15.75	15.79	144	82
2025-08-14  14:15:00	15.90	15.92	15.80	15.84	384	171
2025-08-14  14:10:00	15.85	15.90	15.80	15.90	312	149
2025-08-14  14:05:00	15.84	15.85	15.80	15.84	171	99
2025-08-14  14:00:00	15.80	15.87	15.80	15.85	175	91
2025-08-14  13:55:00	15.81	15.90	15.80	15.80	331	128
2025-08-14  13:50:00	15.87	15.88	15.80	15.84	366	149
2025-08-14  13:45:00	15.84	15.87	15.80	15.87	417	171
2025-08-14  13:40:00	15.84	15.88	15.84	15.84	373	175
2025-08-14  13:35:00	15.73	15.85	15.73	15.84	306	133
2025-08-14  13:30:00	15.73	15.75	15.70	15.73	433	136
2025-08-14  13:25:00	15.79	15.80	15.72	15.75	808	263
2025-08-14  13:20:00	15.83	15.85	15.75	15.79	351	146
2025-08-14  13:15:00	15.84	15.85	15.77	15.85	1140	359
2025-08-14  13:10:00	15.79	15.85	15.75	15.84	287	140
2025-08-14  13:05:00	15.79	15.81	15.75	15.79	312	135
2025-08-14  13:00:00	15.79	15.85	15.75	15.79	374	169
2025-08-14  12:55:00	15.78	15.81	15.75	15.79	285	127
2025-08-14  12:50:00	15.84	15.84	15.75	15.78	240	104
2025-08-14  12:45:00	15.89	15.92	15.82	15.84	615	215
2025-08-14  12:40:00	15.95	15.96	15.87	15.87	270	125
2025-08-14  12:35:00	15.89	15.94	15.85	15.90	175	82
2025-08-14  12:30:00	15.99	16.00	15.89	15.90	304	139
2025-08-14  12:25:00	15.90	16.00	15.89	15.95	344	147
2025-08-14  12:20:00	15.99	16.01	15.92	15.94	407	179
2025-08-14  12:15:00	16.09	16.09	15.96	15.99	322	123
2025-08-14  12:10:00	16.00	16.10	15.93	16.08	434	200
2025-08-14  12:05:00	15.90	15.96	15.90	15.95	343	138
2025-08-14  12:00:00	15.84	15.90	15.80	15.88	543	185
2025-08-14  11:55:00	15.88	15.91	15.83	15.84	289	135
2025-08-14  11:50:00	15.87	15.93	15.83	15.88	552	220
2025-08-14  11:45:00	15.95	16.00	15.85	15.87	780	314
2025-08-14  11:40:00	16.04	16.06	15.95	15.98	811	322
2025-08-14  11:35:00	15.92	16.05	15.89	16.04	1171	354
2025-08-14  11:30:00	15.95	15.98	15.85	15.92	703	271
2025-08-14  11:25:00	15.84	16.02	15.84	16.00	1191	364
2025-08-14  11:20:00	15.81	15.88	15.81	15.84	419	161
2025-08-14  11:15:00	15.84	15.84	15.75	15.80	432	188
2025-08-14  11:10:00	15.84	15.85	15.80	15.85	158	92
2025-08-14  11:05:00	15.76	15.84	15.75	15.84	264	147
2025-08-14  11:00:00	15.78	15.80	15.70	15.75	425	155
2025-08-14  10:55:00	15.74	15.80	15.70	15.75	524	202
2025-08-14  10:50:00	15.66	15.75	15.65	15.74	265	131
2025-08-14  10:45:00	15.69	15.75	15.65	15.65	345	156
2025-08-14  10:40:00	15.65	15.70	15.63	15.65	252	126
2025-08-14  10:35:00	15.68	15.70	15.65	15.67	270	114
2025-08-14  10:30:00	15.73	15.75	15.60	15.68	580	227
2025-08-14  10:25:00	15.74	15.80	15.70	15.70	386	200
2025-08-14  10:20:00	15.68	15.76	15.67	15.74	576	223
2025-08-14  10:15:00	15.81	15.84	15.67	15.70	502	215
2025-08-14  10:10:00	15.76	15.85	15.70	15.80	731	325
2025-08-14  10:05:00	15.74	15.80	15.70	15.80	529	239
2025-08-14  10:00:00	15.76	15.80	15.70	15.74	463	174
2025-08-14  09:55:00	15.80	15.88	15.75	15.80	671	269
2025-08-14  09:50:00	15.79	15.82	15.70	15.80	897	269
2025-08-14  09:45:00	15.82	15.87	15.75	15.80	736	291
2025-08-14  09:40:00	15.79	15.88	15.75	15.82	639	230
2025-08-14  09:35:00	15.89	15.90	15.75	15.78	830	286
2025-08-14  09:30:00	15.96	16.04	15.88	15.88	1128	529
2025-08-14  09:26:00	16.01	16.05	15.98	15.99	99	44
2025-08-14  09:21:00	16.01	16.05	16.00	16.01	203	94
2025-08-14  09:16:00	16.00	16.02	15.98	16.00	486	132
2025-08-14  09:11:00	15.99	16.00	15.90	15.96	471	163
2025-08-14  09:06:00	16.03	16.03	15.92	15.99	266	125
2025-08-14  09:01:00	16.00	16.05	15.96	16.03	432	146
2025-08-14  08:56:00	15.91	16.00	15.91	16.00	459	194
2025-08-14  08:51:00	15.88	15.93	15.86	15.93	183	96
2025-08-14  08:46:00	15.88	16.00	15.85	15.87	430	201
2025-08-14  08:41:00	15.93	15.94	15.85	15.88	546	196
2025-08-14  08:36:00	15.95	16.05	15.86	15.93	1149	478
2025-08-14  08:31:00	15.77	16.00	15.75	15.97	711	379
2025-08-14  08:26:00	15.55	15.80	15.55	15.76	567	198
2025-08-14  08:21:00	15.54	15.54	15.53	15.53	19	13
2025-08-14  08:16:00	15.53	15.54	15.50	15.54	43	11
2025-08-14  08:11:00	15.55	15.55	15.55	15.55	9	3
2025-08-14  08:06:00	15.53	15.55	15.53	15.55	22	15
2025-08-14  08:01:00	15.52	15.53	15.52	15.53	10	6
2025-08-14  07:56:00	15.53	15.55	15.47	15.55	448	128
2025-08-14  07:51:00	15.55	15.55	15.53	15.53	48	17
2025-08-14  07:46:00	15.55	15.56	15.53	15.54	195	84
2025-08-14  07:41:00	15.60	15.60	15.56	15.60	15	8
2025-08-14  07:36:00	15.56	15.57	15.56	15.56	43	26
2025-08-14  07:31:00	15.55	15.56	15.55	15.56	94	45
2025-08-14  07:26:00	15.60	15.60	15.55	15.55	82	42
2025-08-14  07:21:00	15.58	15.59	15.56	15.56	30	17
2025-08-14  07:16:00	15.61	15.62	15.55	15.60	278	94
2025-08-14  07:06:00	15.65	15.65	15.65	15.65	30	12
2025-08-14  07:01:00	15.65	15.65	15.65	15.65	10	3
2025-08-14  06:56:00	15.65	15.65	15.65	15.65	2	2
2025-08-14  06:51:00	15.65	15.65	15.65	15.65	2	2
2025-08-14  06:41:00	15.65	15.65	15.65	15.65	5	4
2025-08-14  06:26:00	15.65	15.65	15.65	15.65	7	3
2025-08-14  06:16:00	15.60	15.60	15.60	15.60	3	1
2025-08-14  06:11:00	15.65	15.65	15.65	15.65	1	1
2025-08-14  06:01:00	15.61	15.61	15.61	15.61	1	1
2025-08-14  05:56:00	15.60	15.65	15.60	15.63	108	40
2025-08-14  05:46:00	15.62	15.62	15.62	15.62	17	15
2025-08-14  05:41:00	15.61	15.61	15.60	15.60	9	6
2025-08-14  05:36:00	15.61	15.61	15.61	15.61	1	1
2025-08-14  05:31:00	15.61	15.61	15.60	15.60	13	8
2025-08-14  05:26:00	15.64	15.64	15.60	15.61	113	44
2025-08-14  05:21:00	15.65	15.65	15.65	15.65	1	1
2025-08-14  05:16:00	15.65	15.65	15.60	15.60	2	2
2025-08-14  05:11:00	15.65	15.65	15.63	15.63	75	14
2025-08-14  05:06:00	15.64	15.67	15.64	15.67	36	29
2025-08-14  05:01:00	15.65	15.65	15.63	15.65	42	19
2025-08-14  04:56:00	15.63	15.65	15.63	15.63	22	12
2025-08-14  04:51:00	15.65	15.65	15.65	15.65	1	1
2025-08-14  04:41:00	15.55	15.65	15.55	15.63	126	58
2025-08-14  04:36:00	15.55	15.60	15.55	15.55	33	25
2025-08-14  04:31:00	15.55	15.60	15.55	15.55	29	16
2025-08-14  04:26:00	15.57	15.57	15.55	15.57	65	30
2025-08-14  04:21:00	15.60	15.60	15.60	15.60	1	1
2025-08-14  04:11:00	15.60	15.60	15.55	15.55	25	7
2025-08-14  04:01:00	15.58	15.58	15.58	15.58	12	8
2025-08-14  03:51:00	15.60	15.60	15.57	15.57	3	3
2025-08-14  03:46:00	15.52	15.60	15.52	15.55	98	32
2025-08-14  03:41:00	15.52	15.55	15.52	15.52	3	3
2025-08-14  03:36:00	15.51	15.51	15.51	15.51	11	6
2025-08-14  03:31:00	15.55	15.55	15.55	15.55	84	26
2025-08-14  03:26:00	15.55	15.57	15.55	15.57	10	4
2025-08-14  03:21:00	15.55	15.58	15.55	15.58	33	10
2025-08-14  03:16:00	15.58	15.58	15.53	15.55	202	59
2025-08-14  03:11:00	15.55	15.58	15.55	15.57	17	15
2025-08-14  03:06:00	15.55	15.60	15.55	15.55	10	7
2025-08-14  03:01:00	15.55	15.60	15.55	15.60	22	15
2025-08-14  02:56:00	15.60	15.60	15.55	15.55	44	27
2025-08-14  02:51:00	15.60	15.60	15.60	15.60	3	3
2025-08-14  02:46:00	15.60	15.60	15.60	15.60	4	4
2025-08-14  02:41:00	15.60	15.65	15.60	15.60	18	12
2025-08-14  02:36:00	15.60	15.65	15.60	15.60	8	8
2025-08-14  02:31:00	15.60	15.60	15.60	15.60	4	4
2025-08-14  02:26:00	15.60	15.63	15.60	15.60	15	12
2025-08-14  02:21:00	15.65	15.65	15.62	15.65	5	5
2025-08-14  02:16:00	15.65	15.70	15.65	15.65	22	13
2025-08-14  02:11:00	15.65	15.70	15.65	15.70	17	13
2025-08-14  02:01:00	15.65	15.65	15.60	15.60	5	4
2025-08-14  01:56:00	15.65	15.65	15.60	15.60	27	17
2025-08-14  01:51:00	15.65	15.65	15.65	15.65	4	4
2025-08-14  01:46:00	15.65	15.65	15.62	15.65	71	27
2025-08-14  01:41:00	15.65	15.65	15.65	15.65	16	9
2025-08-14  01:36:00	15.63	15.65	15.63	15.65	15	6
2025-08-14  01:31:00	15.60	15.62	15.60	15.62	5	2
2025-08-14  01:21:00	15.63	15.65	15.63	15.65	17	9
2025-08-14  01:01:00	15.60	15.60	15.60	15.60	1	1
2025-08-14  00:51:00	15.60	15.60	15.60	15.60	1	1
2025-08-14  00:26:00	15.65	15.65	15.65	15.65	1	1
2025-08-14  00:21:00	15.65	15.65	15.65	15.65	1	1
2025-08-14  00:06:00	15.65	15.65	15.65	15.65	2	1
2025-08-14  00:01:00	15.61	15.61	15.61	15.61	3	2
2025-08-13  23:51:00	15.60	15.60	15.60	15.60	20	2
2025-08-13  23:41:00	15.60	15.61	15.60	15.61	22	11
2025-08-13  23:36:00	15.60	15.60	15.56	15.56	11	7
2025-08-13  23:31:00	15.60	15.60	15.60	15.60	1	1
2025-08-13  23:21:00	15.56	15.56	15.56	15.56	1	1
2025-08-13  23:16:00	15.60	15.60	15.57	15.57	27	8
2025-08-13  23:11:00	15.60	15.60	15.60	15.60	128	30
2025-08-13  23:06:00	15.55	15.55	15.55	15.55	1	1
2025-08-13  22:56:00	15.56	15.56	15.56	15.56	1	1
2025-08-13  22:51:00	15.60	15.60	15.60	15.60	32	14
2025-08-13  22:46:00	15.65	15.65	15.60	15.61	10	8
2025-08-13  22:31:00	15.62	15.62	15.61	15.61	29	14
2025-08-13  22:26:00	15.62	15.62	15.61	15.61	16	7
2025-08-13  22:21:00	15.62	15.65	15.62	15.62	4	4
2025-08-13  22:11:00	15.66	15.66	15.60	15.60	156	55
2025-08-13  22:06:00	15.67	15.68	15.66	15.66	74	17
2025-08-13  22:01:00	15.70	15.70	15.70	15.70	2	1
2025-08-13  21:46:00	15.70	15.70	15.70	15.70	1	1
2025-08-13  21:41:00	15.70	15.70	15.67	15.67	2	2
2025-08-13  21:36:00	15.70	15.70	15.70	15.70	1	1
2025-08-13  21:31:00	15.70	15.70	15.70	15.70	2	2
2025-08-13  21:26:00	15.70	15.70	15.70	15.70	1	1
2025-08-13  21:21:00	15.70	15.70	15.70	15.70	2	2
2025-08-13  21:16:00	15.70	15.70	15.70	15.70	1	1
2025-08-13  21:06:00	15.70	15.70	15.67	15.67	2	2
2025-08-13  21:01:00	15.70	15.70	15.70	15.70	1	1
2025-08-13  20:56:00	15.70	15.70	15.70	15.70	2	2
2025-08-13  20:51:00	15.68	15.68	15.68	15.68	3	2
2025-08-13  20:41:00	15.70	15.70	15.70	15.70	2	2
2025-08-13  20:36:00	15.65	15.70	15.65	15.65	12	10
2025-08-13  20:31:00	15.65	15.65	15.65	15.65	38	17
2025-08-13  20:11:00	15.60	15.60	15.60	15.60	1	1
2025-08-13  19:56:00	15.65	15.65	15.65	15.65	2	2
2025-08-13  19:46:00	15.65	15.65	15.65	15.65	1	1
2025-08-13  19:41:00	15.60	15.62	15.60	15.62	35	13
2025-08-13  19:36:00	15.60	15.62	15.56	15.61	25	18
2025-08-13  19:26:00	15.61	15.61	15.60	15.60	6	4
2025-08-13  19:11:00	15.65	15.65	15.65	15.65	28	2
2025-08-13  19:06:00	15.65	15.65	15.65	15.65	24	3
2025-08-13  18:56:00	15.60	15.60	15.60	15.60	1	1
2025-08-13  18:51:00	15.70	15.70	15.62	15.62	4	3
2025-08-13  18:46:00	15.65	15.70	15.64	15.64	23	12
2025-08-13  18:41:00	15.65	15.65	15.65	15.65	60	5
2025-08-13  18:36:00	15.68	15.68	15.68	15.68	2	2
2025-08-13  18:26:00	15.70	15.70	15.70	15.70	13	3
2025-08-13  18:21:00	15.70	15.75	15.70	15.75	39	6
2025-08-13  18:16:00	15.74	15.74	15.68	15.70	111	27