 [ID0] VXU25_FUT_CFE[M]  5 Min  #6			Formula Source Sheet #6.  Enter and modify formulas for this sheet on Sheet6
Date Time	[ID0.SG1] Open	[ID0.SG2] High	[ID0.SG3] Low	[ID0.SG4] Last	[ID0.SG5] Volume	[ID0.SG6] # of Trades				K	L	M	N	O	P	Q	R	S	T	U	V	W	X	Y	Z
2025-08-28  00:31:00	16.90	16.90	16.90	16.90	4	2
2025-08-28  00:26:00	16.90	16.90	16.90	16.90	25	10
2025-08-28  00:16:00	16.90	16.94	16.90	16.94	4	4
2025-08-28  00:01:00	16.90	16.92	16.90	16.92	14	10
2025-08-27  23:46:00	16.90	16.90	16.90	16.90	1	1
2025-08-27  23:41:00	16.90	16.90	16.90	16.90	3	3
2025-08-27  23:31:00	16.90	16.90	16.90	16.90	3	3
2025-08-27  23:26:00	16.90	16.90	16.90	16.90	2	2
2025-08-27  23:21:00	16.90	16.91	16.90	16.90	66	17
2025-08-27  23:16:00	16.90	16.90	16.90	16.90	1	1		Bid (read-only):	16.899999618530273
2025-08-27  23:11:00	16.90	16.92	16.89	16.89	37	17		Bid Size (read-only):	64
2025-08-27  23:01:00	16.98	16.98	16.95	16.95	74	21		Ask (read-only):	16.950000762939453
2025-08-27  22:41:00	16.95	16.95	16.95	16.95	4	3		Ask Size (read-only):	154
2025-08-27  22:36:00	16.95	16.95	16.95	16.95	26	12		Daily Open (read-only):	16.950000762939453
2025-08-27  22:06:00	16.95	16.95	16.95	16.95	1	1		Daily High (read-only):	17.100000381469727
2025-08-27  21:41:00	16.90	16.95	16.90	16.95	23	7		Daily Low (read-only):	16.889999389648438
2025-08-27  21:36:00	16.95	16.98	16.93	16.93	94	33		Daily Price Change (read-only):	-0.04000091552734375
2025-08-27  21:31:00	16.95	16.95	16.95	16.95	1	1		Daily Volume (read-only):	963
2025-08-27  21:26:00	16.95	16.95	16.95	16.95	1	1		Tick Size (read-only):	0.05000000074505806
2025-08-27  21:11:00	17.00	17.00	17.00	17.00	3	3
2025-08-27  21:06:00	16.98	16.98	16.98	16.98	2	2
2025-08-27  21:01:00	16.95	17.00	16.95	17.00	21	5
2025-08-27  20:56:00	17.00	17.00	17.00	17.00	1	1
2025-08-27  20:51:00	17.00	17.00	17.00	17.00	1	1
2025-08-27  20:46:00	17.00	17.00	16.99	16.99	28	14
2025-08-27  20:36:00	17.00	17.00	17.00	17.00	26	14
2025-08-27  20:31:00	17.05	17.05	17.05	17.05	7	4
2025-08-27  20:26:00	17.10	17.10	17.05	17.05	50	20		Number of Rows (read-only):	1000
2025-08-27  20:21:00	17.05	17.06	17.05	17.05	16	10
2025-08-27  20:16:00	17.05	17.06	17.05	17.05	32	16
2025-08-27  20:11:00	17.00	17.05	17.00	17.05	100	26
2025-08-27  20:06:00	17.05	17.05	17.05	17.05	42	19
2025-08-27  20:01:00	17.05	17.10	17.05	17.06	22	22
2025-08-27  19:56:00	17.10	17.10	17.05	17.10	8	5		Seconds Per Bar - Intraday (read-only):	300
2025-08-27  19:31:00	17.10	17.10	17.05	17.05	2	2		Number of Trades Per Bar - Intraday (read-only):	0
2025-08-27  19:26:00	17.05	17.05	17.05	17.05	2	1		Volume Per Bar - Intraday (read-only):	0
2025-08-27  19:16:00	17.10	17.10	17.10	17.10	1	1		Range in Ticks - Intraday (read-only):	0
2025-08-27  19:11:00	17.05	17.05	17.05	17.05	2	1		Symbol (read-only):	VXU25_FUT_CFE
2025-08-27  19:06:00	17.10	17.10	17.10	17.10	1	1		Last Bar End DateTime (read-only):	2025-08-28  00:32:06
2025-08-27  19:01:00	17.10	17.10	17.10	17.10	2	1
2025-08-27  18:56:00	17.10	17.10	17.10	17.10	1	1
2025-08-27  18:51:00	17.10	17.10	17.10	17.10	20	1
2025-08-27  18:46:00	17.05	17.05	17.05	17.05	14	8
2025-08-27  18:31:00	17.10	17.10	17.05	17.05	15	4
2025-08-27  18:26:00	17.10	17.10	17.10	17.10	1	1
2025-08-27  18:21:00	17.05	17.05	17.05	17.05	2	2
2025-08-27  18:16:00	17.10	17.10	17.10	17.10	11	1
2025-08-27  18:11:00	17.05	17.05	17.04	17.05	22	10
2025-08-27  18:06:00	17.00	17.05	17.00	17.05	23	19
2025-08-27  18:01:00	17.00	17.10	17.00	17.05	55	22
2025-08-27  17:56:00	16.95	17.05	16.95	17.05	46	9
2025-08-27  16:56:00	16.95	17.00	16.90	16.94	117	50
2025-08-27  16:51:00	16.98	16.98	16.95	16.98	8	3
2025-08-27  16:46:00	16.99	17.05	16.99	17.01	57	35		Currency Value Per Tick (read-only):	50
2025-08-27  16:41:00	17.00	17.01	16.95	17.00	94	21		Connected to Data Feed (read-only):	1
2025-08-27  16:36:00	16.99	17.05	16.95	17.00	91	53
2025-08-27  16:31:00	16.93	17.05	16.93	17.00	231	86
2025-08-27  16:26:00	17.05	17.10	16.90	16.93	617	194
2025-08-27  16:21:00	16.96	17.25	16.96	17.05	1916	517
2025-08-27  16:16:00	16.90	17.00	16.83	17.00	1372	255
2025-08-27  16:11:00	16.95	17.00	16.90	16.95	347	70
2025-08-27  16:06:00	16.95	17.00	16.90	16.95	293	33
2025-08-27  16:01:00	16.95	17.00	16.93	16.95	1590	177
2025-08-27  16:00:00	16.95	16.95	16.90	16.93	162	14
2025-08-27  15:55:00	16.92	16.95	16.85	16.90	3947	732
2025-08-27  15:50:00	16.95	16.95	16.90	16.91	202	48
2025-08-27  15:45:00	16.95	16.95	16.90	16.90	299	83
2025-08-27  15:40:00	16.95	16.95	16.90	16.95	123	16
2025-08-27  15:35:00	16.93	17.00	16.93	16.95	752	149
2025-08-27  15:30:00	16.90	17.00	16.85	16.90	3719	604
2025-08-27  15:25:00	16.90	16.95	16.90	16.90	51	16
2025-08-27  15:20:00	16.93	16.95	16.90	16.93	133	34
2025-08-27  15:15:00	16.95	17.00	16.90	16.93	610	128		Chart Start Time (read-only):	09:30:00
2025-08-27  15:10:00	16.93	17.05	16.90	16.98	1940	371		Chart End Time (read-only):	16:00:00
2025-08-27  15:05:00	16.91	16.95	16.90	16.90	112	46		Number of Bars (read-only):	5282
2025-08-27  15:00:00	16.95	16.95	16.90	16.92	292	86
2025-08-27  14:55:00	16.94	17.00	16.93	16.93	493	115
2025-08-27  14:50:00	16.90	16.95	16.90	16.95	593	126
2025-08-27  14:45:00	16.90	16.95	16.90	16.91	169	31
2025-08-27  14:40:00	16.90	16.90	16.90	16.90	57	37
2025-08-27  14:35:00	16.90	16.95	16.90	16.90	65	33
2025-08-27  14:30:00	16.90	16.95	16.90	16.90	92	38
2025-08-27  14:25:00	16.90	16.91	16.90	16.90	102	46
2025-08-27  14:20:00	16.90	16.92	16.90	16.90	107	41
2025-08-27  14:15:00	16.90	16.95	16.90	16.90	136	57
2025-08-27  14:10:00	16.96	17.00	16.90	16.90	534	123
2025-08-27  14:05:00	16.95	16.96	16.95	16.96	105	49
2025-08-27  14:00:00	16.95	17.00	16.95	16.95	16	11
2025-08-27  13:55:00	17.00	17.00	16.95	16.95	74	34		Chart Number (read-only):	6
2025-08-27  13:50:00	17.00	17.00	16.95	16.96	66	30		Trade Account (read-only):	NewTestAccount1234
2025-08-27  13:45:00	17.00	17.00	16.95	16.97	78	35		Last Working Entry Order Date-Time (read-only):
2025-08-27  13:40:00	16.96	17.00	16.95	17.00	14	12		Last Working Entry Order Price (read-only):
2025-08-27  13:35:00	16.90	17.00	16.90	16.95	278	76		Last Working Exit Order Date-Time (read-only):
2025-08-27  13:30:00	16.95	16.95	16.90	16.95	445	120		Last Working Exit Order Price (read-only):
2025-08-27  13:25:00	17.00	17.00	16.98	17.00	61	31		Bar Period Type (read-only):	0
2025-08-27  13:20:00	16.98	17.00	16.98	17.00	208	75		Bar Parameter 1 (read-only):	300
2025-08-27  13:15:00	17.00	17.05	16.95	17.00	508	140		Bar Parameter 2 (read-only):	0
2025-08-27  13:10:00	17.05	17.05	16.96	16.98	345	88		Bar Parameter 3 (read-only):	0
2025-08-27  13:05:00	17.05	17.05	17.03	17.05	52	32		Bar Parameter 4 (read-only):	0
2025-08-27  13:00:00	17.05	17.10	17.03	17.05	487	80		Order Text Tag (write-only):
2025-08-27  12:55:00	17.10	17.10	17.03	17.05	448	106		All Symbols Daily Net Profit/Loss (read-only):
2025-08-27  12:50:00	17.06	17.06	17.05	17.06	42	21		All Symbols Cumulative Net Profit/Loss (read-only):
2025-08-27  12:45:00	17.15	17.18	17.06	17.10	886	187		All Symbols Cumulative Profit/Loss (read-only):
2025-08-27  12:40:00	17.13	17.18	17.10	17.15	484	124		Use Order Fill Calculated Position (read-only):	0
2025-08-27  12:35:00	17.11	17.20	17.11	17.15	1436	311
2025-08-27  12:30:00	17.10	17.12	17.05	17.12	345	86
2025-08-27  12:25:00	17.10	17.15	17.06	17.10	1418	335
2025-08-27  12:20:00	17.00	17.10	16.98	17.05	671	174
2025-08-27  12:15:00	16.98	17.00	16.95	17.00	68	37
2025-08-27  12:10:00	17.00	17.00	16.95	16.98	77	39
2025-08-27  12:05:00	16.97	17.00	16.95	17.00	66	33
2025-08-27  12:00:00	16.95	17.00	16.95	16.98	122	54
2025-08-27  11:55:00	16.90	16.95	16.90	16.95	324	79
2025-08-27  11:50:00	16.95	16.95	16.90	16.95	12	9
2025-08-27  11:45:00	16.99	17.00	16.90	16.90	558	80
2025-08-27  11:40:00	16.95	17.04	16.95	16.95	466	138
2025-08-27  11:35:00	16.98	17.00	16.95	16.98	120	62
2025-08-27  11:30:00	16.98	17.00	16.95	16.98	539	176
2025-08-27  11:25:00	16.93	17.00	16.90	17.00	390	134
2025-08-27  11:20:00	16.95	16.95	16.90	16.95	89	56
2025-08-27  11:15:00	16.95	16.95	16.90	16.92	210	55
2025-08-27  11:10:00	16.92	16.95	16.90	16.90	98	43
2025-08-27  11:05:00	16.96	17.00	16.90	16.90	893	260
2025-08-27  11:00:00	16.93	16.96	16.90	16.96	1037	230
2025-08-27  10:55:00	16.93	16.95	16.90	16.93	65	44
2025-08-27  10:50:00	16.98	17.00	16.91	16.93	665	199
2025-08-27  10:45:00	16.91	17.00	16.90	16.98	1370	361
2025-08-27  10:40:00	16.90	16.95	16.90	16.91	110	70
2025-08-27  10:35:00	16.90	16.95	16.90	16.91	151	64
2025-08-27  10:30:00	16.88	16.95	16.85	16.91	1491	377
2025-08-27  10:25:00	16.89	16.90	16.85	16.85	162	76
2025-08-27  10:20:00	16.90	16.95	16.85	16.89	733	235
2025-08-27  10:15:00	16.91	16.95	16.90	16.91	225	110
2025-08-27  10:10:00	16.95	16.95	16.90	16.91	369	145
2025-08-27  10:05:00	16.95	16.95	16.89	16.91	358	167
2025-08-27  10:00:00	16.90	16.95	16.85	16.91	717	222
2025-08-27  09:55:00	16.88	16.95	16.88	16.90	101	76
2025-08-27  09:50:00	16.95	16.95	16.88	16.90	344	87
2025-08-27  09:45:00	16.90	16.95	16.85	16.95	764	237
2025-08-27  09:40:00	16.90	16.95	16.85	16.90	554	175
2025-08-27  09:35:00	16.90	16.95	16.85	16.87	200	90
2025-08-27  09:30:00	16.98	16.98	16.85	16.91	858	278
2025-08-27  09:26:00	16.95	16.98	16.92	16.95	160	63
2025-08-27  09:21:00	16.95	17.00	16.90	16.95	145	61
2025-08-27  09:16:00	16.95	16.95	16.90	16.95	116	37
2025-08-27  09:11:00	17.00	17.00	16.94	16.95	145	57
2025-08-27  09:06:00	16.95	17.00	16.95	16.99	46	23
2025-08-27  09:01:00	16.95	17.00	16.90	16.95	240	87
2025-08-27  08:56:00	16.95	16.95	16.94	16.95	70	18
2025-08-27  08:51:00	17.00	17.00	16.93	16.95	334	104
2025-08-27  08:46:00	17.00	17.00	16.95	16.99	112	36
2025-08-27  08:41:00	16.98	17.00	16.95	16.99	325	77
2025-08-27  08:36:00	16.95	17.00	16.93	17.00	126	66
2025-08-27  08:31:00	16.95	16.97	16.94	16.95	687	169
2025-08-27  08:26:00	16.93	16.94	16.90	16.93	30	21
2025-08-27  08:21:00	16.90	16.90	16.88	16.90	109	30
2025-08-27  08:16:00	16.87	16.90	16.87	16.87	7	6
2025-08-27  08:11:00	16.90	16.91	16.85	16.88	81	43
2025-08-27  08:06:00	16.90	16.90	16.88	16.90	216	74
2025-08-27  08:01:00	16.90	16.90	16.90	16.90	1	1
2025-08-27  07:56:00	16.95	16.95	16.95	16.95	2	2
2025-08-27  07:51:00	16.95	16.95	16.95	16.95	5	1
2025-08-27  07:46:00	16.95	16.95	16.90	16.90	258	54
2025-08-27  07:41:00	17.00	17.00	16.95	16.95	4	2
2025-08-27  07:36:00	16.98	17.00	16.98	17.00	3	3
2025-08-27  07:31:00	17.00	17.00	17.00	17.00	3	2
2025-08-27  07:26:00	17.00	17.00	17.00	17.00	10	1
2025-08-27  07:21:00	16.95	16.95	16.95	16.95	1	1
2025-08-27  07:16:00	16.95	16.95	16.95	16.95	1	1
2025-08-27  07:01:00	16.98	16.98	16.98	16.98	4	3
2025-08-27  06:56:00	17.00	17.00	16.95	17.00	6	6
2025-08-27  06:46:00	17.00	17.00	17.00	17.00	1	1
2025-08-27  06:31:00	17.00	17.00	17.00	17.00	3	1
2025-08-27  06:26:00	16.95	16.95	16.95	16.95	2	2
2025-08-27  06:16:00	16.98	16.98	16.95	16.95	4	4
2025-08-27  06:01:00	16.95	16.95	16.95	16.95	1	1
2025-08-27  05:41:00	17.00	17.00	17.00	17.00	2	1
2025-08-27  05:36:00	17.00	17.00	17.00	17.00	3	3
2025-08-27  05:31:00	16.95	16.95	16.95	16.95	1	1
2025-08-27  05:21:00	17.00	17.00	16.95	16.95	12	7
2025-08-27  05:11:00	16.95	16.98	16.95	16.95	14	4
2025-08-27  05:01:00	17.00	17.00	16.95	17.00	5	3
2025-08-27  04:51:00	17.05	17.05	17.00	17.00	4	4
2025-08-27  04:46:00	17.00	17.00	17.00	17.00	18	8
2025-08-27  04:41:00	17.00	17.00	17.00	17.00	9	7
2025-08-27  04:36:00	17.00	17.00	17.00	17.00	86	22
2025-08-27  04:31:00	17.00	17.02	17.00	17.00	38	9
2025-08-27  04:26:00	17.00	17.00	16.95	16.95	2	2
2025-08-27  04:21:00	17.00	17.00	16.98	17.00	44	18
2025-08-27  04:16:00	16.95	17.00	16.95	17.00	11	3
2025-08-27  04:11:00	16.95	17.00	16.95	17.00	117	32
2025-08-27  04:06:00	17.00	17.00	17.00	17.00	2	2
2025-08-27  04:01:00	16.95	17.00	16.95	17.00	65	28
2025-08-27  03:56:00	17.00	17.00	16.95	16.96	3	3
2025-08-27  03:51:00	16.95	17.03	16.95	17.00	464	110
2025-08-27  03:41:00	16.95	16.95	16.94	16.95	56	19
2025-08-27  03:36:00	16.95	17.00	16.90	17.00	179	71
2025-08-27  03:31:00	16.98	16.98	16.91	16.95	48	38
2025-08-27  03:26:00	16.90	16.95	16.90	16.95	96	19
2025-08-27  03:21:00	16.90	16.95	16.90	16.95	91	23
2025-08-27  03:16:00	16.85	16.85	16.85	16.85	1	1
2025-08-27  03:11:00	16.85	16.85	16.85	16.85	3	3
2025-08-27  03:06:00	16.87	16.90	16.87	16.90	5	2
2025-08-27  03:01:00	16.90	16.90	16.85	16.90	4	4
2025-08-27  02:51:00	16.85	16.85	16.85	16.85	40	23
2025-08-27  02:41:00	16.85	16.85	16.85	16.85	1	1
2025-08-27  02:31:00	16.85	16.85	16.85	16.85	7	4
2025-08-27  02:26:00	16.85	16.85	16.84	16.84	3	3
2025-08-27  02:21:00	16.83	16.84	16.83	16.84	23	13
2025-08-27  02:16:00	16.85	16.85	16.85	16.85	4	1
2025-08-27  02:11:00	16.90	16.90	16.80	16.85	163	44
2025-08-27  02:06:00	16.87	16.90	16.85	16.90	28	9
2025-08-27  02:01:00	16.90	16.90	16.90	16.90	2	2
2025-08-27  01:56:00	16.90	16.90	16.90	16.90	1	1
2025-08-27  01:51:00	16.90	16.90	16.90	16.90	2	2
2025-08-27  01:46:00	16.90	16.90	16.90	16.90	1	1
2025-08-27  01:31:00	16.90	16.90	16.90	16.90	2	2
2025-08-27  01:26:00	16.90	16.90	16.90	16.90	6	5
2025-08-27  01:16:00	16.90	16.90	16.90	16.90	1	1
2025-08-27  01:11:00	16.90	16.90	16.90	16.90	1	1
2025-08-27  01:06:00	16.90	16.90	16.90	16.90	8	8
2025-08-27  00:56:00	16.85	16.85	16.85	16.85	1	1
2025-08-27  00:51:00	16.90	16.90	16.90	16.90	9	1
2025-08-27  00:36:00	16.90	16.90	16.85	16.85	7	6
2025-08-27  00:31:00	16.90	16.90	16.86	16.86	2	2
2025-08-27  00:16:00	16.90	16.90	16.85	16.85	68	3
2025-08-27  00:06:00	16.85	16.86	16.85	16.85	119	21
2025-08-27  00:01:00	16.84	16.84	16.84	16.84	3	3
2025-08-26  23:56:00	16.84	16.84	16.84	16.84	2	2
2025-08-26  23:41:00	16.85	16.85	16.85	16.85	1	1
2025-08-26  23:36:00	16.85	16.85	16.84	16.84	2	2
2025-08-26  23:16:00	16.85	16.85	16.85	16.85	2	2
2025-08-26  23:11:00	16.83	16.83	16.83	16.83	2	2
2025-08-26  22:56:00	16.84	16.84	16.84	16.84	2	2
2025-08-26  22:46:00	16.85	16.85	16.85	16.85	1	1
2025-08-26  22:41:00	16.80	16.80	16.80	16.80	1	1
2025-08-26  22:36:00	16.85	16.85	16.85	16.85	1	1
2025-08-26  22:26:00	16.85	16.85	16.85	16.85	1	1
2025-08-26  22:21:00	16.84	16.84	16.84	16.84	1	1
2025-08-26  22:11:00	16.85	16.85	16.85	16.85	2	2
2025-08-26  21:56:00	16.84	16.84	16.84	16.84	1	1
2025-08-26  21:46:00	16.85	16.85	16.85	16.85	1	1
2025-08-26  21:31:00	16.85	16.85	16.84	16.84	12	8
2025-08-26  21:21:00	16.85	16.85	16.85	16.85	3	1
2025-08-26  21:11:00	16.85	16.85	16.85	16.85	9	7
2025-08-26  21:06:00	16.86	16.86	16.85	16.85	23	11
2025-08-26  20:56:00	16.90	16.90	16.90	16.90	4	2
2025-08-26  20:46:00	16.90	16.90	16.90	16.90	2	2
2025-08-26  20:41:00	16.85	16.86	16.85	16.86	6	5
2025-08-26  20:36:00	16.90	16.90	16.85	16.85	3	3
2025-08-26  20:21:00	16.90	16.90	16.90	16.90	1	1
2025-08-26  20:16:00	16.85	16.85	16.85	16.85	32	11
2025-08-26  20:11:00	16.90	16.90	16.86	16.86	5	3
2025-08-26  20:06:00	16.86	16.86	16.86	16.86	1	1
2025-08-26  20:01:00	16.85	16.90	16.85	16.86	29	18
2025-08-26  19:56:00	16.84	16.84	16.84	16.84	1	1
2025-08-26  19:41:00	16.85	16.85	16.85	16.85	1	1
2025-08-26  19:36:00	16.85	16.85	16.85	16.85	2	2
2025-08-26  19:31:00	16.84	16.84	16.84	16.84	6	6
2025-08-26  19:26:00	16.85	16.85	16.85	16.85	1	1
2025-08-26  19:21:00	16.85	16.85	16.85	16.85	10	1
2025-08-26  18:56:00	16.85	16.85	16.85	16.85	1	1
2025-08-26  18:31:00	16.80	16.80	16.80	16.80	5	1
2025-08-26  18:21:00	16.85	16.85	16.80	16.80	2	2
2025-08-26  18:11:00	16.85	16.85	16.85	16.85	1	1
2025-08-26  18:06:00	16.84	16.85	16.84	16.85	104	19
2025-08-26  18:01:00	16.80	16.83	16.80	16.80	7	5
2025-08-26  17:56:00	16.85	16.85	16.80	16.80	3	3
2025-08-26  16:56:00	16.85	16.85	16.80	16.80	284	65
2025-08-26  16:51:00	16.84	16.85	16.84	16.85	3	2
2025-08-26  16:46:00	16.85	16.85	16.83	16.84	112	17
2025-08-26  16:41:00	16.85	16.85	16.83	16.83	6	3
2025-08-26  16:36:00	16.80	16.80	16.80	16.80	1	1
2025-08-26  16:31:00	16.85	16.85	16.80	16.80	51	7
2025-08-26  16:26:00	16.85	16.85	16.84	16.85	7	6
2025-08-26  16:21:00	16.85	16.90	16.84	16.85	192	21
2025-08-26  16:16:00	16.85	16.87	16.80	16.87	306	54
2025-08-26  16:11:00	16.83	16.85	16.80	16.85	403	95
2025-08-26  16:06:00	16.86	16.90	16.80	16.80	1826	182
2025-08-26  16:01:00	16.85	16.90	16.85	16.85	57	35
2025-08-26  16:00:00	16.90	16.90	16.90	16.90	367	37
2025-08-26  15:55:00	16.92	16.95	16.85	16.90	4859	976
2025-08-26  15:50:00	16.95	16.98	16.90	16.93	2425	378
2025-08-26  15:45:00	16.98	17.00	16.95	16.98	857	216
2025-08-26  15:40:00	16.93	17.00	16.90	17.00	1120	181
2025-08-26  15:35:00	16.92	16.95	16.90	16.90	347	95
2025-08-26  15:30:00	16.85	16.92	16.85	16.91	1447	229
2025-08-26  15:25:00	16.85	16.92	16.85	16.85	454	121
2025-08-26  15:20:00	16.90	16.95	16.85	16.90	1668	269
2025-08-26  15:15:00	16.92	16.95	16.90	16.92	246	92
2025-08-26  15:10:00	16.93	16.95	16.90	16.92	123	52
2025-08-26  15:05:00	16.90	16.98	16.90	16.92	1287	229
2025-08-26  15:00:00	16.90	16.93	16.90	16.91	335	107
2025-08-26  14:55:00	17.00	17.00	16.90	16.93	818	215
2025-08-26  14:50:00	16.95	17.00	16.95	16.95	518	176
2025-08-26  14:45:00	16.95	17.00	16.95	16.96	121	47
2025-08-26  14:40:00	17.00	17.00	16.95	16.95	116	76
2025-08-26  14:35:00	16.95	17.00	16.95	16.95	165	89
2025-08-26  14:30:00	16.95	17.00	16.95	16.95	380	121
2025-08-26  14:25:00	16.96	17.00	16.95	17.00	79	56
2025-08-26  14:20:00	16.95	17.00	16.95	16.95	186	53
2025-08-26  14:15:00	17.00	17.00	16.95	16.95	79	36
2025-08-26  14:10:00	17.00	17.00	16.95	16.98	144	58
2025-08-26  14:05:00	16.95	17.00	16.95	16.98	302	107
2025-08-26  14:00:00	17.05	17.05	16.99	16.99	334	75
2025-08-26  13:55:00	17.05	17.07	17.00	17.00	263	84
2025-08-26  13:50:00	17.00	17.07	17.00	17.05	203	92
2025-08-26  13:45:00	17.00	17.01	17.00	17.00	153	66
2025-08-26  13:40:00	16.98	17.05	16.95	16.99	556	161
2025-08-26  13:35:00	16.95	17.00	16.95	17.00	97	35
2025-08-26  13:30:00	16.90	17.00	16.90	16.95	273	103
2025-08-26  13:25:00	16.96	17.00	16.90	16.95	370	142
2025-08-26  13:20:00	16.95	17.00	16.95	16.96	104	35
2025-08-26  13:15:00	16.96	17.01	16.96	16.99	276	98
2025-08-26  13:10:00	16.95	17.03	16.95	16.96	625	182
2025-08-26  13:05:00	16.95	17.00	16.95	16.97	97	51
2025-08-26  13:00:00	16.95	17.00	16.94	16.97	173	77
2025-08-26  12:55:00	16.97	17.00	16.94	16.95	678	213
2025-08-26  12:50:00	16.97	17.00	16.95	16.95	124	65
2025-08-26  12:45:00	16.98	16.98	16.95	16.97	241	96
2025-08-26  12:40:00	16.96	17.00	16.94	16.96	232	119
2025-08-26  12:35:00	16.96	17.00	16.95	17.00	93	64
2025-08-26  12:30:00	16.95	17.00	16.95	16.95	131	84
2025-08-26  12:25:00	16.95	17.00	16.95	16.95	340	114
2025-08-26  12:20:00	16.95	17.00	16.94	16.95	245	94
2025-08-26  12:15:00	16.96	17.00	16.95	16.97	177	72
2025-08-26  12:10:00	17.00	17.00	16.95	16.95	160	75
2025-08-26  12:05:00	17.00	17.05	16.97	17.02	581	167
2025-08-26  12:00:00	17.00	17.05	16.95	16.95	406	135
2025-08-26  11:55:00	17.00	17.05	17.00	17.00	84	35
2025-08-26  11:50:00	17.05	17.05	17.00	17.04	296	108
2025-08-26  11:45:00	17.00	17.10	17.00	17.04	431	115
2025-08-26  11:40:00	17.00	17.05	17.00	17.05	62	41
2025-08-26  11:35:00	17.05	17.05	16.98	17.03	373	100
2025-08-26  11:30:00	17.05	17.05	17.00	17.05	45	25
2025-08-26  11:25:00	17.00	17.05	16.95	17.03	306	109
2025-08-26  11:20:00	17.00	17.02	16.95	16.98	228	85
2025-08-26  11:15:00	16.95	17.07	16.95	17.00	678	161
2025-08-26  11:10:00	16.95	17.03	16.95	16.98	732	237
2025-08-26  11:05:00	16.95	17.00	16.95	16.95	239	88
2025-08-26  11:00:00	16.95	17.00	16.95	17.00	130	77
2025-08-26  10:55:00	16.94	16.98	16.90	16.98	689	267
2025-08-26  10:50:00	16.90	16.95	16.90	16.90	180	70
2025-08-26  10:45:00	16.94	16.96	16.90	16.92	696	178
2025-08-26  10:40:00	17.00	17.05	16.90	16.95	747	324
2025-08-26  10:35:00	16.99	17.00	16.95	17.00	813	267
2025-08-26  10:30:00	16.98	17.00	16.94	16.98	915	318
2025-08-26  10:25:00	16.95	17.00	16.90	17.00	487	221
2025-08-26  10:20:00	17.00	17.01	16.90	16.90	1656	484
2025-08-26  10:15:00	17.00	17.05	16.95	17.01	546	244
2025-08-26  10:10:00	17.05	17.05	16.98	17.00	1431	447
2025-08-26  10:05:00	17.00	17.05	16.95	17.05	650	187
2025-08-26  10:00:00	17.10	17.10	16.98	17.00	1090	358
2025-08-26  09:55:00	17.10	17.15	17.05	17.07	525	165
2025-08-26  09:50:00	17.15	17.17	17.05	17.09	1167	266
2025-08-26  09:45:00	17.05	17.20	17.05	17.20	1410	259
2025-08-26  09:40:00	17.15	17.16	17.07	17.08	500	142
2025-08-26  09:35:00	17.13	17.20	17.10	17.15	503	161
2025-08-26  09:30:00	17.15	17.20	17.05	17.10	2021	451
2025-08-26  09:26:00	17.20	17.20	17.15	17.20	36	23
2025-08-26  09:21:00	17.20	17.20	17.15	17.20	24	19
2025-08-26  09:16:00	17.20	17.20	17.15	17.15	96	51
2025-08-26  09:11:00	17.20	17.20	17.17	17.18	25	14
2025-08-26  09:06:00	17.20	17.20	17.17	17.20	117	62
2025-08-26  09:01:00	17.15	17.20	17.15	17.20	23	11
2025-08-26  08:56:00	17.15	17.18	17.15	17.15	14	13
2025-08-26  08:51:00	17.18	17.18	17.15	17.15	85	28
2025-08-26  08:46:00	17.20	17.20	17.15	17.15	13	8
2025-08-26  08:41:00	17.18	17.20	17.18	17.20	4	3
2025-08-26  08:36:00	17.20	17.20	17.15	17.20	168	73
2025-08-26  08:31:00	17.20	17.20	17.15	17.20	269	73
2025-08-26  08:26:00	17.20	17.25	17.19	17.20	46	29
2025-08-26  08:21:00	17.21	17.21	17.19	17.20	142	54
2025-08-26  08:16:00	17.21	17.21	17.21	17.21	8	7
2025-08-26  08:11:00	17.21	17.25	17.21	17.25	28	7
2025-08-26  08:06:00	17.20	17.20	17.20	17.20	80	8
2025-08-26  08:01:00	17.20	17.25	17.15	17.20	87	39
2025-08-26  07:56:00	17.20	17.22	17.15	17.20	229	109
2025-08-26  07:51:00	17.20	17.25	17.20	17.20	45	28
2025-08-26  07:46:00	17.25	17.29	17.22	17.23	408	96
2025-08-26  07:41:00	17.25	17.25	17.25	17.25	10	3
2025-08-26  07:36:00	17.20	17.21	17.20	17.21	17	6
2025-08-26  07:31:00	17.20	17.25	17.19	17.21	50	22
2025-08-26  07:26:00	17.20	17.20	17.19	17.20	12	9
2025-08-26  07:21:00	17.20	17.20	17.19	17.19	18	9
2025-08-26  07:16:00	17.20	17.20	17.20	17.20	91	42
2025-08-26  07:11:00	17.15	17.18	17.15	17.16	15	8
2025-08-26  07:06:00	17.20	17.20	17.15	17.15	4	4
2025-08-26  07:01:00	17.15	17.20	17.15	17.20	2	2
2025-08-26  06:56:00	17.15	17.15	17.15	17.15	21	11
2025-08-26  06:51:00	17.15	17.20	17.15	17.15	24	21
2025-08-26  06:46:00	17.15	17.15	17.15	17.15	11	9
2025-08-26  06:41:00	17.15	17.20	17.13	17.15	45	27
2025-08-26  06:36:00	17.15	17.15	17.12	17.13	65	24
2025-08-26  06:31:00	17.15	17.20	17.15	17.15	78	33
2025-08-26  06:26:00	17.15	17.17	17.10	17.15	295	87
2025-08-26  06:16:00	17.20	17.20	17.20	17.20	2	2
2025-08-26  06:06:00	17.25	17.25	17.15	17.15	180	56
2025-08-26  06:01:00	17.25	17.25	17.20	17.20	21	8
2025-08-26  05:56:00	17.27	17.27	17.23	17.23	79	28
2025-08-26  05:51:00	17.27	17.30	17.27	17.30	15	6
2025-08-26  05:46:00	17.27	17.27	17.27	17.27	12	7
2025-08-26  05:41:00	17.30	17.30	17.26	17.30	27	16
2025-08-26  05:36:00	17.24	17.30	17.20	17.30	52	33
2025-08-26  05:31:00	17.24	17.25	17.20	17.23	50	20
2025-08-26  05:26:00	17.24	17.24	17.23	17.24	27	18
2025-08-26  05:21:00	17.23	17.24	17.23	17.24	22	12
2025-08-26  05:16:00	17.25	17.25	17.22	17.22	132	46
2025-08-26  05:11:00	17.30	17.30	17.30	17.30	3	2
2025-08-26  05:06:00	17.30	17.30	17.30	17.30	1	1
2025-08-26  05:01:00	17.35	17.37	17.30	17.30	148	55
2025-08-26  04:56:00	17.33	17.35	17.33	17.35	87	36
2025-08-26  04:51:00	17.33	17.34	17.33	17.34	34	17
2025-08-26  04:46:00	17.35	17.39	17.32	17.33	75	42
2025-08-26  04:41:00	17.35	17.39	17.35	17.37	64	40
2025-08-26  04:36:00	17.34	17.35	17.34	17.35	83	55
2025-08-26  04:31:00	17.30	17.35	17.28	17.30	106	56
2025-08-26  04:26:00	17.30	17.34	17.30	17.34	14	6
2025-08-26  04:21:00	17.35	17.36	17.35	17.35	23	16
2025-08-26  04:16:00	17.30	17.35	17.30	17.35	44	18
2025-08-26  04:11:00	17.31	17.31	17.30	17.30	27	19
2025-08-26  04:06:00	17.31	17.31	17.30	17.30	14	8
2025-08-26  04:01:00	17.35	17.35	17.31	17.31	157	77
2025-08-26  03:56:00	17.40	17.40	17.35	17.35	17	12
2025-08-26  03:51:00	17.40	17.40	17.35	17.35	54	34
2025-08-26  03:46:00	17.40	17.45	17.35	17.45	85	47
2025-08-26  03:41:00	17.35	17.37	17.30	17.37	58	17
2025-08-26  03:36:00	17.30	17.35	17.30	17.30	52	17
2025-08-26  03:31:00	17.40	17.40	17.30	17.30	491	124
2025-08-26  03:26:00	17.45	17.45	17.40	17.45	88	52
2025-08-26  03:21:00	17.40	17.45	17.35	17.45	224	74
2025-08-26  03:16:00	17.40	17.40	17.35	17.40	96	45
2025-08-26  03:11:00	17.35	17.41	17.30	17.35	239	121
2025-08-26  03:06:00	17.30	17.36	17.30	17.34	181	91
2025-08-26  03:01:00	17.30	17.30	17.25	17.25	55	28
2025-08-26  02:56:00	17.25	17.26	17.23	17.26	135	65
2025-08-26  02:51:00	17.20	17.25	17.18	17.25	77	20
2025-08-26  02:46:00	17.20	17.20	17.15	17.15	70	21
2025-08-26  02:41:00	17.15	17.20	17.15	17.20	155	56
2025-08-26  02:36:00	17.21	17.25	17.15	17.15	88	35
2025-08-26  02:31:00	17.25	17.25	17.25	17.25	1	1
2025-08-26  02:26:00	17.20	17.25	17.20	17.25	48	28
2025-08-26  02:21:00	17.20	17.20	17.20	17.20	109	44
2025-08-26  02:16:00	17.15	17.20	17.15	17.19	140	37
2025-08-26  02:11:00	17.15	17.17	17.10	17.10	119	45
2025-08-26  01:56:00	17.10	17.11	17.10	17.11	39	13
2025-08-26  01:46:00	17.10	17.10	17.10	17.10	8	4
2025-08-26  01:41:00	17.10	17.10	17.10	17.10	5	2
2025-08-26  01:36:00	17.10	17.11	17.10	17.10	22	8
2025-08-26  01:31:00	17.10	17.10	17.06	17.06	223	61
2025-08-26  01:26:00	17.10	17.15	17.10	17.15	2	2
2025-08-26  01:21:00	17.15	17.15	17.15	17.15	9	5
2025-08-26  01:16:00	17.12	17.12	17.12	17.12	2	2
2025-08-26  01:06:00	17.12	17.12	17.12	17.12	5	2
2025-08-26  01:01:00	17.12	17.12	17.12	17.12	3	3
2025-08-26  00:56:00	17.15	17.15	17.11	17.11	3	3
2025-08-26  00:51:00	17.15	17.15	17.15	17.15	11	6
2025-08-26  00:46:00	17.15	17.15	17.12	17.12	21	10
2025-08-26  00:41:00	17.15	17.15	17.15	17.15	32	10
2025-08-26  00:31:00	17.15	17.15	17.15	17.15	68	18
2025-08-26  00:26:00	17.15	17.15	17.15	17.15	30	3
2025-08-26  00:21:00	17.15	17.15	17.15	17.15	2	1
2025-08-26  00:11:00	17.15	17.15	17.15	17.15	1	1
2025-08-26  00:01:00	17.15	17.15	17.15	17.15	2	2
2025-08-25  23:46:00	17.15	17.15	17.15	17.15	1	1
2025-08-25  23:36:00	17.10	17.15	17.10	17.15	2	2
2025-08-25  23:31:00	17.15	17.15	17.15	17.15	1	1
2025-08-25  23:26:00	17.15	17.15	17.15	17.15	1	1
2025-08-25  23:21:00	17.15	17.15	17.15	17.15	1	1
2025-08-25  23:16:00	17.20	17.20	17.11	17.15	95	29
2025-08-25  23:06:00	17.15	17.20	17.15	17.20	4	3
2025-08-25  22:46:00	17.15	17.16	17.15	17.16	3	3
2025-08-25  22:41:00	17.15	17.15	17.15	17.15	22	12
2025-08-25  22:36:00	17.20	17.20	17.15	17.15	10	3
2025-08-25  22:31:00	17.20	17.20	17.20	17.20	10	7
2025-08-25  22:26:00	17.15	17.15	17.15	17.15	2	2
2025-08-25  22:16:00	17.17	17.17	17.17	17.17	5	2
2025-08-25  22:11:00	17.18	17.18	17.15	17.15	35	17
2025-08-25  22:01:00	17.20	17.20	17.15	17.15	70	23
2025-08-25  21:56:00	17.20	17.20	17.20	17.20	28	18
2025-08-25  21:51:00	17.20	17.25	17.17	17.20	58	34
2025-08-25  21:46:00	17.20	17.20	17.18	17.20	86	25
2025-08-25  21:36:00	17.17	17.20	17.17	17.20	36	21
2025-08-25  21:31:00	17.10	17.15	17.10	17.15	15	8
2025-08-25  21:26:00	17.15	17.15	17.15	17.15	44	17
2025-08-25  21:21:00	17.15	17.15	17.15	17.15	24	10
2025-08-25  21:16:00	17.15	17.15	17.12	17.15	91	45
2025-08-25  21:11:00	17.15	17.15	17.15	17.15	3	3
2025-08-25  21:06:00	17.15	17.20	17.15	17.20	5	3
2025-08-25  21:01:00	17.30	17.31	17.15	17.15	376	95
2025-08-25  20:56:00	17.35	17.35	17.28	17.30	174	62
2025-08-25  20:51:00	17.35	17.35	17.35	17.35	199	48
2025-08-25  20:46:00	17.30	17.40	17.28	17.35	494	162
2025-08-25  20:41:00	17.27	17.40	17.27	17.30	192	97
2025-08-25  20:36:00	17.15	17.30	17.15	17.27	515	135
2025-08-25  20:31:00	17.10	17.20	17.10	17.15	455	192
2025-08-25  20:26:00	17.10	17.10	17.06	17.06	55	17
2025-08-25  20:21:00	17.05	17.07	17.05	17.07	13	10
2025-08-25  20:16:00	17.00	17.05	17.00	17.01	73	34
2025-08-25  20:11:00	17.05	17.10	16.99	17.00	180	76
2025-08-25  20:06:00	17.05	17.05	17.01	17.01	53	32
2025-08-25  20:01:00	17.00	17.13	17.00	17.05	198	62
2025-08-25  19:56:00	17.02	17.03	17.02	17.03	3	3
2025-08-25  19:51:00	17.05	17.05	17.05	17.05	25	20
2025-08-25  19:41:00	17.01	17.01	17.01	17.01	3	3
2025-08-25  19:16:00	17.03	17.03	17.00	17.00	5	3
2025-08-25  19:11:00	17.05	17.05	17.05	17.05	1	1
2025-08-25  19:06:00	17.00	17.00	17.00	17.00	25	2
2025-08-25  19:01:00	17.00	17.02	17.00	17.02	30	4
2025-08-25  18:51:00	17.05	17.05	17.02	17.02	3	3
2025-08-25  18:36:00	17.05	17.05	17.05	17.05	2	2
2025-08-25  18:31:00	17.05	17.05	17.05	17.05	8	3
2025-08-25  18:26:00	17.05	17.05	17.05	17.05	7	1
2025-08-25  18:21:00	17.00	17.05	17.00	17.05	5	2
2025-08-25  18:16:00	17.05	17.05	17.05	17.05	10	1
2025-08-25  18:06:00	17.05	17.05	17.04	17.05	18	5
2025-08-25  18:01:00	17.05	17.10	17.04	17.05	70	26
2025-08-25  17:56:00	17.05	17.10	17.05	17.10	84	20
2025-08-25  16:56:00	17.05	17.10	17.00	17.04	156	48
2025-08-25  16:51:00	17.06	17.07	17.00	17.00	158	31
2025-08-25  16:46:00	17.05	17.07	17.05	17.07	475	46
2025-08-25  16:41:00	17.05	17.05	17.00	17.00	21	14
2025-08-25  16:36:00	17.00	17.01	17.00	17.01	8	3
2025-08-25  16:31:00	17.02	17.02	17.02	17.02	3	1
2025-08-25  16:26:00	17.02	17.05	17.01	17.05	17	5
2025-08-25  16:21:00	17.05	17.06	17.00	17.05	84	20
2025-08-25  16:16:00	17.05	17.10	17.04	17.04	94	40
2025-08-25  16:11:00	17.05	17.10	17.05	17.06	525	97
2025-08-25  16:06:00	17.01	17.05	17.00	17.00	290	45
2025-08-25  16:01:00	17.05	17.05	17.00	17.00	1394	156
2025-08-25  16:00:00	17.00	17.00	17.00	17.00	1	1
2025-08-25  15:55:00	16.95	17.10	16.95	17.00	8925	1375
2025-08-25  15:50:00	16.99	17.01	16.95	16.95	1050	263
2025-08-25  15:45:00	16.95	17.05	16.95	16.99	2287	366
2025-08-25  15:40:00	16.96	17.00	16.95	17.00	384	107
2025-08-25  15:35:00	17.01	17.05	16.95	16.95	1958	363
2025-08-25  15:30:00	16.97	17.05	16.95	17.01	697	171
2025-08-25  15:25:00	16.97	17.00	16.95	17.00	369	139
2025-08-25  15:20:00	16.98	17.00	16.95	16.98	364	120
2025-08-25  15:15:00	17.00	17.01	16.97	16.98	1360	323
2025-08-25  15:10:00	16.98	16.98	16.95	16.98	174	76
2025-08-25  15:05:00	16.99	17.00	16.92	16.95	771	216
2025-08-25  15:00:00	16.95	17.01	16.95	16.98	538	195
2025-08-25  14:55:00	16.95	17.00	16.95	17.00	87	71
2025-08-25  14:50:00	16.96	17.00	16.95	16.97	92	43
2025-08-25  14:45:00	17.00	17.00	16.95	16.97	134	61
2025-08-25  14:40:00	16.95	17.00	16.95	16.95	215	78
2025-08-25  14:35:00	16.99	17.00	16.95	17.00	133	73
2025-08-25  14:30:00	17.00	17.05	16.95	16.99	305	116
2025-08-25  14:25:00	17.01	17.01	16.99	17.00	234	105
2025-08-25  14:20:00	17.00	17.05	16.95	17.00	436	140
2025-08-25  14:15:00	16.96	17.00	16.95	16.96	53	41
2025-08-25  14:10:00	16.97	17.00	16.95	16.95	108	70
2025-08-25  14:05:00	16.98	17.00	16.95	16.95	74	46
2025-08-25  14:00:00	16.95	17.05	16.95	16.95	645	180
2025-08-25  13:55:00	16.95	17.00	16.95	16.95	131	89
2025-08-25  13:50:00	16.95	17.00	16.95	16.96	97	58
2025-08-25  13:45:00	17.00	17.05	16.95	16.99	120	61
2025-08-25  13:40:00	17.05	17.10	17.00	17.00	784	144
2025-08-25  13:35:00	17.00	17.05	17.00	17.03	169	41
2025-08-25  13:30:00	17.00	17.05	16.98	17.00	436	110
2025-08-25  13:25:00	17.00	17.05	16.98	17.00	263	89
2025-08-25  13:20:00	17.00	17.00	16.95	16.95	32	21
2025-08-25  13:15:00	16.95	17.00	16.95	16.95	152	46
2025-08-25  13:10:00	16.95	17.00	16.95	16.98	111	41
2025-08-25  13:05:00	17.00	17.00	16.95	16.95	342	84
2025-08-25  13:00:00	17.00	17.01	16.95	17.00	567	113
2025-08-25  12:55:00	16.96	16.98	16.95	16.95	893	193
2025-08-25  12:50:00	16.95	16.97	16.95	16.95	45	26
2025-08-25  12:45:00	16.95	17.00	16.90	16.97	1297	284
2025-08-25  12:40:00	16.95	17.00	16.95	16.98	356	111
2025-08-25  12:35:00	17.00	17.00	16.95	16.95	105	61
2025-08-25  12:30:00	16.98	17.00	16.95	16.98	91	32
2025-08-25  12:25:00	16.95	17.00	16.95	16.95	30	21
2025-08-25  12:20:00	16.95	17.00	16.95	16.95	81	30
2025-08-25  12:15:00	17.01	17.01	16.95	16.95	679	99
2025-08-25  12:10:00	17.01	17.05	17.00	17.00	102	50
2025-08-25  12:05:00	17.00	17.05	17.00	17.00	65	30
2025-08-25  12:00:00	17.00	17.05	17.00	17.00	138	33
2025-08-25  11:55:00	17.05	17.05	17.00	17.00	112	53
2025-08-25  11:50:00	17.05	17.07	17.00	17.05	249	99
2025-08-25  11:45:00	17.02	17.05	17.00	17.05	507	133
2025-08-25  11:40:00	17.00	17.10	17.00	17.00	1561	385
2025-08-25  11:35:00	17.03	17.05	17.00	17.05	169	63
2025-08-25  11:30:00	17.00	17.05	16.95	17.05	1145	232
2025-08-25  11:25:00	16.97	17.00	16.95	17.00	358	116
2025-08-25  11:20:00	17.00	17.00	16.95	17.00	321	114
2025-08-25  11:15:00	17.00	17.00	16.95	17.00	310	143
2025-08-25  11:10:00	16.99	17.05	16.95	17.00	452	178
2025-08-25  11:05:00	16.99	17.05	16.95	16.99	289	103
2025-08-25  11:00:00	16.99	17.05	16.95	16.95	380	166
2025-08-25  10:55:00	17.00	17.05	16.95	16.95	260	95
2025-08-25  10:50:00	17.00	17.05	16.95	17.00	574	184
2025-08-25  10:45:00	17.04	17.05	16.95	16.95	363	125
2025-08-25  10:40:00	17.03	17.10	17.00	17.05	632	153
2025-08-25  10:35:00	17.01	17.05	17.00	17.03	874	301
2025-08-25  10:30:00	17.05	17.10	17.00	17.05	1220	420
2025-08-25  10:25:00	17.05	17.10	17.00	17.05	628	237
2025-08-25  10:20:00	17.05	17.10	17.00	17.05	1259	445
2025-08-25  10:15:00	17.15	17.15	17.05	17.05	1012	311
2025-08-25  10:10:00	17.15	17.21	17.10	17.20	1278	369
2025-08-25  10:05:00	17.10	17.15	17.05	17.11	611	275
2025-08-25  10:00:00	17.15	17.21	17.10	17.11	1103	322
2025-08-25  09:55:00	17.25	17.25	17.15	17.15	370	130
2025-08-25  09:50:00	17.25	17.30	17.20	17.20	1032	223
2025-08-25  09:45:00	17.20	17.25	17.17	17.22	1193	339
2025-08-25  09:40:00	17.20	17.25	17.15	17.16	876	264
2025-08-25  09:35:00	17.25	17.25	17.15	17.25	1078	303
2025-08-25  09:30:00	17.20	17.31	17.15	17.25	1688	541
2025-08-25  09:26:00	17.23	17.25	17.20	17.25	97	33
2025-08-25  09:21:00	17.25	17.25	17.20	17.25	7	6
2025-08-25  09:16:00	17.23	17.25	17.23	17.25	6	5
2025-08-25  09:11:00	17.20	17.24	17.20	17.24	71	20
2025-08-25  09:06:00	17.25	17.30	17.23	17.25	134	75
2025-08-25  09:01:00	17.30	17.30	17.20	17.25	88	38
2025-08-25  08:56:00	17.25	17.30	17.25	17.30	25	19
2025-08-25  08:51:00	17.25	17.30	17.25	17.30	28	21
2025-08-25  08:46:00	17.25	17.30	17.25	17.30	26	16
2025-08-25  08:41:00	17.25	17.25	17.25	17.25	2	1
2025-08-25  08:36:00	17.32	17.32	17.26	17.26	153	75
2025-08-25  08:31:00	17.35	17.35	17.30	17.30	87	39
2025-08-25  08:26:00	17.30	17.35	17.30	17.30	74	34
2025-08-25  08:21:00	17.35	17.35	17.32	17.35	13	8
2025-08-25  08:16:00	17.33	17.33	17.30	17.30	3	3
2025-08-25  08:11:00	17.30	17.35	17.25	17.30	363	85
2025-08-25  08:06:00	17.20	17.30	17.20	17.27	719	182
2025-08-25  08:01:00	17.18	17.20	17.17	17.20	145	47
2025-08-25  07:56:00	17.20	17.20	17.20	17.20	1	1
2025-08-25  07:46:00	17.20	17.20	17.18	17.18	2	2
2025-08-25  07:41:00	17.20	17.20	17.15	17.15	2	2
2025-08-25  07:31:00	17.20	17.20	17.20	17.20	3	3
2025-08-25  07:26:00	17.20	17.20	17.15	17.15	10	8
2025-08-25  07:21:00	17.20	17.20	17.15	17.15	44	30
2025-08-25  07:06:00	17.20	17.20	17.20	17.20	87	23
2025-08-25  07:01:00	17.20	17.23	17.20	17.20	20	8
2025-08-25  06:56:00	17.20	17.23	17.20	17.23	4	3
2025-08-25  06:51:00	17.25	17.25	17.25	17.25	11	4
2025-08-25  06:46:00	17.25	17.25	17.25	17.25	2	1
2025-08-25  06:41:00	17.25	17.25	17.25	17.25	2	2
2025-08-25  06:36:00	17.25	17.25	17.25	17.25	1	1
2025-08-25  06:31:00	17.25	17.26	17.25	17.25	62	22
2025-08-25  06:26:00	17.30	17.30	17.25	17.25	84	30
2025-08-25  06:21:00	17.25	17.30	17.22	17.26	166	68
2025-08-25  06:16:00	17.26	17.26	17.25	17.25	23	13
2025-08-25  06:11:00	17.25	17.27	17.21	17.25	159	49
2025-08-25  06:06:00	17.30	17.30	17.23	17.30	28	5
2025-08-25  06:01:00	17.25	17.30	17.25	17.25	22	15
2025-08-25  05:56:00	17.28	17.28	17.20	17.25	93	31
2025-08-25  05:46:00	17.25	17.30	17.25	17.30	3	3
2025-08-25  05:41:00	17.21	17.30	17.21	17.25	126	35
2025-08-25  05:36:00	17.25	17.25	17.25	17.25	37	11
2025-08-25  05:31:00	17.30	17.30	17.25	17.25	69	27
2025-08-25  05:26:00	17.30	17.30	17.25	17.30	15	7
2025-08-25  05:21:00	17.25	17.25	17.22	17.25	168	39
2025-08-25  05:16:00	17.20	17.25	17.20	17.22	21	11
2025-08-25  05:11:00	17.20	17.25	17.20	17.25	91	56
2025-08-25  05:06:00	17.20	17.20	17.15	17.20	48	27
2025-08-25  05:01:00	17.20	17.20	17.20	17.20	22	10
2025-08-25  04:56:00	17.20	17.20	17.15	17.18	25	16
2025-08-25  04:51:00	17.20	17.20	17.20	17.20	1	1
2025-08-25  04:46:00	17.20	17.20	17.15	17.18	128	47
2025-08-25  04:41:00	17.20	17.20	17.15	17.15	3	3
2025-08-25  04:36:00	17.20	17.20	17.15	17.20	3	3
2025-08-25  04:31:00	17.20	17.20	17.20	17.20	2	2
2025-08-25  04:26:00	17.15	17.16	17.15	17.16	3	3
2025-08-25  04:21:00	17.20	17.20	17.15	17.15	26	15
2025-08-25  04:16:00	17.15	17.25	17.15	17.20	128	40
2025-08-25  04:11:00	17.18	17.20	17.15	17.20	9	9
2025-08-25  04:06:00	17.15	17.15	17.15	17.15	13	5
2025-08-25  04:01:00	17.20	17.20	17.20	17.20	2	2
2025-08-25  03:56:00	17.20	17.20	17.20	17.20	2	1
2025-08-25  03:51:00	17.20	17.20	17.15	17.15	2	2
2025-08-25  03:41:00	17.15	17.20	17.15	17.17	9	6
2025-08-25  03:36:00	17.15	17.20	17.15	17.15	17	6
2025-08-25  03:31:00	17.20	17.20	17.15	17.15	2	2
2025-08-25  03:26:00	17.20	17.20	17.15	17.15	7	6
2025-08-25  03:21:00	17.20	17.20	17.18	17.18	12	5
2025-08-25  03:16:00	17.20	17.20	17.15	17.15	4	3
2025-08-25  03:11:00	17.15	17.20	17.15	17.20	5	5
2025-08-25  03:06:00	17.20	17.20	17.15	17.20	68	29
2025-08-25  03:01:00	17.20	17.20	17.16	17.20	67	18
2025-08-25  02:56:00	17.15	17.15	17.11	17.15	54	21
2025-08-25  02:51:00	17.20	17.20	17.10	17.10	37	26
2025-08-25  02:46:00	17.15	17.20	17.15	17.20	23	20
2025-08-25  02:41:00	17.15	17.15	17.15	17.15	15	6
2025-08-25  02:36:00	17.10	17.15	17.07	17.15	380	116
2025-08-25  02:31:00	17.10	17.10	17.10	17.10	17	17
2025-08-25  02:26:00	17.10	17.10	17.10	17.10	48	24
2025-08-25  02:21:00	17.06	17.10	17.06	17.10	15	15
2025-08-25  02:16:00	17.05	17.06	17.05	17.06	118	39
2025-08-25  02:11:00	17.05	17.05	17.05	17.05	11	4
2025-08-25  02:06:00	17.00	17.05	17.00	17.05	24	5
2025-08-25  02:01:00	17.00	17.00	16.95	17.00	70	30
2025-08-25  01:56:00	17.05	17.05	16.95	17.00	142	42
2025-08-25  01:51:00	17.00	17.00	17.00	17.00	2	2
2025-08-25  01:46:00	17.05	17.05	17.05	17.05	1	1
2025-08-25  01:41:00	17.05	17.05	17.05	17.05	2	1
2025-08-25  01:31:00	17.05	17.05	17.05	17.05	1	1
2025-08-25  01:21:00	17.00	17.00	17.00	17.00	31	5
2025-08-25  01:11:00	17.05	17.05	17.00	17.00	12	5
2025-08-25  01:06:00	17.05	17.05	17.04	17.05	31	20
2025-08-25  00:51:00	17.05	17.05	17.05	17.05	15	4
2025-08-25  00:31:00	17.05	17.05	17.05	17.05	2	2
2025-08-25  00:16:00	17.05	17.05	17.05	17.05	6	4
2025-08-25  00:11:00	17.10	17.10	17.05	17.05	191	57
2025-08-25  00:06:00	17.12	17.12	17.12	17.12	1	1
2025-08-24  23:56:00	17.15	17.15	17.15	17.15	1	1
2025-08-24  23:51:00	17.10	17.10	17.10	17.10	30	14
2025-08-24  23:46:00	17.11	17.11	17.11	17.11	1	1
2025-08-24  23:36:00	17.10	17.15	17.10	17.15	2	2
2025-08-24  23:31:00	17.15	17.15	17.15	17.15	2	1
2025-08-24  23:26:00	17.15	17.15	17.15	17.15	1	1
2025-08-24  23:21:00	17.10	17.15	17.10	17.15	4	2
2025-08-24  23:06:00	17.15	17.15	17.15	17.15	1	1
2025-08-24  23:01:00	17.11	17.11	17.11	17.11	2	1
2025-08-24  22:56:00	17.15	17.15	17.15	17.15	1	1
2025-08-24  22:36:00	17.10	17.15	17.10	17.10	96	24
2025-08-24  22:31:00	17.10	17.10	17.10	17.10	161	51
2025-08-24  22:26:00	17.15	17.15	17.12	17.12	2	2
2025-08-24  22:11:00	17.15	17.15	17.10	17.10	5	3
2025-08-24  22:06:00	17.15	17.15	17.15	17.15	1	1
2025-08-24  21:56:00	17.15	17.15	17.15	17.15	3	3
2025-08-24  21:46:00	17.10	17.15	17.10	17.15	3	3
2025-08-24  21:41:00	17.11	17.11	17.10	17.10	2	2
2025-08-24  21:36:00	17.10	17.15	17.10	17.15	80	22
2025-08-24  21:31:00	17.08	17.10	17.08	17.10	4	2
2025-08-24  21:26:00	17.10	17.10	17.10	17.10	13	5
2025-08-24  21:16:00	17.10	17.10	17.10	17.10	1	1
2025-08-24  21:11:00	17.05	17.10	17.05	17.10	2	2
2025-08-24  21:06:00	17.05	17.05	17.05	17.05	45	14
2025-08-24  21:01:00	17.05	17.05	17.05	17.05	35	5
2025-08-24  20:56:00	17.05	17.05	17.00	17.05	4	4
2025-08-24  20:51:00	17.05	17.05	17.05	17.05	2	2
2025-08-24  20:41:00	17.05	17.05	17.05	17.05	3	2
2025-08-24  20:36:00	17.05	17.05	17.05	17.05	12	4
2025-08-24  20:31:00	17.05	17.05	17.05	17.05	37	13
2025-08-24  20:26:00	17.05	17.05	17.05	17.05	1	1
2025-08-24  20:21:00	17.05	17.05	17.05	17.05	34	23
2025-08-24  20:16:00	17.05	17.05	17.00	17.05	78	49
2025-08-24  20:11:00	17.00	17.00	16.97	16.99	56	34
2025-08-24  20:06:00	17.00	17.00	16.95	17.00	12	9
2025-08-24  20:01:00	16.96	17.00	16.95	17.00	23	12
2025-08-24  19:56:00	17.00	17.00	16.95	16.95	22	15
2025-08-24  19:46:00	16.95	16.95	16.95	16.95	5	5
2025-08-24  19:41:00	16.96	16.96	16.95	16.95	3	3
2025-08-24  19:36:00	17.00	17.00	16.95	16.95	10	9
2025-08-24  19:31:00	17.00	17.02	17.00	17.01	21	8
2025-08-24  19:21:00	17.05	17.05	17.05	17.05	1	1
2025-08-24  19:16:00	17.05	17.05	17.05	17.05	1	1
2025-08-24  19:11:00	17.00	17.00	17.00	17.00	5	2
2025-08-24  19:06:00	17.05	17.05	17.05	17.05	30	10
2025-08-24  19:01:00	17.10	17.10	17.10	17.10	1	1
2025-08-24  18:56:00	17.05	17.05	17.05	17.05	1	1
2025-08-24  18:51:00	17.05	17.08	17.05	17.05	19	7
2025-08-24  18:46:00	17.08	17.08	17.05	17.05	3	3
2025-08-24  18:41:00	17.05	17.10	17.05	17.10	2	2
2025-08-24  18:36:00	17.05	17.05	17.05	17.05	2	1
2025-08-24  18:31:00	17.10	17.10	17.10	17.10	3	1
2025-08-24  18:21:00	17.05	17.05	17.05	17.05	24	3
2025-08-24  18:16:00	17.05	17.05	17.04	17.05	49	8
2025-08-24  18:11:00	17.05	17.10	17.02	17.10	14	8
2025-08-24  18:06:00	17.02	17.05	17.02	17.05	7	5
2025-08-24  18:01:00	16.95	17.02	16.95	17.02	95	20
2025-08-24  17:56:00	16.95	17.00	16.95	17.00	18	16
2025-08-22  16:56:00	16.95	17.05	16.95	17.05	399	70
2025-08-22  16:51:00	16.95	17.00	16.95	16.95	102	46
2025-08-22  16:46:00	17.00	17.00	16.95	17.00	257	40
2025-08-22  16:41:00	17.00	17.05	17.00	17.00	540	52
2025-08-22  16:36:00	17.00	17.00	17.00	17.00	16	5
2025-08-22  16:31:00	16.95	17.00	16.95	16.97	38	3
2025-08-22  16:26:00	16.95	17.00	16.95	16.98	217	29
2025-08-22  16:21:00	17.00	17.00	16.95	16.95	26	16
2025-08-22  16:16:00	17.00	17.00	16.95	17.00	84	19
2025-08-22  16:11:00	16.95	17.00	16.95	16.95	334	54
2025-08-22  16:06:00	16.95	17.01	16.95	17.00	2307	189
2025-08-22  16:01:00	17.00	17.00	16.95	17.00	1013	169
2025-08-22  16:00:00	16.95	17.00	16.95	17.00	23	4
2025-08-22  15:55:00	17.00	17.10	16.95	16.95	10416	1387
2025-08-22  15:50:00	17.06	17.10	17.00	17.05	4117	676
2025-08-22  15:45:00	17.15	17.15	17.05	17.05	1496	313
2025-08-22  15:40:00	17.20	17.21	17.10	17.10	2097	384
2025-08-22  15:35:00	17.20	17.25	17.15	17.20	2061	283
2025-08-22  15:30:00	17.15	17.25	17.10	17.21	4183	602
2025-08-22  15:25:00	17.12	17.20	17.10	17.20	966	189
2025-08-22  15:20:00	17.15	17.20	17.10	17.12	861	248
2025-08-22  15:15:00	17.15	17.20	17.15	17.16	651	185
2025-08-22  15:10:00	17.16	17.20	17.15	17.15	836	218
2025-08-22  15:05:00	17.15	17.20	17.15	17.15	439	189
2025-08-22  15:00:00	17.15	17.20	17.15	17.16	417	179
2025-08-22  14:55:00	17.10	17.20	17.10	17.15	1286	288
2025-08-22  14:50:00	17.10	17.15	17.10	17.10	270	73
2025-08-22  14:45:00	17.10	17.15	17.10	17.13	191	79
2025-08-22  14:40:00	17.15	17.20	17.10	17.10	1371	272
2025-08-22  14:35:00	17.15	17.15	17.05	17.10	843	293
2025-08-22  14:30:00	17.10	17.15	17.10	17.10	445	116
2025-08-22  14:25:00	17.10	17.15	17.10	17.10	130	59
2025-08-22  14:20:00	17.13	17.15	17.10	17.10	187	68
2025-08-22  14:15:00	17.07	17.13	17.05	17.10	336	128
2025-08-22  14:10:00	17.10	17.15	17.05	17.05	378	146
2025-08-22  14:05:00	17.05	17.11	17.05	17.10	273	82
2025-08-22  14:00:00	17.10	17.10	17.05	17.05	471	158
2025-08-22  13:55:00	17.05	17.15	17.05	17.10	493	168
2025-08-22  13:50:00	17.10	17.15	17.05	17.05	219	119
2025-08-22  13:45:00	17.08	17.15	17.05	17.10	469	95
2025-08-22  13:40:00	17.10	17.10	17.05	17.08	182	76
2025-08-22  13:35:00	17.10	17.15	17.08	17.10	395	158
2025-08-22  13:30:00	17.10	17.16	17.10	17.10	601	180
2025-08-22  13:25:00	17.13	17.15	17.10	17.10	153	68
2025-08-22  13:20:00	17.10	17.15	17.10	17.10	104	40
2025-08-22  13:15:00	17.14	17.20	17.10	17.15	627	216
2025-08-22  13:10:00	17.20	17.25	17.11	17.13	545	222
2025-08-22  13:05:00	17.20	17.25	17.15	17.20	696	272
2025-08-22  13:00:00	17.30	17.30	17.20	17.20	896	294
2025-08-22  12:55:00	17.27	17.36	17.25	17.30	1237	329
2025-08-22  12:50:00	17.25	17.30	17.20	17.27	268	103
2025-08-22  12:45:00	17.22	17.27	17.20	17.27	1080	283
2025-08-22  12:40:00	17.25	17.30	17.20	17.20	523	166
2025-08-22  12:35:00	17.25	17.30	17.20	17.25	927	287
2025-08-22  12:30:00	17.28	17.30	17.25	17.25	279	106
2025-08-22  12:25:00	17.21	17.30	17.21	17.25	293	129
2025-08-22  12:20:00	17.30	17.30	17.20	17.20	265	141
2025-08-22  12:15:00	17.25	17.35	17.25	17.30	654	285
2025-08-22  12:10:00	17.25	17.25	17.20	17.25	587	194
2025-08-22  12:05:00	17.20	17.25	17.15	17.25	704	239
2025-08-22  12:00:00	17.25	17.30	17.15	17.20	825	298
2025-08-22  11:55:00	17.30	17.35	17.20	17.25	1088	312
2025-08-22  11:50:00	17.30	17.35	17.30	17.32	410	136
2025-08-22  11:45:00	17.30	17.35	17.30	17.30	421	218
2025-08-22  11:40:00	17.30	17.35	17.30	17.30	469	173
2025-08-22  11:35:00	17.34	17.35	17.29	17.30	1119	354
2025-08-22  11:30:00	17.40	17.40	17.30	17.34	714	240
2025-08-22  11:25:00	17.40	17.45	17.35	17.35	679	244
2025-08-22  11:20:00	17.40	17.40	17.35	17.40	894	333
2025-08-22  11:15:00	17.50	17.50	17.35	17.35	1085	388
2025-08-22  11:10:00	17.45	17.50	17.40	17.45	729	320
2025-08-22  11:05:00	17.45	17.50	17.40	17.45	1511	493
2025-08-22  11:00:00	17.55	17.60	17.45	17.48	1234	454
2025-08-22  10:55:00	17.55	17.60	17.55	17.55	643	258
2025-08-22  10:50:00	17.55	17.60	17.50	17.55	515	234
2025-08-22  10:45:00	17.55	17.60	17.50	17.55	1368	564
2025-08-22  10:40:00	17.60	17.65	17.53	17.55	2011	533
2025-08-22  10:35:00	17.63	17.66	17.58	17.60	1073	400
2025-08-22  10:30:00	17.65	17.70	17.55	17.60	2409	859
2025-08-22  10:25:00	17.75	17.75	17.60	17.66	1274	481
2025-08-22  10:20:00	17.76	17.80	17.65	17.70	1517	547
2025-08-22  10:15:00	17.55	17.80	17.55	17.75	2324	829
2025-08-22  10:10:00	17.63	17.70	17.55	17.60	1438	711
2025-08-22  10:05:00	17.70	17.75	17.55	17.65	2381	1062
2025-08-22  10:00:00	18.40	18.40	17.60	17.70	5606	2017
2025-08-22  09:55:00	18.45	18.50	18.40	18.40	2920	764
2025-08-22  09:50:00	18.35	18.47	18.35	18.40	810	283
2025-08-22  09:45:00	18.38	18.42	18.30	18.39	2033	644
2025-08-22  09:40:00	18.45	18.45	18.35	18.38	2214	637
2025-08-22  09:35:00	18.43	18.46	18.40	18.43	642	296
2025-08-22  09:30:00	18.45	18.50	18.36	18.45	1909	584
2025-08-22  09:26:00	18.50	18.50	18.50	18.50	77	16
2025-08-22  09:21:00	18.50	18.50	18.50	18.50	40	21
2025-08-22  09:16:00	18.50	18.50	18.45	18.48	86	26
2025-08-22  09:11:00	18.50	18.50	18.50	18.50	7	6
2025-08-22  09:06:00	18.50	18.55	18.50	18.50	47	16
2025-08-22  09:01:00	18.55	18.55	18.50	18.50	39	14
2025-08-22  08:56:00	18.50	18.55	18.50	18.55	7	4
2025-08-22  08:51:00	18.50	18.55	18.50	18.50	14	10
2025-08-22  08:46:00	18.48	18.50	18.48	18.50	61	20
2025-08-22  08:41:00	18.50	18.55	18.45	18.47	52	19
2025-08-22  08:36:00	18.50	18.53	18.48	18.48	61	32
2025-08-22  08:31:00	18.47	18.50	18.45	18.50	37	23
2025-08-22  08:26:00	18.45	18.50	18.45	18.45	38	20
2025-08-22  08:21:00	18.45	18.50	18.45	18.45	27	15
2025-08-22  08:16:00	18.55	18.55	18.45	18.45	247	90
2025-08-22  08:11:00	18.55	18.55	18.50	18.50	6	4
2025-08-22  08:06:00	18.55	18.55	18.50	18.53	11	11
2025-08-22  08:01:00	18.55	18.55	18.50	18.50	59	24
2025-08-22  07:56:00	18.50	18.55	18.50	18.55	6	5
2025-08-22  07:51:00	18.55	18.55	18.50	18.55	8	5
2025-08-22  07:46:00	18.53	18.55	18.50	18.55	91	44
2025-08-22  07:41:00	18.55	18.55	18.50	18.55	14	7
2025-08-22  07:36:00	18.55	18.55	18.50	18.55	17	10
2025-08-22  07:31:00	18.53	18.55	18.53	18.55	5	5
2025-08-22  07:26:00	18.50	18.55	18.50	18.52	42	20
2025-08-22  07:21:00	18.50	18.50	18.50	18.50	1	1
2025-08-22  07:16:00	18.50	18.50	18.48	18.50	107	40
2025-08-22  07:11:00	18.47	18.48	18.47	18.48	3	2
2025-08-22  07:06:00	18.45	18.45	18.45	18.45	47	18
2025-08-22  07:01:00	18.45	18.47	18.43	18.47	61	28
2025-08-22  06:56:00	18.45	18.46	18.45	18.45	26	18
2025-08-22  06:51:00	18.45	18.45	18.45	18.45	1	1
2025-08-22  06:46:00	18.45	18.45	18.45	18.45	7	4
2025-08-22  06:41:00	18.50	18.50	18.45	18.47	74	37
2025-08-22  06:31:00	18.50	18.50	18.46	18.50	4	4
2025-08-22  06:26:00	18.45	18.45	18.45	18.45	68	31
2025-08-22  06:21:00	18.50	18.50	18.47	18.48	15	9
2025-08-22  06:16:00	18.48	18.50	18.48	18.50	3	2
2025-08-22  06:06:00	18.45	18.45	18.45	18.45	2	1
2025-08-22  06:01:00	18.45	18.45	18.45	18.45	3	1
2025-08-22  05:46:00	18.47	18.47	18.47	18.47	1	1
2025-08-22  05:36:00	18.50	18.50	18.50	18.50	11	7
2025-08-22  05:26:00	18.50	18.50	18.48	18.48	65	36
2025-08-22  05:21:00	18.47	18.47	18.47	18.47	1	1
2025-08-22  05:06:00	18.45	18.45	18.45	18.45	20	8
2025-08-22  05:01:00	18.50	18.50	18.50	18.50	1	1
2025-08-22  04:56:00	18.48	18.50	18.48	18.48	8	8
2025-08-22  04:51:00	18.50	18.51	18.48	18.50	89	41
2025-08-22  04:41:00	18.50	18.50	18.45	18.45	72	27
2025-08-22  04:36:00	18.50	18.50	18.48	18.50	139	55
2025-08-22  04:31:00	18.51	18.51	18.51	18.51	1	1
2025-08-22  04:26:00	18.50	18.50	18.50	18.50	1	1
2025-08-22  04:21:00	18.51	18.55	18.51	18.55	32	7
2025-08-22  04:16:00	18.55	18.60	18.55	18.55	48	21
2025-08-22  04:11:00	18.55	18.60	18.55	18.60	108	47
2025-08-22  04:06:00	18.60	18.60	18.55	18.55	14	9
2025-08-22  04:01:00	18.55	18.55	18.55	18.55	4	3
2025-08-22  03:56:00	18.50	18.55	18.50	18.55	18	15
2025-08-22  03:51:00	18.55	18.55	18.51	18.54	76	40
2025-08-22  03:41:00	18.60	18.65	18.60	18.60	45	32
2025-08-22  03:36:00	18.65	18.65	18.65	18.65	1	1
2025-08-22  03:31:00	18.63	18.63	18.62	18.62	12	6
2025-08-22  03:26:00	18.65	18.66	18.63	18.65	318	40
2025-08-22  03:16:00	18.65	18.65	18.65	18.65	4	4
2025-08-22  03:11:00	18.60	18.65	18.60	18.65	67	39
2025-08-22  03:06:00	18.60	18.65	18.60	18.65	2	2
2025-08-22  03:01:00	18.65	18.70	18.62	18.65	26	17
2025-08-22  02:56:00	18.70	18.71	18.70	18.70	32	23
2025-08-22  02:51:00	18.70	18.70	18.70	18.70	18	9
2025-08-22  02:46:00	18.77	18.77	18.70	18.70	12	8
2025-08-22  02:41:00	18.77	18.85	18.77	18.80	116	64
2025-08-22  02:36:00	18.70	18.75	18.70	18.75	96	41
2025-08-22  02:31:00	18.70	18.70	18.70	18.70	1	1
2025-08-22  02:26:00	18.70	18.70	18.70	18.70	2	2
2025-08-22  02:16:00	18.70	18.70	18.70	18.70	1	1
2025-08-22  02:06:00	18.65	18.66	18.65	18.66	4	4
2025-08-22  02:01:00	18.65	18.70	18.65	18.70	13	8
2025-08-22  01:56:00	18.65	18.65	18.65	18.65	1	1
2025-08-22  01:51:00	18.65	18.65	18.65	18.65	1	1
2025-08-22  01:41:00	18.65	18.65	18.65	18.65	6	3
2025-08-22  01:36:00	18.65	18.65	18.65	18.65	12	5
2025-08-22  01:31:00	18.65	18.65	18.65	18.65	12	10
2025-08-22  01:26:00	18.70	18.70	18.70	18.70	1	1
2025-08-22  01:21:00	18.65	18.65	18.65	18.65	11	10
2025-08-22  01:16:00	18.63	18.63	18.63	18.63	1	1
2025-08-22  01:06:00	18.65	18.65	18.65	18.65	1	1
2025-08-22  01:01:00	18.60	18.60	18.60	18.60	35	5
2025-08-22  00:56:00	18.60	18.60	18.60	18.60	6	4
2025-08-22  00:51:00	18.60	18.60	18.55	18.60	4	3
2025-08-22  00:46:00	18.60	18.60	18.60	18.60	1	1
2025-08-22  00:36:00	18.60	18.60	18.60	18.60	34	6
2025-08-22  00:26:00	18.60	18.60	18.60	18.60	18	8
2025-08-22  00:21:00	18.60	18.60	18.55	18.55	10	7
2025-08-22  00:16:00	18.65	18.65	18.65	18.65	2	2
2025-08-22  00:06:00	18.60	18.60	18.57	18.60	62	24
2025-08-21  23:46:00	18.60	18.60	18.60	18.60	6	2
2025-08-21  23:41:00	18.60	18.60	18.60	18.60	1	1
2025-08-21  23:36:00	18.60	18.60	18.60	18.60	4	4
2025-08-21  23:31:00	18.65	18.65	18.60	18.65	15	7
2025-08-21  23:21:00	18.65	18.65	18.65	18.65	1	1
2025-08-21  23:16:00	18.65	18.65	18.65	18.65	1	1
2025-08-21  23:11:00	18.62	18.62	18.61	18.61	2	2
2025-08-21  23:06:00	18.62	18.62	18.62	18.62	3	1
2025-08-21  23:01:00	18.65	18.65	18.64	18.65	47	22
2025-08-21  22:56:00	18.60	18.60	18.60	18.60	15	8
2025-08-21  22:41:00	18.60	18.60	18.60	18.60	1	1
2025-08-21  22:36:00	18.55	18.55	18.55	18.55	3	1
2025-08-21  22:26:00	18.55	18.55	18.55	18.55	12	6
2025-08-21  22:06:00	18.55	18.55	18.55	18.55	17	13
2025-08-21  21:56:00	18.56	18.56	18.56	18.56	1	1
2025-08-21  21:46:00	18.55	18.60	18.55	18.60	48	31
2025-08-21  21:41:00	18.60	18.60	18.60	18.60	9	3
2025-08-21  21:36:00	18.60	18.60	18.60	18.60	9	5
2025-08-21  21:31:00	18.60	18.60	18.60	18.60	10	3
2025-08-21  21:26:00	18.60	18.60	18.60	18.60	1	1
2025-08-21  21:21:00	18.60	18.60	18.60	18.60	18	11
2025-08-21  21:16:00	18.55	18.60	18.55	18.60	29	10
2025-08-21  21:11:00	18.61	18.61	18.55	18.55	36	14
2025-08-21  21:06:00	18.60	18.60	18.60	18.60	14	10
2025-08-21  21:01:00	18.55	18.55	18.55	18.55	37	14
2025-08-21  20:56:00	18.55	18.55	18.55	18.55	49	23
2025-08-21  20:31:00	18.60	18.60	18.60	18.60	1	1
2025-08-21  20:26:00	18.55	18.55	18.55	18.55	9	8
2025-08-21  20:21:00	18.55	18.55	18.55	18.55	22	9
2025-08-21  20:16:00	18.65	18.65	18.55	18.55	86	40
2025-08-21  20:11:00	18.55	18.65	18.50	18.65	219	84
2025-08-21  20:06:00	18.55	18.55	18.50	18.50	69	33
2025-08-21  20:01:00	18.45	18.55	18.45	18.55	159	60
2025-08-21  19:56:00	18.52	18.52	18.45	18.45	349	84
2025-08-21  19:51:00	18.51	18.51	18.51	18.51	10	2
2025-08-21  19:46:00	18.53	18.53	18.53	18.53	5	2
2025-08-21  19:41:00	18.55	18.55	18.55	18.55	1	1
2025-08-21  19:36:00	18.55	18.55	18.55	18.55	38	4
2025-08-21  19:31:00	18.55	18.55	18.53	18.55	39	18
2025-08-21  19:26:00	18.50	18.50	18.50	18.50	5	2
2025-08-21  19:21:00	18.55	18.55	18.55	18.55	1	1
2025-08-21  19:16:00	18.55	18.55	18.55	18.55	6	3
2025-08-21  19:06:00	18.55	18.56	18.55	18.55	75	10
2025-08-21  18:46:00	18.55	18.55	18.55	18.55	1	1
2025-08-21  18:41:00	18.55	18.55	18.55	18.55	34	5
2025-08-21  18:36:00	18.52	18.52	18.52	18.52	3	3
2025-08-21  18:31:00	18.55	18.55	18.53	18.55	59	21
2025-08-21  18:26:00	18.55	18.55	18.55	18.55	2	2
2025-08-21  18:21:00	18.55	18.55	18.55	18.55	41	6
2025-08-21  18:16:00	18.60	18.60	18.60	18.60	1	1